path,sizeBytes,sha256,extension,lineCount,category,packageAction,decisionReason
#Uc0ac#Uc6a9#Uc790#Uc9c0#Uc2dc#Ub0b4#Uc6a9.txt,9922,258841bf395123cf42dd908a81db9e1e7a846e303b89829fbc972dcc37b79e68,.txt,93,OTHER_PROJECT_FILE,REVIEWED_EXCLUDE_OR_REPLACED,Accounted for in audit and omitted unless required by the new marketplace plugin.
#Ud558#Ub124#Uc2a4 #Ud1b5#Ud569 #Ud14c#Uc2a4#Ud2b8#U00b7#Uc6b4#Uc601 #Uc808#Ub300 #Uc6d0#Uce59.txt,10683,b886a600e5a61a6cb45222c5ee1a3d0a567224d00ac144b8e2f2a348c1b3a94b,.txt,69,OTHER_PROJECT_FILE,REVIEWED_EXCLUDE_OR_REPLACED,Accounted for in audit and omitted unless required by the new marketplace plugin.
#Ud654#Uba74 #Ucea1#Ucc98 2026-07-09 151812.png,262176,69ff2d18a164466dc3a3ecdc966664da4e53348971ee86697d5fcf80267d98f8,.png,1632,LEGACY_IMAGE,EXCLUDE,Legacy screenshots/diagrams are not required for plugin runtime and may contain project-specific material.
.agents/skills/gpt-tasteskill/SKILL.md,7857,2e64c269953f2656c21bf5a0fa6b4568e82fe0c72b36e8f84758e090349966a5,.md,74,LEGACY_DESIGN_SKILL,REPLACE,"Fixed fonts, layouts, images, or style rules are replaced with project-specific research and every-page design evidence."
.agents/skills/taste-skill/SKILL.md,87253,aa194351b246b8b4799099d4ed7b033d29eab6e6e3d58d8d2172978be7b3ec89,.md,1206,LEGACY_DESIGN_SKILL,REPLACE,"Fixed fonts, layouts, images, or style rules are replaced with project-specific research and every-page design evidence."
.logs/server-3847.err.log,151,23b127d14ad85d555e5fcd113716d571f33c95a2577f406b0950b37fd69cba95,.log,1,GENERATED_OUTPUT,EXCLUDE,"Generated outputs, experiments, and logs are not source."
.logs/server-3847.out.log,916,762929c59f3da303b1281aeab17df34a6fcd2a22d988fc66b09af6c5fd7a0015,.log,9,GENERATED_OUTPUT,EXCLUDE,"Generated outputs, experiments, and logs are not source."
.playwright-cli/chrome-popup-check/Crashpad/metadata,0,e3b0c44298fc1c149afbf4c8996fb92427ae41e4649b934ca495991b7852b855,,0,BROWSER_PROFILE,EXCLUDE_SENSITIVE,"Machine-specific browser cache/profile may contain cookies, login state, history, databases, or device identifiers."
.playwright-cli/chrome-popup-check/Crashpad/settings.dat,40,e990d4419764f7bcd918403be61decc09611b88ee5f7d94bf08fd7e5cc330b5c,.dat,2,BROWSER_PROFILE,EXCLUDE_SENSITIVE,"Machine-specific browser cache/profile may contain cookies, login state, history, databases, or device identifiers."
.playwright-cli/chrome-popup-check/CrashpadMetrics-active.pma,1048576,feababdf8dc0aad62f814941c8bf677dc36679a26b49d7ee096a7fecf1681aac,.pma,3,BROWSER_PROFILE,EXCLUDE_SENSITIVE,"Machine-specific browser cache/profile may contain cookies, login state, history, databases, or device identifiers."
.playwright-cli/chrome-popup-check/Default/Account Web Data,77824,b671fc77f2eab823e977a4d842eaa80acefcc4a7fc205a76766a96f5196e65a8,,46,BROWSER_PROFILE,EXCLUDE_SENSITIVE,"Machine-specific browser cache/profile may contain cookies, login state, history, databases, or device identifiers."
.playwright-cli/chrome-popup-check/Default/Account Web Data-journal,0,e3b0c44298fc1c149afbf4c8996fb92427ae41e4649b934ca495991b7852b855,,0,BROWSER_PROFILE,EXCLUDE_SENSITIVE,"Machine-specific browser cache/profile may contain cookies, login state, history, databases, or device identifiers."
.playwright-cli/chrome-popup-check/Default/Affiliation Database,53248,687908afd0adf027324f343db40bdaceefe64afec45a24f08286b91f2d1bb181,,21,BROWSER_PROFILE,EXCLUDE_SENSITIVE,"Machine-specific browser cache/profile may contain cookies, login state, history, databases, or device identifiers."
.playwright-cli/chrome-popup-check/Default/Affiliation Database-journal,0,e3b0c44298fc1c149afbf4c8996fb92427ae41e4649b934ca495991b7852b855,,0,BROWSER_PROFILE,EXCLUDE_SENSITIVE,"Machine-specific browser cache/profile may contain cookies, login state, history, databases, or device identifiers."
.playwright-cli/chrome-popup-check/Default/AutofillAiModelCache/LOCK,0,e3b0c44298fc1c149afbf4c8996fb92427ae41e4649b934ca495991b7852b855,,0,BROWSER_PROFILE,EXCLUDE_SENSITIVE,"Machine-specific browser cache/profile may contain cookies, login state, history, databases, or device identifiers."
.playwright-cli/chrome-popup-check/Default/AutofillAiModelCache/LOG,0,e3b0c44298fc1c149afbf4c8996fb92427ae41e4649b934ca495991b7852b855,,0,BROWSER_PROFILE,EXCLUDE_SENSITIVE,"Machine-specific browser cache/profile may contain cookies, login state, history, databases, or device identifiers."
.playwright-cli/chrome-popup-check/Default/AutofillStrikeDatabase/LOCK,0,e3b0c44298fc1c149afbf4c8996fb92427ae41e4649b934ca495991b7852b855,,0,BROWSER_PROFILE,EXCLUDE_SENSITIVE,"Machine-specific browser cache/profile may contain cookies, login state, history, databases, or device identifiers."
.playwright-cli/chrome-popup-check/Default/AutofillStrikeDatabase/LOG,0,e3b0c44298fc1c149afbf4c8996fb92427ae41e4649b934ca495991b7852b855,,0,BROWSER_PROFILE,EXCLUDE_SENSITIVE,"Machine-specific browser cache/profile may contain cookies, login state, history, databases, or device identifiers."
.playwright-cli/chrome-popup-check/Default/BookmarkMergedSurfaceOrdering,6,4489f9e3e454748b3521eb214e0a5694d562cff3d9ff511cb456953c8f534c00,,2,BROWSER_PROFILE,EXCLUDE_SENSITIVE,"Machine-specific browser cache/profile may contain cookies, login state, history, databases, or device identifiers."
.playwright-cli/chrome-popup-check/Default/BrowsingTopicsSiteData,28672,71a956cf71030a295cc2e0ee4694be069de8739d39150dee5ce685eff32f75b7,,10,BROWSER_PROFILE,EXCLUDE_SENSITIVE,"Machine-specific browser cache/profile may contain cookies, login state, history, databases, or device identifiers."
.playwright-cli/chrome-popup-check/Default/BrowsingTopicsSiteData-journal,0,e3b0c44298fc1c149afbf4c8996fb92427ae41e4649b934ca495991b7852b855,,0,BROWSER_PROFILE,EXCLUDE_SENSITIVE,"Machine-specific browser cache/profile may contain cookies, login state, history, databases, or device identifiers."
.playwright-cli/chrome-popup-check/Default/BrowsingTopicsState,414,35ffc354096332fd7fc24bc6069e1c554c750d720e8a5f8d96d3bada636d4ce9,,12,BROWSER_PROFILE,EXCLUDE_SENSITIVE,"Machine-specific browser cache/profile may contain cookies, login state, history, databases, or device identifiers."
.playwright-cli/chrome-popup-check/Default/BudgetDatabase/LOCK,0,e3b0c44298fc1c149afbf4c8996fb92427ae41e4649b934ca495991b7852b855,,0,BROWSER_PROFILE,EXCLUDE_SENSITIVE,"Machine-specific browser cache/profile may contain cookies, login state, history, databases, or device identifiers."
.playwright-cli/chrome-popup-check/Default/BudgetDatabase/LOG,0,e3b0c44298fc1c149afbf4c8996fb92427ae41e4649b934ca495991b7852b855,,0,BROWSER_PROFILE,EXCLUDE_SENSITIVE,"Machine-specific browser cache/profile may contain cookies, login state, history, databases, or device identifiers."
.playwright-cli/chrome-popup-check/Default/Cache/Cache_Data/data_0,45056,79d64aca2c19ddb7e8fb5b09c3f01afe625cd16289075786f24341a6a314b6ca,,10,BROWSER_PROFILE,EXCLUDE_SENSITIVE,"Machine-specific browser cache/profile may contain cookies, login state, history, databases, or device identifiers."
.playwright-cli/chrome-popup-check/Default/Cache/Cache_Data/data_1,270336,a86d5308f1427572a3d41a0ed542633b4f3dbd72ec2ba96d2cb95eaddbff1108,,27,BROWSER_PROFILE,EXCLUDE_SENSITIVE,"Machine-specific browser cache/profile may contain cookies, login state, history, databases, or device identifiers."
.playwright-cli/chrome-popup-check/Default/Cache/Cache_Data/data_2,1056768,90ca1a0131f3ca3eb6ed5193bd2845af42e9d149b6a14a70e5d091b462fab3e1,,910,BROWSER_PROFILE,EXCLUDE_SENSITIVE,"Machine-specific browser cache/profile may contain cookies, login state, history, databases, or device identifiers."
.playwright-cli/chrome-popup-check/Default/Cache/Cache_Data/data_3,4202496,77d669539293a6acbff84e48108243a4961cfb2ac4105b31a19988917fc74cb2,,6477,BROWSER_PROFILE,EXCLUDE_SENSITIVE,"Machine-specific browser cache/profile may contain cookies, login state, history, databases, or device identifiers."
.playwright-cli/chrome-popup-check/Default/Cache/Cache_Data/f_000001,34478,70ee5cb9173aab44a887de50c9b14fafb9533e006bb8378752442e5c63ae93f2,,960,BROWSER_PROFILE,EXCLUDE_SENSITIVE,"Machine-specific browser cache/profile may contain cookies, login state, history, databases, or device identifiers."
.playwright-cli/chrome-popup-check/Default/Cache/Cache_Data/f_000002,451968,a075b01d9b015c616511a9e87da77da3d9881621db32f584e4606ddabf1c1100,,1217,BROWSER_PROFILE,EXCLUDE_SENSITIVE,"Machine-specific browser cache/profile may contain cookies, login state, history, databases, or device identifiers."
.playwright-cli/chrome-popup-check/Default/Cache/Cache_Data/f_000003,11476456,75b5e033a0d6e1bba1e7ce6aad6f723d84128cda7f2048339c8c498f049f49bc,,,BROWSER_PROFILE,EXCLUDE_SENSITIVE,"Machine-specific browser cache/profile may contain cookies, login state, history, databases, or device identifiers."
.playwright-cli/chrome-popup-check/Default/Cache/Cache_Data/f_000004,21876,881f57a64c67d6c6e21f9780bfa41415bda0c6863516d41ef237a94140ac3ad8,,470,BROWSER_PROFILE,EXCLUDE_SENSITIVE,"Machine-specific browser cache/profile may contain cookies, login state, history, databases, or device identifiers."
.playwright-cli/chrome-popup-check/Default/Cache/Cache_Data/f_000005,48256,3100e775e8616cd2611beecfa23a4263d7037586789b43f035236a2e6fbd4c62,,366,BROWSER_PROFILE,EXCLUDE_SENSITIVE,"Machine-specific browser cache/profile may contain cookies, login state, history, databases, or device identifiers."
.playwright-cli/chrome-popup-check/Default/Cache/Cache_Data/f_000006,34533,9e20217ee3ba8a8e1edc0f5936ca4d5f17763ad33f9dc5b63536a75a6d5907e2,,275,BROWSER_PROFILE,EXCLUDE_SENSITIVE,"Machine-specific browser cache/profile may contain cookies, login state, history, databases, or device identifiers."
.playwright-cli/chrome-popup-check/Default/Cache/Cache_Data/index,524656,2dd8212aa9fac78f8c018591643a46072acd342d27d7a3db43d87abfdbbe51e1,,3,BROWSER_PROFILE,EXCLUDE_SENSITIVE,"Machine-specific browser cache/profile may contain cookies, login state, history, databases, or device identifiers."
.playwright-cli/chrome-popup-check/Default/Cache/No_Vary_Search/journal.baj,4,9c169428d852e25bd59b27652ed533d2a1f09f96e4c329fa5e06f47e16731543,.baj,1,BROWSER_PROFILE,EXCLUDE_SENSITIVE,"Machine-specific browser cache/profile may contain cookies, login state, history, databases, or device identifiers."
.playwright-cli/chrome-popup-check/Default/Cache/No_Vary_Search/snapshot.baf,20,0c2dd377ed0cc66161e9db8f89f7d8bcb3ad8c06c4a054bdcba214ab05f58c9a,.baf,1,BROWSER_PROFILE,EXCLUDE_SENSITIVE,"Machine-specific browser cache/profile may contain cookies, login state, history, databases, or device identifiers."
.playwright-cli/chrome-popup-check/Default/chrome_cart_db/LOCK,0,e3b0c44298fc1c149afbf4c8996fb92427ae41e4649b934ca495991b7852b855,,0,BROWSER_PROFILE,EXCLUDE_SENSITIVE,"Machine-specific browser cache/profile may contain cookies, login state, history, databases, or device identifiers."
.playwright-cli/chrome-popup-check/Default/chrome_cart_db/LOG,0,e3b0c44298fc1c149afbf4c8996fb92427ae41e4649b934ca495991b7852b855,,0,BROWSER_PROFILE,EXCLUDE_SENSITIVE,"Machine-specific browser cache/profile may contain cookies, login state, history, databases, or device identifiers."
.playwright-cli/chrome-popup-check/Default/ClientCertificates/LOCK,0,e3b0c44298fc1c149afbf4c8996fb92427ae41e4649b934ca495991b7852b855,,0,BROWSER_PROFILE,EXCLUDE_SENSITIVE,"Machine-specific browser cache/profile may contain cookies, login state, history, databases, or device identifiers."
.playwright-cli/chrome-popup-check/Default/ClientCertificates/LOG,0,e3b0c44298fc1c149afbf4c8996fb92427ae41e4649b934ca495991b7852b855,,0,BROWSER_PROFILE,EXCLUDE_SENSITIVE,"Machine-specific browser cache/profile may contain cookies, login state, history, databases, or device identifiers."
.playwright-cli/chrome-popup-check/Default/Code Cache/js/030783c655245461_0,201,b3afbeed80c15919bd981e636ce284cd040ef18252fab7ee3b3f45af8bfcc8f9,,4,BROWSER_PROFILE,EXCLUDE_SENSITIVE,"Machine-specific browser cache/profile may contain cookies, login state, history, databases, or device identifiers."
.playwright-cli/chrome-popup-check/Default/Code Cache/js/0aedaf04b4eed9fc_0,207,5113a4d23690079c52c34f0ed8080263c681a326ee286efbf5b08463424fe265,,5,BROWSER_PROFILE,EXCLUDE_SENSITIVE,"Machine-specific browser cache/profile may contain cookies, login state, history, databases, or device identifiers."
.playwright-cli/chrome-popup-check/Default/Code Cache/js/0b4d5b91a58ea61d_0,205,d5688f3c88761c036e71ff9f867827c9e7e511ab7fcf75b5675649a915705cb7,,4,BROWSER_PROFILE,EXCLUDE_SENSITIVE,"Machine-specific browser cache/profile may contain cookies, login state, history, databases, or device identifiers."
.playwright-cli/chrome-popup-check/Default/Code Cache/js/31430333890d7539_0,202,a2a2cf316acffb686b8d9ff4a21050453179a873b8fb5691f93f076521d9da0c,,4,BROWSER_PROFILE,EXCLUDE_SENSITIVE,"Machine-specific browser cache/profile may contain cookies, login state, history, databases, or device identifiers."
.playwright-cli/chrome-popup-check/Default/Code Cache/js/449705431167d608_0,204,1818f70c6258c897320eb951eac716ad987a8bbd09d86bf3766a0c036382d759,,4,BROWSER_PROFILE,EXCLUDE_SENSITIVE,"Machine-specific browser cache/profile may contain cookies, login state, history, databases, or device identifiers."
.playwright-cli/chrome-popup-check/Default/Code Cache/js/576df09e0c0fd866_0,537,021ba69538eb96d87dbf4e560bba66a1ef80992587f68e5289caacfd7706aa0d,,9,BROWSER_PROFILE,EXCLUDE_SENSITIVE,"Machine-specific browser cache/profile may contain cookies, login state, history, databases, or device identifiers."
.playwright-cli/chrome-popup-check/Default/Code Cache/js/59b85cf2fcff6660_0,204,3a0ed7cdbac3ea111e42cec0b5a6b0aab35cffd72e16587669888254720df7da,,4,BROWSER_PROFILE,EXCLUDE_SENSITIVE,"Machine-specific browser cache/profile may contain cookies, login state, history, databases, or device identifiers."
.playwright-cli/chrome-popup-check/Default/Code Cache/js/669e50019ead7ed8_0,205,8031bba8fd522a6cb9d407ebb53b867c95d3fbd13d92e029dbfe73aa8631b823,,4,BROWSER_PROFILE,EXCLUDE_SENSITIVE,"Machine-specific browser cache/profile may contain cookies, login state, history, databases, or device identifiers."
.playwright-cli/chrome-popup-check/Default/Code Cache/js/6b027ceb922f0e07_0,203,291be91b2b23206b875834983fb2209fdfd6b3e6c937dbdaf997c713b88ef3d3,,4,BROWSER_PROFILE,EXCLUDE_SENSITIVE,"Machine-specific browser cache/profile may contain cookies, login state, history, databases, or device identifiers."
.playwright-cli/chrome-popup-check/Default/Code Cache/js/6b51feb40b22c982_0,206,291db16e9c85d2546b948ae99133d2c5a469f63a2e6ad2e12cc67fb8c29fe397,,4,BROWSER_PROFILE,EXCLUDE_SENSITIVE,"Machine-specific browser cache/profile may contain cookies, login state, history, databases, or device identifiers."
.playwright-cli/chrome-popup-check/Default/Code Cache/js/75fbc82492b8e892_0,201,a4b74d29e0ac633f5e10693fb527d2d729eb1369112f80fa70a92bc141226250,,4,BROWSER_PROFILE,EXCLUDE_SENSITIVE,"Machine-specific browser cache/profile may contain cookies, login state, history, databases, or device identifiers."
.playwright-cli/chrome-popup-check/Default/Code Cache/js/77e8c3810d9e50aa_0,212,31c39535ce578311f01035071b5345f5d112b287802e0b42b4c73c689c8927cc,,4,BROWSER_PROFILE,EXCLUDE_SENSITIVE,"Machine-specific browser cache/profile may contain cookies, login state, history, databases, or device identifiers."
.playwright-cli/chrome-popup-check/Default/Code Cache/js/8bd4260a9183141a_0,210,4274aa3275ef0ce05b8212e3afbbe1ba83acfcdd368e974a908a7f4818ce39e8,,5,BROWSER_PROFILE,EXCLUDE_SENSITIVE,"Machine-specific browser cache/profile may contain cookies, login state, history, databases, or device identifiers."
.playwright-cli/chrome-popup-check/Default/Code Cache/js/9a2aef3444d54a53_0,195,a77989eb9d2c3930a2ab7b25c09740595b4e495bed695012f9bcea7e5d87b4f7,,4,BROWSER_PROFILE,EXCLUDE_SENSITIVE,"Machine-specific browser cache/profile may contain cookies, login state, history, databases, or device identifiers."
.playwright-cli/chrome-popup-check/Default/Code Cache/js/b20b90594baf1362_0,206,5245a1c8f071145e73e068f5e85e9990c6fcd59ffb68ec95703782fccb5792d2,,4,BROWSER_PROFILE,EXCLUDE_SENSITIVE,"Machine-specific browser cache/profile may contain cookies, login state, history, databases, or device identifiers."
.playwright-cli/chrome-popup-check/Default/Code Cache/js/ba678a2fbd8c358c_0,298,990dc5918f3ce03cc5489a247a46196bc80b1cca988d6409d2097271763afcb2,,5,BROWSER_PROFILE,EXCLUDE_SENSITIVE,"Machine-specific browser cache/profile may contain cookies, login state, history, databases, or device identifiers."
.playwright-cli/chrome-popup-check/Default/Code Cache/js/e3550d0bb9162fcb_0,203,ad6d68f99fe5e5aa5536aa6037c33f93d0eeabcd2771f142d84532045036323a,,4,BROWSER_PROFILE,EXCLUDE_SENSITIVE,"Machine-specific browser cache/profile may contain cookies, login state, history, databases, or device identifiers."
.playwright-cli/chrome-popup-check/Default/Code Cache/js/index,24,fbcfe23a2ecb82b7100c50811691dde0a33aa3da8d176be9882a9db485dc0f2d,,1,BROWSER_PROFILE,EXCLUDE_SENSITIVE,"Machine-specific browser cache/profile may contain cookies, login state, history, databases, or device identifiers."
.playwright-cli/chrome-popup-check/Default/Code Cache/js/index-dir/the-real-index,48,0429a8d27bf65bfa36f9377ea9bccc2c4f1809b20400684db3e2617d683b36eb,,1,BROWSER_PROFILE,EXCLUDE_SENSITIVE,"Machine-specific browser cache/profile may contain cookies, login state, history, databases, or device identifiers."
.playwright-cli/chrome-popup-check/Default/Code Cache/wasm/index,24,fbcfe23a2ecb82b7100c50811691dde0a33aa3da8d176be9882a9db485dc0f2d,,1,BROWSER_PROFILE,EXCLUDE_SENSITIVE,"Machine-specific browser cache/profile may contain cookies, login state, history, databases, or device identifiers."
.playwright-cli/chrome-popup-check/Default/Code Cache/wasm/index-dir/the-real-index,48,6b199284a7dc021bd772fd6c7db3e2aaebf24780d68542d08a4c0c48daa01b13,,1,BROWSER_PROFILE,EXCLUDE_SENSITIVE,"Machine-specific browser cache/profile may contain cookies, login state, history, databases, or device identifiers."
.playwright-cli/chrome-popup-check/Default/commerce_subscription_db/LOCK,0,e3b0c44298fc1c149afbf4c8996fb92427ae41e4649b934ca495991b7852b855,,0,BROWSER_PROFILE,EXCLUDE_SENSITIVE,"Machine-specific browser cache/profile may contain cookies, login state, history, databases, or device identifiers."
.playwright-cli/chrome-popup-check/Default/commerce_subscription_db/LOG,0,e3b0c44298fc1c149afbf4c8996fb92427ae41e4649b934ca495991b7852b855,,0,BROWSER_PROFILE,EXCLUDE_SENSITIVE,"Machine-specific browser cache/profile may contain cookies, login state, history, databases, or device identifiers."
.playwright-cli/chrome-popup-check/Default/DawnGraphiteCache/data_0,8192,d6a5fe39cd672781b256e0e3102f7022635f1d4bb7cfcc90a80fffe4d0f3877e,,1,BROWSER_PROFILE,EXCLUDE_SENSITIVE,"Machine-specific browser cache/profile may contain cookies, login state, history, databases, or device identifiers."
.playwright-cli/chrome-popup-check/Default/DawnGraphiteCache/data_1,270336,902f30c1fb0597d0734bc34b979ec5d131f8f39a4b71b338083821216ec8d61b,,1,BROWSER_PROFILE,EXCLUDE_SENSITIVE,"Machine-specific browser cache/profile may contain cookies, login state, history, databases, or device identifiers."
.playwright-cli/chrome-popup-check/Default/DawnGraphiteCache/data_2,8192,ec1702806f4cc7c42a82fc2b38e89835fde7c64bb32060e0823c9077ca92efb7,,1,BROWSER_PROFILE,EXCLUDE_SENSITIVE,"Machine-specific browser cache/profile may contain cookies, login state, history, databases, or device identifiers."
.playwright-cli/chrome-popup-check/Default/DawnGraphiteCache/data_3,8192,e09f42c398d688dce168570291f1f92d079987deda3099a34adb9e8c0522b30c,,1,BROWSER_PROFILE,EXCLUDE_SENSITIVE,"Machine-specific browser cache/profile may contain cookies, login state, history, databases, or device identifiers."
.playwright-cli/chrome-popup-check/Default/DawnGraphiteCache/index,262512,9207d3a98c04abe9dacca7c59169a66328d374313a2e8637f15c4b8177288b6c,,1,BROWSER_PROFILE,EXCLUDE_SENSITIVE,"Machine-specific browser cache/profile may contain cookies, login state, history, databases, or device identifiers."
.playwright-cli/chrome-popup-check/Default/DawnWebGPUCache/data_0,8192,d6a5fe39cd672781b256e0e3102f7022635f1d4bb7cfcc90a80fffe4d0f3877e,,1,BROWSER_PROFILE,EXCLUDE_SENSITIVE,"Machine-specific browser cache/profile may contain cookies, login state, history, databases, or device identifiers."
.playwright-cli/chrome-popup-check/Default/DawnWebGPUCache/data_1,270336,902f30c1fb0597d0734bc34b979ec5d131f8f39a4b71b338083821216ec8d61b,,1,BROWSER_PROFILE,EXCLUDE_SENSITIVE,"Machine-specific browser cache/profile may contain cookies, login state, history, databases, or device identifiers."
.playwright-cli/chrome-popup-check/Default/DawnWebGPUCache/data_2,8192,ec1702806f4cc7c42a82fc2b38e89835fde7c64bb32060e0823c9077ca92efb7,,1,BROWSER_PROFILE,EXCLUDE_SENSITIVE,"Machine-specific browser cache/profile may contain cookies, login state, history, databases, or device identifiers."
.playwright-cli/chrome-popup-check/Default/DawnWebGPUCache/data_3,8192,e09f42c398d688dce168570291f1f92d079987deda3099a34adb9e8c0522b30c,,1,BROWSER_PROFILE,EXCLUDE_SENSITIVE,"Machine-specific browser cache/profile may contain cookies, login state, history, databases, or device identifiers."
.playwright-cli/chrome-popup-check/Default/DawnWebGPUCache/index,262512,7df70583b62b293252e2a9b167c1713697902055881ea1595503c541e3ad58fe,,1,BROWSER_PROFILE,EXCLUDE_SENSITIVE,"Machine-specific browser cache/profile may contain cookies, login state, history, databases, or device identifiers."
.playwright-cli/chrome-popup-check/Default/DIPS,4096,0ab48b25cba617ed3a4acca0161813b314c095ef63544bb4af60769eb1012977,,2,BROWSER_PROFILE,EXCLUDE_SENSITIVE,"Machine-specific browser cache/profile may contain cookies, login state, history, databases, or device identifiers."
.playwright-cli/chrome-popup-check/Default/DIPS-wal,45352,813c4c19bacf0ddd903f5a0ad8db2b51ea9816444cf556c168e00962abbae7d7,,14,BROWSER_PROFILE,EXCLUDE_SENSITIVE,"Machine-specific browser cache/profile may contain cookies, login state, history, databases, or device identifiers."
.playwright-cli/chrome-popup-check/Default/discount_infos_db/LOCK,0,e3b0c44298fc1c149afbf4c8996fb92427ae41e4649b934ca495991b7852b855,,0,BROWSER_PROFILE,EXCLUDE_SENSITIVE,"Machine-specific browser cache/profile may contain cookies, login state, history, databases, or device identifiers."
.playwright-cli/chrome-popup-check/Default/discount_infos_db/LOG,0,e3b0c44298fc1c149afbf4c8996fb92427ae41e4649b934ca495991b7852b855,,0,BROWSER_PROFILE,EXCLUDE_SENSITIVE,"Machine-specific browser cache/profile may contain cookies, login state, history, databases, or device identifiers."
.playwright-cli/chrome-popup-check/Default/discounts_db/LOCK,0,e3b0c44298fc1c149afbf4c8996fb92427ae41e4649b934ca495991b7852b855,,0,BROWSER_PROFILE,EXCLUDE_SENSITIVE,"Machine-specific browser cache/profile may contain cookies, login state, history, databases, or device identifiers."
.playwright-cli/chrome-popup-check/Default/discounts_db/LOG,0,e3b0c44298fc1c149afbf4c8996fb92427ae41e4649b934ca495991b7852b855,,0,BROWSER_PROFILE,EXCLUDE_SENSITIVE,"Machine-specific browser cache/profile may contain cookies, login state, history, databases, or device identifiers."
.playwright-cli/chrome-popup-check/Default/engine_allowlist.bf,360,63e82eb5c06b4c0057d99777bb9b9b8967a5629d20bf795a24448d79c24be281,.bf,10,BROWSER_PROFILE,EXCLUDE_SENSITIVE,"Machine-specific browser cache/profile may contain cookies, login state, history, databases, or device identifiers."
.playwright-cli/chrome-popup-check/Default/Extension Rules/000003.log,76,cc5dacf370f324b77b50dddf5d995fd3c7b7a587cb2f55ac9f24c929d0cd531a,.log,1,BROWSER_PROFILE,EXCLUDE_SENSITIVE,"Machine-specific browser cache/profile may contain cookies, login state, history, databases, or device identifiers."
.playwright-cli/chrome-popup-check/Default/Extension Rules/CURRENT,16,0f1bad70c7bd1e0a69562853ec529355462fcd0423263a3d39d6d0d70b780443,,1,BROWSER_PROFILE,EXCLUDE_SENSITIVE,"Machine-specific browser cache/profile may contain cookies, login state, history, databases, or device identifiers."
.playwright-cli/chrome-popup-check/Default/Extension Rules/LOCK,0,e3b0c44298fc1c149afbf4c8996fb92427ae41e4649b934ca495991b7852b855,,0,BROWSER_PROFILE,EXCLUDE_SENSITIVE,"Machine-specific browser cache/profile may contain cookies, login state, history, databases, or device identifiers."
.playwright-cli/chrome-popup-check/Default/Extension Rules/LOG,287,aae886bf13eb2f9af5509a7a8ff3991b3efa854526f97c6ae3a5c6921e7bf5e2,,2,BROWSER_PROFILE,EXCLUDE_SENSITIVE,"Machine-specific browser cache/profile may contain cookies, login state, history, databases, or device identifiers."
.playwright-cli/chrome-popup-check/Default/Extension Rules/MANIFEST-000001,41,f9d31b278e215eb0d0e9cd709edfa037e828f36214ab7906f612160fead4b2b4,,1,BROWSER_PROFILE,EXCLUDE_SENSITIVE,"Machine-specific browser cache/profile may contain cookies, login state, history, databases, or device identifiers."
.playwright-cli/chrome-popup-check/Default/Extension Scripts/000003.log,76,cc5dacf370f324b77b50dddf5d995fd3c7b7a587cb2f55ac9f24c929d0cd531a,.log,1,BROWSER_PROFILE,EXCLUDE_SENSITIVE,"Machine-specific browser cache/profile may contain cookies, login state, history, databases, or device identifiers."
.playwright-cli/chrome-popup-check/Default/Extension Scripts/CURRENT,16,0f1bad70c7bd1e0a69562853ec529355462fcd0423263a3d39d6d0d70b780443,,1,BROWSER_PROFILE,EXCLUDE_SENSITIVE,"Machine-specific browser cache/profile may contain cookies, login state, history, databases, or device identifiers."
.playwright-cli/chrome-popup-check/Default/Extension Scripts/LOCK,0,e3b0c44298fc1c149afbf4c8996fb92427ae41e4649b934ca495991b7852b855,,0,BROWSER_PROFILE,EXCLUDE_SENSITIVE,"Machine-specific browser cache/profile may contain cookies, login state, history, databases, or device identifiers."
.playwright-cli/chrome-popup-check/Default/Extension Scripts/LOG,291,912028a57504bc5d9867067ee4442965212b3b3cdf6f7dd84b48d4be2aafe2a6,,2,BROWSER_PROFILE,EXCLUDE_SENSITIVE,"Machine-specific browser cache/profile may contain cookies, login state, history, databases, or device identifiers."
.playwright-cli/chrome-popup-check/Default/Extension Scripts/MANIFEST-000001,41,f9d31b278e215eb0d0e9cd709edfa037e828f36214ab7906f612160fead4b2b4,,1,BROWSER_PROFILE,EXCLUDE_SENSITIVE,"Machine-specific browser cache/profile may contain cookies, login state, history, databases, or device identifiers."
.playwright-cli/chrome-popup-check/Default/Extension State/000003.log,228,48d535bb330519c00d150578734c6cecb056c4b5cdd2a45c70590bc896d27d9f,.log,1,BROWSER_PROFILE,EXCLUDE_SENSITIVE,"Machine-specific browser cache/profile may contain cookies, login state, history, databases, or device identifiers."
.playwright-cli/chrome-popup-check/Default/Extension State/CURRENT,16,0f1bad70c7bd1e0a69562853ec529355462fcd0423263a3d39d6d0d70b780443,,1,BROWSER_PROFILE,EXCLUDE_SENSITIVE,"Machine-specific browser cache/profile may contain cookies, login state, history, databases, or device identifiers."
.playwright-cli/chrome-popup-check/Default/Extension State/LOCK,0,e3b0c44298fc1c149afbf4c8996fb92427ae41e4649b934ca495991b7852b855,,0,BROWSER_PROFILE,EXCLUDE_SENSITIVE,"Machine-specific browser cache/profile may contain cookies, login state, history, databases, or device identifiers."
.playwright-cli/chrome-popup-check/Default/Extension State/LOG,285,b1015075d414d01e895067290f543cb736e2def238a1dddd3132d58f2e3dd480,,2,BROWSER_PROFILE,EXCLUDE_SENSITIVE,"Machine-specific browser cache/profile may contain cookies, login state, history, databases, or device identifiers."
.playwright-cli/chrome-popup-check/Default/Extension State/MANIFEST-000001,41,f9d31b278e215eb0d0e9cd709edfa037e828f36214ab7906f612160fead4b2b4,,1,BROWSER_PROFILE,EXCLUDE_SENSITIVE,"Machine-specific browser cache/profile may contain cookies, login state, history, databases, or device identifiers."
.playwright-cli/chrome-popup-check/Default/Extensions/ghbmnnjooekpmoecnnnilnnbdlolhkhi/1.107.1_0/128.png,5069,2576b1798cd3fa5745897dbe8f1ab12eaf12110827d290b44c6fc0396ba3bba2,.png,52,BROWSER_PROFILE,EXCLUDE_SENSITIVE,"Machine-specific browser cache/profile may contain cookies, login state, history, databases, or device identifiers."
.playwright-cli/chrome-popup-check/Default/Extensions/ghbmnnjooekpmoecnnnilnnbdlolhkhi/1.107.1_0/_locales/af/messages.json,908,b40bde5b612cfff936370b32fb0c58cc205fc89937729504c6c0b527b60e2cba,.json,23,BROWSER_PROFILE,EXCLUDE_SENSITIVE,"Machine-specific browser cache/profile may contain cookies, login state, history, databases, or device identifiers."
.playwright-cli/chrome-popup-check/Default/Extensions/ghbmnnjooekpmoecnnnilnnbdlolhkhi/1.107.1_0/_locales/am/messages.json,1285,3d0361a85adfcd35d0de74135723a75b646965e775188f7dcdd35e3e42db788e,.json,23,BROWSER_PROFILE,EXCLUDE_SENSITIVE,"Machine-specific browser cache/profile may contain cookies, login state, history, databases, or device identifiers."
.playwright-cli/chrome-popup-check/Default/Extensions/ghbmnnjooekpmoecnnnilnnbdlolhkhi/1.107.1_0/_locales/ar/messages.json,1244,abd0919121956ab535e6a235de67764f46cfc944071fcf2302148f5fb0e8c65a,.json,23,BROWSER_PROFILE,EXCLUDE_SENSITIVE,"Machine-specific browser cache/profile may contain cookies, login state, history, databases, or device identifiers."
.playwright-cli/chrome-popup-check/Default/Extensions/ghbmnnjooekpmoecnnnilnnbdlolhkhi/1.107.1_0/_locales/as/messages.json,2847,01b549ef285c94b31891997c7d5728bee7b56040f8847f279fc46e5cc262c4e3,.json,1,BROWSER_PROFILE,EXCLUDE_SENSITIVE,"Machine-specific browser cache/profile may contain cookies, login state, history, databases, or device identifiers."
.playwright-cli/chrome-popup-check/Default/Extensions/ghbmnnjooekpmoecnnnilnnbdlolhkhi/1.107.1_0/_locales/az/messages.json,977,628145f4281fa825d75f1e332998904466abd050e8b0dc8bb9b6a20488d78a66,.json,23,BROWSER_PROFILE,EXCLUDE_SENSITIVE,"Machine-specific browser cache/profile may contain cookies, login state, history, databases, or device identifiers."
.playwright-cli/chrome-popup-check/Default/Extensions/ghbmnnjooekpmoecnnnilnnbdlolhkhi/1.107.1_0/_locales/be/messages.json,3107,ddf16859a15f3eb3334d6241975ca3988ac3eafc3d96452ac3a4afd3644c8550,.json,1,BROWSER_PROFILE,EXCLUDE_SENSITIVE,"Machine-specific browser cache/profile may contain cookies, login state, history, databases, or device identifiers."
.playwright-cli/chrome-popup-check/Default/Extensions/ghbmnnjooekpmoecnnnilnnbdlolhkhi/1.107.1_0/_locales/bg/messages.json,1389,ac4a8b5b7c0b0dd1c07910f30dcfbdf1bcb701cfcfd182b6153fd3911d566c0e,.json,23,BROWSER_PROFILE,EXCLUDE_SENSITIVE,"Machine-specific browser cache/profile may contain cookies, login state, history, databases, or device identifiers."
.playwright-cli/chrome-popup-check/Default/Extensions/ghbmnnjooekpmoecnnnilnnbdlolhkhi/1.107.1_0/_locales/bn/messages.json,1763,1dbf38e425c5c7fc39e8077a837df0443692463ba1fbe94e288ab5a93242c46e,.json,23,BROWSER_PROFILE,EXCLUDE_SENSITIVE,"Machine-specific browser cache/profile may contain cookies, login state, history, databases, or device identifiers."
.playwright-cli/chrome-popup-check/Default/Extensions/ghbmnnjooekpmoecnnnilnnbdlolhkhi/1.107.1_0/_locales/ca/messages.json,930,d6e65238187a430ff29d4c10cf1c46b3f0fa4b91a5900a17c5dfd16e67ffc9bd,.json,23,BROWSER_PROFILE,EXCLUDE_SENSITIVE,"Machine-specific browser cache/profile may contain cookies, login state, history, databases, or device identifiers."
.playwright-cli/chrome-popup-check/Default/Extensions/ghbmnnjooekpmoecnnnilnnbdlolhkhi/1.107.1_0/_locales/cs/messages.json,913,21ae66ce537095408d21670585ad12599b0f575ff2cb3ee34e3a48f8cc71cfab,.json,23,BROWSER_PROFILE,EXCLUDE_SENSITIVE,"Machine-specific browser cache/profile may contain cookies, login state, history, databases, or device identifiers."
.playwright-cli/chrome-popup-check/Default/Extensions/ghbmnnjooekpmoecnnnilnnbdlolhkhi/1.107.1_0/_locales/cy/messages.json,806,a482663292a913b02a9cde4635c7c92270bf3c8726fd274475dc2c490019a7c9,.json,1,BROWSER_PROFILE,EXCLUDE_SENSITIVE,"Machine-specific browser cache/profile may contain cookies, login state, history, databases, or device identifiers."
.playwright-cli/chrome-popup-check/Default/Extensions/ghbmnnjooekpmoecnnnilnnbdlolhkhi/1.107.1_0/_locales/da/messages.json,883,48847d57c75af51a44cbf8f7ef1a4496c2007e58ed56d340724fda1604ff9195,.json,23,BROWSER_PROFILE,EXCLUDE_SENSITIVE,"Machine-specific browser cache/profile may contain cookies, login state, history, databases, or device identifiers."
.playwright-cli/chrome-popup-check/Default/Extensions/ghbmnnjooekpmoecnnnilnnbdlolhkhi/1.107.1_0/_locales/de/messages.json,1031,36ac525fa6e28f18572d71d75293970e0e1ead68f358c20da4fdc643eea2c1c5,.json,23,BROWSER_PROFILE,EXCLUDE_SENSITIVE,"Machine-specific browser cache/profile may contain cookies, login state, history, databases, or device identifiers."
.playwright-cli/chrome-popup-check/Default/Extensions/ghbmnnjooekpmoecnnnilnnbdlolhkhi/1.107.1_0/_locales/el/messages.json,1613,37ca6ab271d6e7c9b00b846fdb969811c9ce7864a85b5714027050795ea24f00,.json,23,BROWSER_PROFILE,EXCLUDE_SENSITIVE,"Machine-specific browser cache/profile may contain cookies, login state, history, databases, or device identifiers."
.playwright-cli/chrome-popup-check/Default/Extensions/ghbmnnjooekpmoecnnnilnnbdlolhkhi/1.107.1_0/_locales/en/messages.json,851,6895648577286002f1dc9c3366f558484eb7020d52bbf64a296406e61d09599c,.json,23,BROWSER_PROFILE,EXCLUDE_SENSITIVE,"Machine-specific browser cache/profile may contain cookies, login state, history, databases, or device identifiers."
.playwright-cli/chrome-popup-check/Default/Extensions/ghbmnnjooekpmoecnnnilnnbdlolhkhi/1.107.1_0/_locales/en_CA/messages.json,851,6895648577286002f1dc9c3366f558484eb7020d52bbf64a296406e61d09599c,.json,23,BROWSER_PROFILE,EXCLUDE_SENSITIVE,"Machine-specific browser cache/profile may contain cookies, login state, history, databases, or device identifiers."
.playwright-cli/chrome-popup-check/Default/Extensions/ghbmnnjooekpmoecnnnilnnbdlolhkhi/1.107.1_0/_locales/en_GB/messages.json,848,ab5cda04013dce0195e80af714fbf3a67675283768ffd062cf3cf16edb49f5d4,.json,23,BROWSER_PROFILE,EXCLUDE_SENSITIVE,"Machine-specific browser cache/profile may contain cookies, login state, history, databases, or device identifiers."
.playwright-cli/chrome-popup-check/Default/Extensions/ghbmnnjooekpmoecnnnilnnbdlolhkhi/1.107.1_0/_locales/en_US/messages.json,1425,102b586b197ea7d6edfeb874b97f95b05d229ea6a92780ea8544c4ff1e6bc5b1,.json,30,BROWSER_PROFILE,EXCLUDE_SENSITIVE,"Machine-specific browser cache/profile may contain cookies, login state, history, databases, or device identifiers."
.playwright-cli/chrome-popup-check/Default/Extensions/ghbmnnjooekpmoecnnnilnnbdlolhkhi/1.107.1_0/_locales/es/messages.json,961,2008f4faab71ab8c76a5d8811ad40102c380b6b929ce0bce9c378a7cadfc05eb,.json,23,BROWSER_PROFILE,EXCLUDE_SENSITIVE,"Machine-specific browser cache/profile may contain cookies, login state, history, databases, or device identifiers."
.playwright-cli/chrome-popup-check/Default/Extensions/ghbmnnjooekpmoecnnnilnnbdlolhkhi/1.107.1_0/_locales/es_419/messages.json,959,90a560ff82605db7eda26c90331650ff9e42c0b596cedb79b23598dec1b4988f,.json,23,BROWSER_PROFILE,EXCLUDE_SENSITIVE,"Machine-specific browser cache/profile may contain cookies, login state, history, databases, or device identifiers."
.playwright-cli/chrome-popup-check/Default/Extensions/ghbmnnjooekpmoecnnnilnnbdlolhkhi/1.107.1_0/_locales/et/messages.json,968,cc31b877238da6c1d51d9a6155fde565727a1956572f466c387b7e41c4923a29,.json,23,BROWSER_PROFILE,EXCLUDE_SENSITIVE,"Machine-specific browser cache/profile may contain cookies, login state, history, databases, or device identifiers."
.playwright-cli/chrome-popup-check/Default/Extensions/ghbmnnjooekpmoecnnnilnnbdlolhkhi/1.107.1_0/_locales/eu/messages.json,838,a41670d52423ba69c7a65e7e153e7b9994e8dd0370c584bda0714bd61c49c578,.json,1,BROWSER_PROFILE,EXCLUDE_SENSITIVE,"Machine-specific browser cache/profile may contain cookies, login state, history, databases, or device identifiers."
.playwright-cli/chrome-popup-check/Default/Extensions/ghbmnnjooekpmoecnnnilnnbdlolhkhi/1.107.1_0/_locales/fa/messages.json,1305,7c4c09d19ac4da30cc0f7f521825f44c4dfbc19482a127fbfb2b74b3468f48f1,.json,23,BROWSER_PROFILE,EXCLUDE_SENSITIVE,"Machine-specific browser cache/profile may contain cookies, login state, history, databases, or device identifiers."
.playwright-cli/chrome-popup-check/Default/Extensions/ghbmnnjooekpmoecnnnilnnbdlolhkhi/1.107.1_0/_locales/fi/messages.json,911,2d752a5dbe80e34ea9a18c958b4c754f3bc10d63279484e4df5880b8fd1894d2,.json,23,BROWSER_PROFILE,EXCLUDE_SENSITIVE,"Machine-specific browser cache/profile may contain cookies, login state, history, databases, or device identifiers."
.playwright-cli/chrome-popup-check/Default/Extensions/ghbmnnjooekpmoecnnnilnnbdlolhkhi/1.107.1_0/_locales/fil/messages.json,939,f51eeb7aaf5f2103c1043d520e5a4de0fa75e4dc375e23a2c2c4afd4d9293a72,.json,23,BROWSER_PROFILE,EXCLUDE_SENSITIVE,"Machine-specific browser cache/profile may contain cookies, login state, history, databases, or device identifiers."
.playwright-cli/chrome-popup-check/Default/Extensions/ghbmnnjooekpmoecnnnilnnbdlolhkhi/1.107.1_0/_locales/fr/messages.json,977,0518287950a8b010ffc8d52554eb82e5d93b6c3571823b7ceca898906c11abcc,.json,23,BROWSER_PROFILE,EXCLUDE_SENSITIVE,"Machine-specific browser cache/profile may contain cookies, login state, history, databases, or device identifiers."
.playwright-cli/chrome-popup-check/Default/Extensions/ghbmnnjooekpmoecnnnilnnbdlolhkhi/1.107.1_0/_locales/fr_CA/messages.json,972,4caa46656ecc46a420aa98d3307731e84f5ac1a89111d2e808a228c436d83834,.json,23,BROWSER_PROFILE,EXCLUDE_SENSITIVE,"Machine-specific browser cache/profile may contain cookies, login state, history, databases, or device identifiers."
.playwright-cli/chrome-popup-check/Default/Extensions/ghbmnnjooekpmoecnnnilnnbdlolhkhi/1.107.1_0/_locales/gl/messages.json,927,9890710df0fbf1db41bce41fe2f62424a3bd39d755d29e829744ed3da0c2ce1d,.json,1,BROWSER_PROFILE,EXCLUDE_SENSITIVE,"Machine-specific browser cache/profile may contain cookies, login state, history, databases, or device identifiers."
.playwright-cli/chrome-popup-check/Default/Extensions/ghbmnnjooekpmoecnnnilnnbdlolhkhi/1.107.1_0/_locales/gu/messages.json,1658,fe8218df25db54e633927c4a1640b1a41b8e6cb3360fa386b5382f833b0b237c,.json,23,BROWSER_PROFILE,EXCLUDE_SENSITIVE,"Machine-specific browser cache/profile may contain cookies, login state, history, databases, or device identifiers."
.playwright-cli/chrome-popup-check/Default/Extensions/ghbmnnjooekpmoecnnnilnnbdlolhkhi/1.107.1_0/_locales/hi/messages.json,1672,d2d1afa224cda388ff1dc8fac24cda228d7ce09de5d375947d7207fa4a6c4f8d,.json,23,BROWSER_PROFILE,EXCLUDE_SENSITIVE,"Machine-specific browser cache/profile may contain cookies, login state, history, databases, or device identifiers."
.playwright-cli/chrome-popup-check/Default/Extensions/ghbmnnjooekpmoecnnnilnnbdlolhkhi/1.107.1_0/_locales/hr/messages.json,935,73e6e246ceeab9875625cd4889fbf931f93b7b9deaa11288ae1a0f8a6e311e76,.json,23,BROWSER_PROFILE,EXCLUDE_SENSITIVE,"Machine-specific browser cache/profile may contain cookies, login state, history, databases, or device identifiers."
.playwright-cli/chrome-popup-check/Default/Extensions/ghbmnnjooekpmoecnnnilnnbdlolhkhi/1.107.1_0/_locales/hu/messages.json,1065,958c0f664fca20855fa84293566b2ddb7f297185619143457d6479e6ac81d240,.json,23,BROWSER_PROFILE,EXCLUDE_SENSITIVE,"Machine-specific browser cache/profile may contain cookies, login state, history, databases, or device identifiers."
.playwright-cli/chrome-popup-check/Default/Extensions/ghbmnnjooekpmoecnnnilnnbdlolhkhi/1.107.1_0/_locales/hy/messages.json,2771,0b16e3f8bd904a767284345ae86a0a9927c47afe89e05ea2b13ad80009bdf9e4,.json,1,BROWSER_PROFILE,EXCLUDE_SENSITIVE,"Machine-specific browser cache/profile may contain cookies, login state, history, databases, or device identifiers."
.playwright-cli/chrome-popup-check/Default/Extensions/ghbmnnjooekpmoecnnnilnnbdlolhkhi/1.107.1_0/_locales/id/messages.json,858,e3c86ddd2efebe88eed8484765a9868202546149753e03a61eb7c28fd62cfca1,.json,23,BROWSER_PROFILE,EXCLUDE_SENSITIVE,"Machine-specific browser cache/profile may contain cookies, login state, history, databases, or device identifiers."
.playwright-cli/chrome-popup-check/Default/Extensions/ghbmnnjooekpmoecnnnilnnbdlolhkhi/1.107.1_0/_locales/is/messages.json,954,943e61988c859bb088f548889f0449885525dd660626a89ba67b2c94cfbfbb1b,.json,1,BROWSER_PROFILE,EXCLUDE_SENSITIVE,"Machine-specific browser cache/profile may contain cookies, login state, history, databases, or device identifiers."
.playwright-cli/chrome-popup-check/Default/Extensions/ghbmnnjooekpmoecnnnilnnbdlolhkhi/1.107.1_0/_locales/it/messages.json,899,f41862665b13c0b4c4f562ef1743684cce29d4bcf7fe3ea494208df253e33885,.json,23,BROWSER_PROFILE,EXCLUDE_SENSITIVE,"Machine-specific browser cache/profile may contain cookies, login state, history, databases, or device identifiers."
.playwright-cli/chrome-popup-check/Default/Extensions/ghbmnnjooekpmoecnnnilnnbdlolhkhi/1.107.1_0/_locales/iw/messages.json,2230,bbb81c32f482ba3216c9b1189c70cef39ca8c2181af3538ffa07b4c6ad52f06a,.json,1,BROWSER_PROFILE,EXCLUDE_SENSITIVE,"Machine-specific browser cache/profile may contain cookies, login state, history, databases, or device identifiers."
.playwright-cli/chrome-popup-check/Default/Extensions/ghbmnnjooekpmoecnnnilnnbdlolhkhi/1.107.1_0/_locales/ja/messages.json,1160,34ac08f3c4f2d42962a3395508818b48ca323d22f498738cc9f09e78cb197d73,.json,23,BROWSER_PROFILE,EXCLUDE_SENSITIVE,"Machine-specific browser cache/profile may contain cookies, login state, history, databases, or device identifiers."
.playwright-cli/chrome-popup-check/Default/Extensions/ghbmnnjooekpmoecnnnilnnbdlolhkhi/1.107.1_0/_locales/ka/messages.json,3264,30898bbf51bdd58db397ff780f061e33431a38ef5cfc288b5177ecf76b399f26,.json,1,BROWSER_PROFILE,EXCLUDE_SENSITIVE,"Machine-specific browser cache/profile may contain cookies, login state, history, databases, or device identifiers."
.playwright-cli/chrome-popup-check/Default/Extensions/ghbmnnjooekpmoecnnnilnnbdlolhkhi/1.107.1_0/_locales/kk/messages.json,1447,63da18c0def0244edf035ebc05e1b4c4f7c9fcbde91e8ebc5e1742eab413e131,.json,23,BROWSER_PROFILE,EXCLUDE_SENSITIVE,"Machine-specific browser cache/profile may contain cookies, login state, history, databases, or device identifiers."
.playwright-cli/chrome-popup-check/Default/Extensions/ghbmnnjooekpmoecnnnilnnbdlolhkhi/1.107.1_0/_locales/km/messages.json,3122,a6118f0a0de329e07c01f53cd6fb4fed43e54c5f53db4cd1c7f5b2b4d9fb10e6,.json,1,BROWSER_PROFILE,EXCLUDE_SENSITIVE,"Machine-specific browser cache/profile may contain cookies, login state, history, databases, or device identifiers."
.playwright-cli/chrome-popup-check/Default/Extensions/ghbmnnjooekpmoecnnnilnnbdlolhkhi/1.107.1_0/_locales/kn/messages.json,1895,30078ef35a76e02a400f03b3698708a0145d9b57241cc4009e010696895cf3a1,.json,23,BROWSER_PROFILE,EXCLUDE_SENSITIVE,"Machine-specific browser cache/profile may contain cookies, login state, history, databases, or device identifiers."
.playwright-cli/chrome-popup-check/Default/Extensions/ghbmnnjooekpmoecnnnilnnbdlolhkhi/1.107.1_0/_locales/ko/messages.json,1042,c52d9b955d229373725a6e713334bbb31ea72efa9b5cf4fbd76a566417b12cac,.json,23,BROWSER_PROFILE,EXCLUDE_SENSITIVE,"Machine-specific browser cache/profile may contain cookies, login state, history, databases, or device identifiers."
.playwright-cli/chrome-popup-check/Default/Extensions/ghbmnnjooekpmoecnnnilnnbdlolhkhi/1.107.1_0/_locales/lo/messages.json,2535,89082fb05229826bc222f5d22c158235f025f0e6df67ff135a18bd899e13bb8f,.json,1,BROWSER_PROFILE,EXCLUDE_SENSITIVE,"Machine-specific browser cache/profile may contain cookies, login state, history, databases, or device identifiers."
.playwright-cli/chrome-popup-check/Default/Extensions/ghbmnnjooekpmoecnnnilnnbdlolhkhi/1.107.1_0/_locales/lt/messages.json,1028,5dfcbd4dfeaec3abe973a78277d3bd02cd77ae635d5c8cd1f816446c61808f59,.json,23,BROWSER_PROFILE,EXCLUDE_SENSITIVE,"Machine-specific browser cache/profile may contain cookies, login state, history, databases, or device identifiers."
.playwright-cli/chrome-popup-check/Default/Extensions/ghbmnnjooekpmoecnnnilnnbdlolhkhi/1.107.1_0/_locales/lv/messages.json,994,0621de9161748f45d53052ed8a430962139d7f19074c7ffe7223ecb06b0b87db,.json,23,BROWSER_PROFILE,EXCLUDE_SENSITIVE,"Machine-specific browser cache/profile may contain cookies, login state, history, databases, or device identifiers."
.playwright-cli/chrome-popup-check/Default/Extensions/ghbmnnjooekpmoecnnnilnnbdlolhkhi/1.107.1_0/_locales/mk/messages.json,2875,d0ae7739adea379b6390d1ee65699fc78d8649b7977503b062f34a52690a5744,.json,1,BROWSER_PROFILE,EXCLUDE_SENSITIVE,"Machine-specific browser cache/profile may contain cookies, login state, history, databases, or device identifiers."
.playwright-cli/chrome-popup-check/Default/Extensions/ghbmnnjooekpmoecnnnilnnbdlolhkhi/1.107.1_0/_locales/ml/messages.json,2091,22ca9415e294d9c3ec3384b9d08cdaf5164af73b4e4c251559e09e529c843ea6,.json,23,BROWSER_PROFILE,EXCLUDE_SENSITIVE,"Machine-specific browser cache/profile may contain cookies, login state, history, databases, or device identifiers."
.playwright-cli/chrome-popup-check/Default/Extensions/ghbmnnjooekpmoecnnnilnnbdlolhkhi/1.107.1_0/_locales/mn/messages.json,2778,613d8751f6cc9d3fa319f4b7ea8b2bd3bed37fd077482ca825929dd7c12a69a8,.json,1,BROWSER_PROFILE,EXCLUDE_SENSITIVE,"Machine-specific browser cache/profile may contain cookies, login state, history, databases, or device identifiers."
.playwright-cli/chrome-popup-check/Default/Extensions/ghbmnnjooekpmoecnnnilnnbdlolhkhi/1.107.1_0/_locales/mr/messages.json,1719,adeb082a9c754dfd5a9d47340a3ddcc19bf9c7efa6e629a2f1796305f1c9a66f,.json,23,BROWSER_PROFILE,EXCLUDE_SENSITIVE,"Machine-specific browser cache/profile may contain cookies, login state, history, databases, or device identifiers."
.playwright-cli/chrome-popup-check/Default/Extensions/ghbmnnjooekpmoecnnnilnnbdlolhkhi/1.107.1_0/_locales/ms/messages.json,936,2824cf97513dc3ecc261f378bfd595ae95a5997e9d1c63f5731a58b1f8cd54f9,.json,23,BROWSER_PROFILE,EXCLUDE_SENSITIVE,"Machine-specific browser cache/profile may contain cookies, login state, history, databases, or device identifiers."
.playwright-cli/chrome-popup-check/Default/Extensions/ghbmnnjooekpmoecnnnilnnbdlolhkhi/1.107.1_0/_locales/my/messages.json,3830,243befbd6b67a21433dcc97dc1a728896d3a070dc20055eb04d644e1bb955fe7,.json,1,BROWSER_PROFILE,EXCLUDE_SENSITIVE,"Machine-specific browser cache/profile may contain cookies, login state, history, databases, or device identifiers."
.playwright-cli/chrome-popup-check/Default/Extensions/ghbmnnjooekpmoecnnnilnnbdlolhkhi/1.107.1_0/_locales/ne/messages.json,3160,34c00e5e0690a2dfe5e5d47c6e7acf7052510df82d902cd2b3ebcdedd7c1a61c,.json,1,BROWSER_PROFILE,EXCLUDE_SENSITIVE,"Machine-specific browser cache/profile may contain cookies, login state, history, databases, or device identifiers."
.playwright-cli/chrome-popup-check/Default/Extensions/ghbmnnjooekpmoecnnnilnnbdlolhkhi/1.107.1_0/_locales/nl/messages.json,914,f3fe1ffcb182183b76e1b46c4463168c746a38e461fd25ca91ff2a40846f1d61,.json,23,BROWSER_PROFILE,EXCLUDE_SENSITIVE,"Machine-specific browser cache/profile may contain cookies, login state, history, databases, or device identifiers."
.playwright-cli/chrome-popup-check/Default/Extensions/ghbmnnjooekpmoecnnnilnnbdlolhkhi/1.107.1_0/_locales/no/messages.json,878,21ceff02b45a4bfd60d144879dfa9f427949a027dd49a3eb0e9e345bd0b7c9a8,.json,23,BROWSER_PROFILE,EXCLUDE_SENSITIVE,"Machine-specific browser cache/profile may contain cookies, login state, history, databases, or device identifiers."
.playwright-cli/chrome-popup-check/Default/Extensions/ghbmnnjooekpmoecnnnilnnbdlolhkhi/1.107.1_0/_locales/or/messages.json,2902,4fa7d3ed5b6003b4b0b3d1cedf0a7dd6489b96311b4bc320e8a3dd16852d59d9,.json,1,BROWSER_PROFILE,EXCLUDE_SENSITIVE,"Machine-specific browser cache/profile may contain cookies, login state, history, databases, or device identifiers."
.playwright-cli/chrome-popup-check/Default/Extensions/ghbmnnjooekpmoecnnnilnnbdlolhkhi/1.107.1_0/_locales/pa/messages.json,2766,bbd37d41b7de6f93948fa2437a7699d4c30a3c39e736179702f212cb36a3133c,.json,1,BROWSER_PROFILE,EXCLUDE_SENSITIVE,"Machine-specific browser cache/profile may contain cookies, login state, history, databases, or device identifiers."
.playwright-cli/chrome-popup-check/Default/Extensions/ghbmnnjooekpmoecnnnilnnbdlolhkhi/1.107.1_0/_locales/pl/messages.json,978,e00ff20437599a5c184ca0c79546cb6500171a95e5f24b9b5535e89a89d3ec3d,.json,23,BROWSER_PROFILE,EXCLUDE_SENSITIVE,"Machine-specific browser cache/profile may contain cookies, login state, history, databases, or device identifiers."
.playwright-cli/chrome-popup-check/Default/Extensions/ghbmnnjooekpmoecnnnilnnbdlolhkhi/1.107.1_0/_locales/pt_BR/messages.json,889,e1e271d195f102684616637aa6a899ca75817ebd557868ae0d6150a12bfa856b,.json,23,BROWSER_PROFILE,EXCLUDE_SENSITIVE,"Machine-specific browser cache/profile may contain cookies, login state, history, databases, or device identifiers."
.playwright-cli/chrome-popup-check/Default/Extensions/ghbmnnjooekpmoecnnnilnnbdlolhkhi/1.107.1_0/_locales/pt_PT/messages.json,914,e93b8e7fb86d2f7dfae57416bb1fb6ee0eea25629b972a5922940f0023c85f90,.json,23,BROWSER_PROFILE,EXCLUDE_SENSITIVE,"Machine-specific browser cache/profile may contain cookies, login state, history, databases, or device identifiers."
.playwright-cli/chrome-popup-check/Default/Extensions/ghbmnnjooekpmoecnnnilnnbdlolhkhi/1.107.1_0/_locales/ro/messages.json,937,085787999d78fadff9600c9dc5e3ff4fb4eb9be06d6bb19df2eef8c284be7b20,.json,23,BROWSER_PROFILE,EXCLUDE_SENSITIVE,"Machine-specific browser cache/profile may contain cookies, login state, history, databases, or device identifiers."
.playwright-cli/chrome-popup-check/Default/Extensions/ghbmnnjooekpmoecnnnilnnbdlolhkhi/1.107.1_0/_locales/ru/messages.json,1341,c0a776448a258efd47065bf3f4b45260d1b4cb431d57ecc97995e122249081f6,.json,23,BROWSER_PROFILE,EXCLUDE_SENSITIVE,"Machine-specific browser cache/profile may contain cookies, login state, history, databases, or device identifiers."
.playwright-cli/chrome-popup-check/Default/Extensions/ghbmnnjooekpmoecnnnilnnbdlolhkhi/1.107.1_0/_locales/si/messages.json,2846,54241ebe651a8344235cc47afd274c080abaebc8c3a25afb95d8373b6a5670a2,.json,1,BROWSER_PROFILE,EXCLUDE_SENSITIVE,"Machine-specific browser cache/profile may contain cookies, login state, history, databases, or device identifiers."
.playwright-cli/chrome-popup-check/Default/Extensions/ghbmnnjooekpmoecnnnilnnbdlolhkhi/1.107.1_0/_locales/sk/messages.json,934,903060ec9e76040b46deb47bbb041d0b28a6816cb9b892d7342fc7dc6782f87c,.json,23,BROWSER_PROFILE,EXCLUDE_SENSITIVE,"Machine-specific browser cache/profile may contain cookies, login state, history, databases, or device identifiers."
.playwright-cli/chrome-popup-check/Default/Extensions/ghbmnnjooekpmoecnnnilnnbdlolhkhi/1.107.1_0/_locales/sl/messages.json,963,aab9cf9098294a46dc0f2fa468afff7ca7c323a1a0efa70c9db1e3a4da05d1d4,.json,23,BROWSER_PROFILE,EXCLUDE_SENSITIVE,"Machine-specific browser cache/profile may contain cookies, login state, history, databases, or device identifiers."
.playwright-cli/chrome-popup-check/Default/Extensions/ghbmnnjooekpmoecnnnilnnbdlolhkhi/1.107.1_0/_locales/sq/messages.json,923,ea42c8f96c26ccb55a95f1f7bbbaf151ed36e9c737c54bb3c5081f3fdb9e9066,.json,1,BROWSER_PROFILE,EXCLUDE_SENSITIVE,"Machine-specific browser cache/profile may contain cookies, login state, history, databases, or device identifiers."
.playwright-cli/chrome-popup-check/Default/Extensions/ghbmnnjooekpmoecnnnilnnbdlolhkhi/1.107.1_0/_locales/sr/messages.json,1320,4e8b69e864f57cddd4dc4e4faf2c28d496874d06016bc22e8d39e0cb69552769,.json,23,BROWSER_PROFILE,EXCLUDE_SENSITIVE,"Machine-specific browser cache/profile may contain cookies, login state, history, databases, or device identifiers."
.playwright-cli/chrome-popup-check/Default/Extensions/ghbmnnjooekpmoecnnnilnnbdlolhkhi/1.107.1_0/_locales/sv/messages.json,884,64b1e422b346ab77c5d1c77142685b3ff7661d498767d104b0c24cb36d0eb859,.json,23,BROWSER_PROFILE,EXCLUDE_SENSITIVE,"Machine-specific browser cache/profile may contain cookies, login state, history, databases, or device identifiers."
.playwright-cli/chrome-popup-check/Default/Extensions/ghbmnnjooekpmoecnnnilnnbdlolhkhi/1.107.1_0/_locales/sw/messages.json,980,0d20680b74af10ef8c754fcde259124a438dce3848305b0caf994d98e787d263,.json,23,BROWSER_PROFILE,EXCLUDE_SENSITIVE,"Machine-specific browser cache/profile may contain cookies, login state, history, databases, or device identifiers."
.playwright-cli/chrome-popup-check/Default/Extensions/ghbmnnjooekpmoecnnnilnnbdlolhkhi/1.107.1_0/_locales/ta/messages.json,1941,6282bf9df12ad453858b0b531c8999d5fd6251eb855234546a1b30858462231a,.json,23,BROWSER_PROFILE,EXCLUDE_SENSITIVE,"Machine-specific browser cache/profile may contain cookies, login state, history, databases, or device identifiers."
.playwright-cli/chrome-popup-check/Default/Extensions/ghbmnnjooekpmoecnnnilnnbdlolhkhi/1.107.1_0/_locales/te/messages.json,1969,026c164bae27dbb36a564888a796aa3f188aad9e0c37176d48910395cf772cea,.json,23,BROWSER_PROFILE,EXCLUDE_SENSITIVE,"Machine-specific browser cache/profile may contain cookies, login state, history, databases, or device identifiers."
.playwright-cli/chrome-popup-check/Default/Extensions/ghbmnnjooekpmoecnnnilnnbdlolhkhi/1.107.1_0/_locales/th/messages.json,1674,d147631b2334a25b8aa4519e4a30fb3a1a85b6a0396bc688c68dc124ec387d58,.json,23,BROWSER_PROFILE,EXCLUDE_SENSITIVE,"Machine-specific browser cache/profile may contain cookies, login state, history, databases, or device identifiers."
.playwright-cli/chrome-popup-check/Default/Extensions/ghbmnnjooekpmoecnnnilnnbdlolhkhi/1.107.1_0/_locales/tr/messages.json,1063,b9066a162bee00fd50dc48c71b32b69dffa362a01f84b45698b017a624f46824,.json,23,BROWSER_PROFILE,EXCLUDE_SENSITIVE,"Machine-specific browser cache/profile may contain cookies, login state, history, databases, or device identifiers."
.playwright-cli/chrome-popup-check/Default/Extensions/ghbmnnjooekpmoecnnnilnnbdlolhkhi/1.107.1_0/_locales/uk/messages.json,1333,9fa26ff09f6acde2457ed366c0c4124b6cac1435d0c4fd8a870a0c090417da19,.json,23,BROWSER_PROFILE,EXCLUDE_SENSITIVE,"Machine-specific browser cache/profile may contain cookies, login state, history, databases, or device identifiers."
.playwright-cli/chrome-popup-check/Default/Extensions/ghbmnnjooekpmoecnnnilnnbdlolhkhi/1.107.1_0/_locales/ur/messages.json,1263,5da836224d0f3a96f1c5eb5063061aad837ca9fc6fed15d19c66da25cf56f8ac,.json,23,BROWSER_PROFILE,EXCLUDE_SENSITIVE,"Machine-specific browser cache/profile may contain cookies, login state, history, databases, or device identifiers."
.playwright-cli/chrome-popup-check/Default/Extensions/ghbmnnjooekpmoecnnnilnnbdlolhkhi/1.107.1_0/_locales/uz/messages.json,865,1eba3f2228c3e838a666f85ba3ee42c1d62c98a51287c5cf1de3fcd204c3bc4c,.json,23,BROWSER_PROFILE,EXCLUDE_SENSITIVE,"Machine-specific browser cache/profile may contain cookies, login state, history, databases, or device identifiers."
.playwright-cli/chrome-popup-check/Default/Extensions/ghbmnnjooekpmoecnnnilnnbdlolhkhi/1.107.1_0/_locales/vi/messages.json,1074,597c5f32bc999746bc5c2ed1e5115c523b7eb1d33f81b042203e1c1df4bbcafe,.json,23,BROWSER_PROFILE,EXCLUDE_SENSITIVE,"Machine-specific browser cache/profile may contain cookies, login state, history, databases, or device identifiers."
.playwright-cli/chrome-popup-check/Default/Extensions/ghbmnnjooekpmoecnnnilnnbdlolhkhi/1.107.1_0/_locales/zh_CN/messages.json,873,c047235c983d3dcf835d4ecc1c9270c6262a09a5acadf093d87e709c0a23cae7,.json,23,BROWSER_PROFILE,EXCLUDE_SENSITIVE,"Machine-specific browser cache/profile may contain cookies, login state, history, databases, or device identifiers."
.playwright-cli/chrome-popup-check/Default/Extensions/ghbmnnjooekpmoecnnnilnnbdlolhkhi/1.107.1_0/_locales/zh_HK/messages.json,1205,30f44cfad052d73d86d12fa20cfc111563a3b2e4523b43f7d66d934ba8dace91,.json,1,BROWSER_PROFILE,EXCLUDE_SENSITIVE,"Machine-specific browser cache/profile may contain cookies, login state, history, databases, or device identifiers."
.playwright-cli/chrome-popup-check/Default/Extensions/ghbmnnjooekpmoecnnnilnnbdlolhkhi/1.107.1_0/_locales/zh_TW/messages.json,843,f94c6ddedf067642a1af18d629778ec65e02b6097a8532b7e794502747aeb008,.json,23,BROWSER_PROFILE,EXCLUDE_SENSITIVE,"Machine-specific browser cache/profile may contain cookies, login state, history, databases, or device identifiers."
.playwright-cli/chrome-popup-check/Default/Extensions/ghbmnnjooekpmoecnnnilnnbdlolhkhi/1.107.1_0/_locales/zu/messages.json,912,ec78ddd4ccf32b5d76ec701a20167c3fbd146d79a505e4fb0421fc1e5cf4aa63,.json,1,BROWSER_PROFILE,EXCLUDE_SENSITIVE,"Machine-specific browser cache/profile may contain cookies, login state, history, databases, or device identifiers."
.playwright-cli/chrome-popup-check/Default/Extensions/ghbmnnjooekpmoecnnnilnnbdlolhkhi/1.107.1_0/_metadata/computed_hashes.json,6032,e1834ad10c72cf9ce9bb4e43eb1063b657efc5a28a4029db2d1578454cf9cb3b,.json,1,BROWSER_PROFILE,EXCLUDE_SENSITIVE,"Machine-specific browser cache/profile may contain cookies, login state, history, databases, or device identifiers."
.playwright-cli/chrome-popup-check/Default/Extensions/ghbmnnjooekpmoecnnnilnnbdlolhkhi/1.107.1_0/_metadata/verified_contents.json,11914,d09c1b5096bf69f87ef1bdda57800bd67723521c70b86916e0cec664d9ac708e,.json,1,BROWSER_PROFILE,EXCLUDE_SENSITIVE,"Machine-specific browser cache/profile may contain cookies, login state, history, databases, or device identifiers."
.playwright-cli/chrome-popup-check/Default/Extensions/ghbmnnjooekpmoecnnnilnnbdlolhkhi/1.107.1_0/dasherSettingSchema.json,854,6c69ce0fe6fab14f1990a320d704fee362c175c00eb6c9224aa6f41108918ca6,.json,21,BROWSER_PROFILE,EXCLUDE_SENSITIVE,"Machine-specific browser cache/profile may contain cookies, login state, history, databases, or device identifiers."
.playwright-cli/chrome-popup-check/Default/Extensions/ghbmnnjooekpmoecnnnilnnbdlolhkhi/1.107.1_0/manifest.json,2526,4e84855356b12705f6c8ee10199a31ad1a69f05e7507d584ef11eac20a216328,.json,38,BROWSER_PROFILE,EXCLUDE_SENSITIVE,"Machine-specific browser cache/profile may contain cookies, login state, history, databases, or device identifiers."
.playwright-cli/chrome-popup-check/Default/Extensions/ghbmnnjooekpmoecnnnilnnbdlolhkhi/1.107.1_0/offscreendocument.html,97,b9fa2d52a4ffabb438b56184131b893b04655b01f336066415d4fe839efe64e7,.html,6,BROWSER_PROFILE,EXCLUDE_SENSITIVE,"Machine-specific browser cache/profile may contain cookies, login state, history, databases, or device identifiers."
.playwright-cli/chrome-popup-check/Default/Extensions/ghbmnnjooekpmoecnnnilnnbdlolhkhi/1.107.1_0/offscreendocument_main.js,126606,7f55456a8f5a717f38ebf7481e97b3de437bb2b9b35073f526f7edb11311f4d3,.js,234,BROWSER_PROFILE,EXCLUDE_SENSITIVE,"Machine-specific browser cache/profile may contain cookies, login state, history, databases, or device identifiers."
.playwright-cli/chrome-popup-check/Default/Extensions/ghbmnnjooekpmoecnnnilnnbdlolhkhi/1.107.1_0/page_embed_script.js,339,6ce49065b537fd6e918d3ec6c8c1e72138144472bb51581c4622a714cf7fa10b,.js,1,BROWSER_PROFILE,EXCLUDE_SENSITIVE,"Machine-specific browser cache/profile may contain cookies, login state, history, databases, or device identifiers."
.playwright-cli/chrome-popup-check/Default/Extensions/ghbmnnjooekpmoecnnnilnnbdlolhkhi/1.107.1_0/service_worker_bin_prod.js,132526,5de9e74058524e92c88ecfc5e25dee0f3d9f8af92179b33eb52638eb98022965,.js,247,BROWSER_PROFILE,EXCLUDE_SENSITIVE,"Machine-specific browser cache/profile may contain cookies, login state, history, databases, or device identifiers."
.playwright-cli/chrome-popup-check/Default/Favicons,20480,3acaa11cefe4c5008978f3db3014ae1f8939ee079c031832bebe29d442292add,,15,BROWSER_PROFILE,EXCLUDE_SENSITIVE,"Machine-specific browser cache/profile may contain cookies, login state, history, databases, or device identifiers."
.playwright-cli/chrome-popup-check/Default/Favicons-journal,0,e3b0c44298fc1c149afbf4c8996fb92427ae41e4649b934ca495991b7852b855,,0,BROWSER_PROFILE,EXCLUDE_SENSITIVE,"Machine-specific browser cache/profile may contain cookies, login state, history, databases, or device identifiers."
.playwright-cli/chrome-popup-check/Default/GCM Store/000003.log,1156,f25cf5752c65966c426f250779f46546f3e272281b16de70d1172823f2a2eff6,.log,5,BROWSER_PROFILE,EXCLUDE_SENSITIVE,"Machine-specific browser cache/profile may contain cookies, login state, history, databases, or device identifiers."
.playwright-cli/chrome-popup-check/Default/GCM Store/CURRENT,16,0f1bad70c7bd1e0a69562853ec529355462fcd0423263a3d39d6d0d70b780443,,1,BROWSER_PROFILE,EXCLUDE_SENSITIVE,"Machine-specific browser cache/profile may contain cookies, login state, history, databases, or device identifiers."
.playwright-cli/chrome-popup-check/Default/GCM Store/Encryption/000003.log,0,e3b0c44298fc1c149afbf4c8996fb92427ae41e4649b934ca495991b7852b855,.log,0,BROWSER_PROFILE,EXCLUDE_SENSITIVE,"Machine-specific browser cache/profile may contain cookies, login state, history, databases, or device identifiers."
.playwright-cli/chrome-popup-check/Default/GCM Store/Encryption/CURRENT,16,0f1bad70c7bd1e0a69562853ec529355462fcd0423263a3d39d6d0d70b780443,,1,BROWSER_PROFILE,EXCLUDE_SENSITIVE,"Machine-specific browser cache/profile may contain cookies, login state, history, databases, or device identifiers."
.playwright-cli/chrome-popup-check/Default/GCM Store/Encryption/LOCK,0,e3b0c44298fc1c149afbf4c8996fb92427ae41e4649b934ca495991b7852b855,,0,BROWSER_PROFILE,EXCLUDE_SENSITIVE,"Machine-specific browser cache/profile may contain cookies, login state, history, databases, or device identifiers."
.playwright-cli/chrome-popup-check/Default/GCM Store/Encryption/LOG,297,991a8b06608f03ac008264463b2afd499c43ca81855d8c30c8dd362edaf0112f,,2,BROWSER_PROFILE,EXCLUDE_SENSITIVE,"Machine-specific browser cache/profile may contain cookies, login state, history, databases, or device identifiers."
.playwright-cli/chrome-popup-check/Default/GCM Store/Encryption/MANIFEST-000001,41,f9d31b278e215eb0d0e9cd709edfa037e828f36214ab7906f612160fead4b2b4,,1,BROWSER_PROFILE,EXCLUDE_SENSITIVE,"Machine-specific browser cache/profile may contain cookies, login state, history, databases, or device identifiers."
.playwright-cli/chrome-popup-check/Default/GCM Store/LOCK,0,e3b0c44298fc1c149afbf4c8996fb92427ae41e4649b934ca495991b7852b855,,0,BROWSER_PROFILE,EXCLUDE_SENSITIVE,"Machine-specific browser cache/profile may contain cookies, login state, history, databases, or device identifiers."
.playwright-cli/chrome-popup-check/Default/GCM Store/LOG,275,58e581e958fc56f63603e9f9fbf6a2a81c9ff9f8c08207ec6c571664070530f5,,2,BROWSER_PROFILE,EXCLUDE_SENSITIVE,"Machine-specific browser cache/profile may contain cookies, login state, history, databases, or device identifiers."
.playwright-cli/chrome-popup-check/Default/GCM Store/MANIFEST-000001,41,f9d31b278e215eb0d0e9cd709edfa037e828f36214ab7906f612160fead4b2b4,,1,BROWSER_PROFILE,EXCLUDE_SENSITIVE,"Machine-specific browser cache/profile may contain cookies, login state, history, databases, or device identifiers."
.playwright-cli/chrome-popup-check/Default/GPUCache/data_0,8192,d6a5fe39cd672781b256e0e3102f7022635f1d4bb7cfcc90a80fffe4d0f3877e,,1,BROWSER_PROFILE,EXCLUDE_SENSITIVE,"Machine-specific browser cache/profile may contain cookies, login state, history, databases, or device identifiers."
.playwright-cli/chrome-popup-check/Default/GPUCache/data_1,270336,902f30c1fb0597d0734bc34b979ec5d131f8f39a4b71b338083821216ec8d61b,,1,BROWSER_PROFILE,EXCLUDE_SENSITIVE,"Machine-specific browser cache/profile may contain cookies, login state, history, databases, or device identifiers."
.playwright-cli/chrome-popup-check/Default/GPUCache/data_2,8192,ec1702806f4cc7c42a82fc2b38e89835fde7c64bb32060e0823c9077ca92efb7,,1,BROWSER_PROFILE,EXCLUDE_SENSITIVE,"Machine-specific browser cache/profile may contain cookies, login state, history, databases, or device identifiers."
.playwright-cli/chrome-popup-check/Default/GPUCache/data_3,8192,e09f42c398d688dce168570291f1f92d079987deda3099a34adb9e8c0522b30c,,1,BROWSER_PROFILE,EXCLUDE_SENSITIVE,"Machine-specific browser cache/profile may contain cookies, login state, history, databases, or device identifiers."
.playwright-cli/chrome-popup-check/Default/GPUCache/index,262512,f058cd34fb09a9c126780f336b8d569d15add43f4682be40e3a7ee1504cf5ec6,,1,BROWSER_PROFILE,EXCLUDE_SENSITIVE,"Machine-specific browser cache/profile may contain cookies, login state, history, databases, or device identifiers."
.playwright-cli/chrome-popup-check/Default/heavy_ad_intervention_opt_out.db,16384,d44b405304e372a3cf70f2dc1e68c727504a0f28fa186fef47b8450b1527ae68,.db,5,BROWSER_PROFILE,EXCLUDE_SENSITIVE,"Machine-specific browser cache/profile may contain cookies, login state, history, databases, or device identifiers."
.playwright-cli/chrome-popup-check/Default/heavy_ad_intervention_opt_out.db-journal,0,e3b0c44298fc1c149afbf4c8996fb92427ae41e4649b934ca495991b7852b855,.db-journal,0,BROWSER_PROFILE,EXCLUDE_SENSITIVE,"Machine-specific browser cache/profile may contain cookies, login state, history, databases, or device identifiers."
.playwright-cli/chrome-popup-check/Default/History,163840,5d5d7fb5a62d85513404c974d1b98402a3509f1568c8eaa6f32568b7b3253bc3,,49,BROWSER_PROFILE,EXCLUDE_SENSITIVE,"Machine-specific browser cache/profile may contain cookies, login state, history, databases, or device identifiers."
.playwright-cli/chrome-popup-check/Default/History-journal,74384,adef24c5a18e9002bf4f57e63128ace5aac5b386c9a4bcb899cb27250f89f40d,,20,BROWSER_PROFILE,EXCLUDE_SENSITIVE,"Machine-specific browser cache/profile may contain cookies, login state, history, databases, or device identifiers."
.playwright-cli/chrome-popup-check/Default/Local Extension Settings/ghbmnnjooekpmoecnnnilnnbdlolhkhi/000003.log,49,9d89630da3bde9505d4c2cc684eb01c2d4d7d11028d01d309aca12b064f779e6,.log,2,BROWSER_PROFILE,EXCLUDE_SENSITIVE,"Machine-specific browser cache/profile may contain cookies, login state, history, databases, or device identifiers."
.playwright-cli/chrome-popup-check/Default/Local Extension Settings/ghbmnnjooekpmoecnnnilnnbdlolhkhi/CURRENT,16,0f1bad70c7bd1e0a69562853ec529355462fcd0423263a3d39d6d0d70b780443,,1,BROWSER_PROFILE,EXCLUDE_SENSITIVE,"Machine-specific browser cache/profile may contain cookies, login state, history, databases, or device identifiers."
.playwright-cli/chrome-popup-check/Default/Local Extension Settings/ghbmnnjooekpmoecnnnilnnbdlolhkhi/LOCK,0,e3b0c44298fc1c149afbf4c8996fb92427ae41e4649b934ca495991b7852b855,,0,BROWSER_PROFILE,EXCLUDE_SENSITIVE,"Machine-specific browser cache/profile may contain cookies, login state, history, databases, or device identifiers."
.playwright-cli/chrome-popup-check/Default/Local Extension Settings/ghbmnnjooekpmoecnnnilnnbdlolhkhi/LOG,371,08959012def2ba291637d381e6031628953526f0329c76d3c3c7c831d429a963,,2,BROWSER_PROFILE,EXCLUDE_SENSITIVE,"Machine-specific browser cache/profile may contain cookies, login state, history, databases, or device identifiers."
.playwright-cli/chrome-popup-check/Default/Local Extension Settings/ghbmnnjooekpmoecnnnilnnbdlolhkhi/MANIFEST-000001,41,f9d31b278e215eb0d0e9cd709edfa037e828f36214ab7906f612160fead4b2b4,,1,BROWSER_PROFILE,EXCLUDE_SENSITIVE,"Machine-specific browser cache/profile may contain cookies, login state, history, databases, or device identifiers."
.playwright-cli/chrome-popup-check/Default/Local Storage/leveldb/000003.log,9789,1505d6a44e212f792d16d31a9fc96f22171deed3f8a32dc8f74cceaeb3a57a56,.log,2,BROWSER_PROFILE,EXCLUDE_SENSITIVE,"Machine-specific browser cache/profile may contain cookies, login state, history, databases, or device identifiers."
.playwright-cli/chrome-popup-check/Default/Local Storage/leveldb/CURRENT,16,0f1bad70c7bd1e0a69562853ec529355462fcd0423263a3d39d6d0d70b780443,,1,BROWSER_PROFILE,EXCLUDE_SENSITIVE,"Machine-specific browser cache/profile may contain cookies, login state, history, databases, or device identifiers."
.playwright-cli/chrome-popup-check/Default/Local Storage/leveldb/LOCK,0,e3b0c44298fc1c149afbf4c8996fb92427ae41e4649b934ca495991b7852b855,,0,BROWSER_PROFILE,EXCLUDE_SENSITIVE,"Machine-specific browser cache/profile may contain cookies, login state, history, databases, or device identifiers."
.playwright-cli/chrome-popup-check/Default/Local Storage/leveldb/LOG,299,41401d0f68d59c748081c6072c0193b96012a4cf79ee12084e64eaa0739e9216,,2,BROWSER_PROFILE,EXCLUDE_SENSITIVE,"Machine-specific browser cache/profile may contain cookies, login state, history, databases, or device identifiers."
.playwright-cli/chrome-popup-check/Default/Local Storage/leveldb/MANIFEST-000001,41,f9d31b278e215eb0d0e9cd709edfa037e828f36214ab7906f612160fead4b2b4,,1,BROWSER_PROFILE,EXCLUDE_SENSITIVE,"Machine-specific browser cache/profile may contain cookies, login state, history, databases, or device identifiers."
.playwright-cli/chrome-popup-check/Default/LOCK,0,e3b0c44298fc1c149afbf4c8996fb92427ae41e4649b934ca495991b7852b855,,0,BROWSER_PROFILE,EXCLUDE_SENSITIVE,"Machine-specific browser cache/profile may contain cookies, login state, history, databases, or device identifiers."
.playwright-cli/chrome-popup-check/Default/LOG,0,e3b0c44298fc1c149afbf4c8996fb92427ae41e4649b934ca495991b7852b855,,0,BROWSER_PROFILE,EXCLUDE_SENSITIVE,"Machine-specific browser cache/profile may contain cookies, login state, history, databases, or device identifiers."
.playwright-cli/chrome-popup-check/Default/Login Data,40960,05e8c5e696093d57d273f916a2c9f2ef9b055eea6cb41f3ae258255409a89012,,26,BROWSER_PROFILE,EXCLUDE_SENSITIVE,"Machine-specific browser cache/profile may contain cookies, login state, history, databases, or device identifiers."
.playwright-cli/chrome-popup-check/Default/Login Data For Account,40960,05e8c5e696093d57d273f916a2c9f2ef9b055eea6cb41f3ae258255409a89012,,26,BROWSER_PROFILE,EXCLUDE_SENSITIVE,"Machine-specific browser cache/profile may contain cookies, login state, history, databases, or device identifiers."
.playwright-cli/chrome-popup-check/Default/Login Data For Account-journal,0,e3b0c44298fc1c149afbf4c8996fb92427ae41e4649b934ca495991b7852b855,,0,BROWSER_PROFILE,EXCLUDE_SENSITIVE,"Machine-specific browser cache/profile may contain cookies, login state, history, databases, or device identifiers."
.playwright-cli/chrome-popup-check/Default/Login Data-journal,0,e3b0c44298fc1c149afbf4c8996fb92427ae41e4649b934ca495991b7852b855,,0,BROWSER_PROFILE,EXCLUDE_SENSITIVE,"Machine-specific browser cache/profile may contain cookies, login state, history, databases, or device identifiers."
.playwright-cli/chrome-popup-check/Default/Network Action Predictor,53248,e229f1676f9123961e814197fbea469176defec9780bc1d089ffea10d187e6d7,,23,BROWSER_PROFILE,EXCLUDE_SENSITIVE,"Machine-specific browser cache/profile may contain cookies, login state, history, databases, or device identifiers."
.playwright-cli/chrome-popup-check/Default/Network Action Predictor-journal,0,e3b0c44298fc1c149afbf4c8996fb92427ae41e4649b934ca495991b7852b855,,0,BROWSER_PROFILE,EXCLUDE_SENSITIVE,"Machine-specific browser cache/profile may contain cookies, login state, history, databases, or device identifiers."
.playwright-cli/chrome-popup-check/Default/Network/Cookies,20480,40cfaef080aad157b7f8e0fade5b8a83ca8eb2a84fcea586458803c1e4d32e5b,,6,BROWSER_PROFILE,EXCLUDE_SENSITIVE,"Machine-specific browser cache/profile may contain cookies, login state, history, databases, or device identifiers."
.playwright-cli/chrome-popup-check/Default/Network/Cookies-journal,0,e3b0c44298fc1c149afbf4c8996fb92427ae41e4649b934ca495991b7852b855,,0,BROWSER_PROFILE,EXCLUDE_SENSITIVE,"Machine-specific browser cache/profile may contain cookies, login state, history, databases, or device identifiers."
.playwright-cli/chrome-popup-check/Default/Network/Device Bound Sessions,20480,ed90c803dbac3e3d245fe75145506230f1b47dfc7f16274c79dd1565ade4e014,,6,BROWSER_PROFILE,EXCLUDE_SENSITIVE,"Machine-specific browser cache/profile may contain cookies, login state, history, databases, or device identifiers."
.playwright-cli/chrome-popup-check/Default/Network/Device Bound Sessions-journal,0,e3b0c44298fc1c149afbf4c8996fb92427ae41e4649b934ca495991b7852b855,,0,BROWSER_PROFILE,EXCLUDE_SENSITIVE,"Machine-specific browser cache/profile may contain cookies, login state, history, databases, or device identifiers."
.playwright-cli/chrome-popup-check/Default/Network/NetworkDataMigrated,0,e3b0c44298fc1c149afbf4c8996fb92427ae41e4649b934ca495991b7852b855,,0,BROWSER_PROFILE,EXCLUDE_SENSITIVE,"Machine-specific browser cache/profile may contain cookies, login state, history, databases, or device identifiers."
.playwright-cli/chrome-popup-check/Default/Network/Reporting and NEL,36864,8b86bbe225327a60bb03abcae3e4f927367240f7df368c8bf1d9dbe309686506,,11,BROWSER_PROFILE,EXCLUDE_SENSITIVE,"Machine-specific browser cache/profile may contain cookies, login state, history, databases, or device identifiers."
.playwright-cli/chrome-popup-check/Default/Network/Reporting and NEL-journal,0,e3b0c44298fc1c149afbf4c8996fb92427ae41e4649b934ca495991b7852b855,,0,BROWSER_PROFILE,EXCLUDE_SENSITIVE,"Machine-specific browser cache/profile may contain cookies, login state, history, databases, or device identifiers."
.playwright-cli/chrome-popup-check/Default/Network/Trust Tokens,36864,8b5a62a399e316009e0c0ee1727ede327893d7f82f38a136e795422b3f9c333c,,12,BROWSER_PROFILE,EXCLUDE_SENSITIVE,"Machine-specific browser cache/profile may contain cookies, login state, history, databases, or device identifiers."
.playwright-cli/chrome-popup-check/Default/Network/Trust Tokens-journal,0,e3b0c44298fc1c149afbf4c8996fb92427ae41e4649b934ca495991b7852b855,,0,BROWSER_PROFILE,EXCLUDE_SENSITIVE,"Machine-specific browser cache/profile may contain cookies, login state, history, databases, or device identifiers."
.playwright-cli/chrome-popup-check/Default/optimization_guide_hint_cache_store/LOCK,0,e3b0c44298fc1c149afbf4c8996fb92427ae41e4649b934ca495991b7852b855,,0,BROWSER_PROFILE,EXCLUDE_SENSITIVE,"Machine-specific browser cache/profile may contain cookies, login state, history, databases, or device identifiers."
.playwright-cli/chrome-popup-check/Default/optimization_guide_hint_cache_store/LOG,0,e3b0c44298fc1c149afbf4c8996fb92427ae41e4649b934ca495991b7852b855,,0,BROWSER_PROFILE,EXCLUDE_SENSITIVE,"Machine-specific browser cache/profile may contain cookies, login state, history, databases, or device identifiers."
.playwright-cli/chrome-popup-check/Default/parcel_tracking_db/LOCK,0,e3b0c44298fc1c149afbf4c8996fb92427ae41e4649b934ca495991b7852b855,,0,BROWSER_PROFILE,EXCLUDE_SENSITIVE,"Machine-specific browser cache/profile may contain cookies, login state, history, databases, or device identifiers."
.playwright-cli/chrome-popup-check/Default/parcel_tracking_db/LOG,0,e3b0c44298fc1c149afbf4c8996fb92427ae41e4649b934ca495991b7852b855,,0,BROWSER_PROFILE,EXCLUDE_SENSITIVE,"Machine-specific browser cache/profile may contain cookies, login state, history, databases, or device identifiers."
.playwright-cli/chrome-popup-check/Default/PersistentOriginTrials/LOCK,0,e3b0c44298fc1c149afbf4c8996fb92427ae41e4649b934ca495991b7852b855,,0,BROWSER_PROFILE,EXCLUDE_SENSITIVE,"Machine-specific browser cache/profile may contain cookies, login state, history, databases, or device identifiers."
.playwright-cli/chrome-popup-check/Default/PersistentOriginTrials/LOG,0,e3b0c44298fc1c149afbf4c8996fb92427ae41e4649b934ca495991b7852b855,,0,BROWSER_PROFILE,EXCLUDE_SENSITIVE,"Machine-specific browser cache/profile may contain cookies, login state, history, databases, or device identifiers."
.playwright-cli/chrome-popup-check/Default/PreferredApps,33,42b55d126d1e640b1ed7a6bdcb9a46c81df461fa7e131f4f8c7108c2c61c14de,,1,BROWSER_PROFILE,EXCLUDE_SENSITIVE,"Machine-specific browser cache/profile may contain cookies, login state, history, databases, or device identifiers."
.playwright-cli/chrome-popup-check/Default/README,180,c43668eec4a8d88a5b3a06a84f8846853fe33e54293c2db56899a5a5dfb4d944,,1,BROWSER_PROFILE,EXCLUDE_SENSITIVE,"Machine-specific browser cache/profile may contain cookies, login state, history, databases, or device identifiers."
.playwright-cli/chrome-popup-check/Default/Safe Browsing Network/NetworkDataMigrated,0,e3b0c44298fc1c149afbf4c8996fb92427ae41e4649b934ca495991b7852b855,,0,BROWSER_PROFILE,EXCLUDE_SENSITIVE,"Machine-specific browser cache/profile may contain cookies, login state, history, databases, or device identifiers."
.playwright-cli/chrome-popup-check/Default/Safe Browsing Network/Safe Browsing Cookies,20480,40cfaef080aad157b7f8e0fade5b8a83ca8eb2a84fcea586458803c1e4d32e5b,,6,BROWSER_PROFILE,EXCLUDE_SENSITIVE,"Machine-specific browser cache/profile may contain cookies, login state, history, databases, or device identifiers."
.playwright-cli/chrome-popup-check/Default/Safe Browsing Network/Safe Browsing Cookies-journal,0,e3b0c44298fc1c149afbf4c8996fb92427ae41e4649b934ca495991b7852b855,,0,BROWSER_PROFILE,EXCLUDE_SENSITIVE,"Machine-specific browser cache/profile may contain cookies, login state, history, databases, or device identifiers."
.playwright-cli/chrome-popup-check/Default/Segmentation Platform/SegmentInfoDB/LOCK,0,e3b0c44298fc1c149afbf4c8996fb92427ae41e4649b934ca495991b7852b855,,0,BROWSER_PROFILE,EXCLUDE_SENSITIVE,"Machine-specific browser cache/profile may contain cookies, login state, history, databases, or device identifiers."
.playwright-cli/chrome-popup-check/Default/Segmentation Platform/SegmentInfoDB/LOG,0,e3b0c44298fc1c149afbf4c8996fb92427ae41e4649b934ca495991b7852b855,,0,BROWSER_PROFILE,EXCLUDE_SENSITIVE,"Machine-specific browser cache/profile may contain cookies, login state, history, databases, or device identifiers."
.playwright-cli/chrome-popup-check/Default/Segmentation Platform/SignalDB/LOCK,0,e3b0c44298fc1c149afbf4c8996fb92427ae41e4649b934ca495991b7852b855,,0,BROWSER_PROFILE,EXCLUDE_SENSITIVE,"Machine-specific browser cache/profile may contain cookies, login state, history, databases, or device identifiers."
.playwright-cli/chrome-popup-check/Default/Segmentation Platform/SignalDB/LOG,0,e3b0c44298fc1c149afbf4c8996fb92427ae41e4649b934ca495991b7852b855,,0,BROWSER_PROFILE,EXCLUDE_SENSITIVE,"Machine-specific browser cache/profile may contain cookies, login state, history, databases, or device identifiers."
.playwright-cli/chrome-popup-check/Default/Segmentation Platform/SignalStorageConfigDB/LOCK,0,e3b0c44298fc1c149afbf4c8996fb92427ae41e4649b934ca495991b7852b855,,0,BROWSER_PROFILE,EXCLUDE_SENSITIVE,"Machine-specific browser cache/profile may contain cookies, login state, history, databases, or device identifiers."
.playwright-cli/chrome-popup-check/Default/Segmentation Platform/SignalStorageConfigDB/LOG,0,e3b0c44298fc1c149afbf4c8996fb92427ae41e4649b934ca495991b7852b855,,0,BROWSER_PROFILE,EXCLUDE_SENSITIVE,"Machine-specific browser cache/profile may contain cookies, login state, history, databases, or device identifiers."
.playwright-cli/chrome-popup-check/Default/ServerCertificate,20480,4d2411474fd0bd7237bae798a21959c422dccc3275d742b8de4440cc244b22ce,,6,BROWSER_PROFILE,EXCLUDE_SENSITIVE,"Machine-specific browser cache/profile may contain cookies, login state, history, databases, or device identifiers."
.playwright-cli/chrome-popup-check/Default/ServerCertificate-journal,0,e3b0c44298fc1c149afbf4c8996fb92427ae41e4649b934ca495991b7852b855,,0,BROWSER_PROFILE,EXCLUDE_SENSITIVE,"Machine-specific browser cache/profile may contain cookies, login state, history, databases, or device identifiers."
.playwright-cli/chrome-popup-check/Default/Service Worker/Database/000003.log,2296,ed0c34082b75ff41b068c3c7da19f68d9a25a6ed2b5dfe7525a85fe8e224a505,.log,3,BROWSER_PROFILE,EXCLUDE_SENSITIVE,"Machine-specific browser cache/profile may contain cookies, login state, history, databases, or device identifiers."
.playwright-cli/chrome-popup-check/Default/Service Worker/Database/CURRENT,16,0f1bad70c7bd1e0a69562853ec529355462fcd0423263a3d39d6d0d70b780443,,1,BROWSER_PROFILE,EXCLUDE_SENSITIVE,"Machine-specific browser cache/profile may contain cookies, login state, history, databases, or device identifiers."
.playwright-cli/chrome-popup-check/Default/Service Worker/Database/LOCK,0,e3b0c44298fc1c149afbf4c8996fb92427ae41e4649b934ca495991b7852b855,,0,BROWSER_PROFILE,EXCLUDE_SENSITIVE,"Machine-specific browser cache/profile may contain cookies, login state, history, databases, or device identifiers."
.playwright-cli/chrome-popup-check/Default/Service Worker/Database/LOG,303,1b0c58d9953e70230c4a83953d75b28e2fe3b177a11dcd58bae964bc54618038,,2,BROWSER_PROFILE,EXCLUDE_SENSITIVE,"Machine-specific browser cache/profile may contain cookies, login state, history, databases, or device identifiers."
.playwright-cli/chrome-popup-check/Default/Service Worker/Database/MANIFEST-000001,41,f9d31b278e215eb0d0e9cd709edfa037e828f36214ab7906f612160fead4b2b4,,1,BROWSER_PROFILE,EXCLUDE_SENSITIVE,"Machine-specific browser cache/profile may contain cookies, login state, history, databases, or device identifiers."
.playwright-cli/chrome-popup-check/Default/Service Worker/ScriptCache/2cc80dabc69f58b6_0,472,7433e2de592bac3d53e34206cd580d140d107eae0defa146b238d209d3b34c87,,8,BROWSER_PROFILE,EXCLUDE_SENSITIVE,"Machine-specific browser cache/profile may contain cookies, login state, history, databases, or device identifiers."
.playwright-cli/chrome-popup-check/Default/Service Worker/ScriptCache/4cb013792b196a35_0,10387,9bfcd210dc08c82ce5d351f0b2e015d246be763173e1310cc3fe651d99c308aa,,302,BROWSER_PROFILE,EXCLUDE_SENSITIVE,"Machine-specific browser cache/profile may contain cookies, login state, history, databases, or device identifiers."
.playwright-cli/chrome-popup-check/Default/Service Worker/ScriptCache/4cb013792b196a35_1,7217,3a18ce1e473651d8811fd0e246edbbce06dcb6b89bf91233750f7aaba12df741,,72,BROWSER_PROFILE,EXCLUDE_SENSITIVE,"Machine-specific browser cache/profile may contain cookies, login state, history, databases, or device identifiers."
.playwright-cli/chrome-popup-check/Default/Service Worker/ScriptCache/f1cdccba37924bda_0,132923,30f9aec7ccc4fdc4dd57f3b72130a087288c66210b65b52ed0b2f951c53a9bb3,,250,BROWSER_PROFILE,EXCLUDE_SENSITIVE,"Machine-specific browser cache/profile may contain cookies, login state, history, databases, or device identifiers."
.playwright-cli/chrome-popup-check/Default/Service Worker/ScriptCache/f1cdccba37924bda_1,335801,71d06da07780c17b25945fee8e87ba49baafb2054dc1ae70db38b502d14b39f3,,2854,BROWSER_PROFILE,EXCLUDE_SENSITIVE,"Machine-specific browser cache/profile may contain cookies, login state, history, databases, or device identifiers."
.playwright-cli/chrome-popup-check/Default/Service Worker/ScriptCache/index,24,fbcfe23a2ecb82b7100c50811691dde0a33aa3da8d176be9882a9db485dc0f2d,,1,BROWSER_PROFILE,EXCLUDE_SENSITIVE,"Machine-specific browser cache/profile may contain cookies, login state, history, databases, or device identifiers."
.playwright-cli/chrome-popup-check/Default/Service Worker/ScriptCache/index-dir/the-real-index,72,e8dbeef9aa3dc64005b973aaa77632b19cc8e85030d35e05ee8b1d81a23a94c4,,2,BROWSER_PROFILE,EXCLUDE_SENSITIVE,"Machine-specific browser cache/profile may contain cookies, login state, history, databases, or device identifiers."
.playwright-cli/chrome-popup-check/Default/Session Storage/000003.log,372,57327c23f5a7846f23901e002dfd7abd50111e6657e3aefca4742e464231d237,.log,1,BROWSER_PROFILE,EXCLUDE_SENSITIVE,"Machine-specific browser cache/profile may contain cookies, login state, history, databases, or device identifiers."
.playwright-cli/chrome-popup-check/Default/Session Storage/CURRENT,16,0f1bad70c7bd1e0a69562853ec529355462fcd0423263a3d39d6d0d70b780443,,1,BROWSER_PROFILE,EXCLUDE_SENSITIVE,"Machine-specific browser cache/profile may contain cookies, login state, history, databases, or device identifiers."
.playwright-cli/chrome-popup-check/Default/Session Storage/LOCK,0,e3b0c44298fc1c149afbf4c8996fb92427ae41e4649b934ca495991b7852b855,,0,BROWSER_PROFILE,EXCLUDE_SENSITIVE,"Machine-specific browser cache/profile may contain cookies, login state, history, databases, or device identifiers."
.playwright-cli/chrome-popup-check/Default/Session Storage/LOG,287,abfcb5d4774d9e4904806f1ea6972ab5600250c592503f37bf1248d64baba4a0,,2,BROWSER_PROFILE,EXCLUDE_SENSITIVE,"Machine-specific browser cache/profile may contain cookies, login state, history, databases, or device identifiers."
.playwright-cli/chrome-popup-check/Default/Session Storage/MANIFEST-000001,41,f9d31b278e215eb0d0e9cd709edfa037e828f36214ab7906f612160fead4b2b4,,1,BROWSER_PROFILE,EXCLUDE_SENSITIVE,"Machine-specific browser cache/profile may contain cookies, login state, history, databases, or device identifiers."
.playwright-cli/chrome-popup-check/Default/Sessions/Session_13428149917124801,12169,f7f34e0c9fa7e131d8eacbbd0feea529aff4e6861cfb47deba79559421ea7639,,85,BROWSER_PROFILE,EXCLUDE_SENSITIVE,"Machine-specific browser cache/profile may contain cookies, login state, history, databases, or device identifiers."
.playwright-cli/chrome-popup-check/Default/Shared Dictionary/cache/index,24,fbcfe23a2ecb82b7100c50811691dde0a33aa3da8d176be9882a9db485dc0f2d,,1,BROWSER_PROFILE,EXCLUDE_SENSITIVE,"Machine-specific browser cache/profile may contain cookies, login state, history, databases, or device identifiers."
.playwright-cli/chrome-popup-check/Default/Shared Dictionary/cache/index-dir/the-real-index,48,70a6a6bd1f000570babf579ecdf93531f9aada78a2ed07e64b9253917658851e,,1,BROWSER_PROFILE,EXCLUDE_SENSITIVE,"Machine-specific browser cache/profile may contain cookies, login state, history, databases, or device identifiers."
.playwright-cli/chrome-popup-check/Default/Shared Dictionary/db,45056,fbb86c665b2fed35c372ce8996eb1c4e31082aedd6ad5fc6086cfac889c3471b,,20,BROWSER_PROFILE,EXCLUDE_SENSITIVE,"Machine-specific browser cache/profile may contain cookies, login state, history, databases, or device identifiers."
.playwright-cli/chrome-popup-check/Default/Shared Dictionary/db-journal,0,e3b0c44298fc1c149afbf4c8996fb92427ae41e4649b934ca495991b7852b855,,0,BROWSER_PROFILE,EXCLUDE_SENSITIVE,"Machine-specific browser cache/profile may contain cookies, login state, history, databases, or device identifiers."
.playwright-cli/chrome-popup-check/Default/shared_proto_db/000003.log,7194,8385157a0f8975a3bfb5932784678e4c4e7222c0c52cc6f3260215db715f3072,.log,227,BROWSER_PROFILE,EXCLUDE_SENSITIVE,"Machine-specific browser cache/profile may contain cookies, login state, history, databases, or device identifiers."
.playwright-cli/chrome-popup-check/Default/shared_proto_db/CURRENT,16,0f1bad70c7bd1e0a69562853ec529355462fcd0423263a3d39d6d0d70b780443,,1,BROWSER_PROFILE,EXCLUDE_SENSITIVE,"Machine-specific browser cache/profile may contain cookies, login state, history, databases, or device identifiers."
.playwright-cli/chrome-popup-check/Default/shared_proto_db/LOCK,0,e3b0c44298fc1c149afbf4c8996fb92427ae41e4649b934ca495991b7852b855,,0,BROWSER_PROFILE,EXCLUDE_SENSITIVE,"Machine-specific browser cache/profile may contain cookies, login state, history, databases, or device identifiers."
.playwright-cli/chrome-popup-check/Default/shared_proto_db/LOG,287,ff3c1c9d46b37975c2bf274dc176aac930ba364a38752f5368f2ab794d99a0c5,,2,BROWSER_PROFILE,EXCLUDE_SENSITIVE,"Machine-specific browser cache/profile may contain cookies, login state, history, databases, or device identifiers."
.playwright-cli/chrome-popup-check/Default/shared_proto_db/MANIFEST-000001,41,f9d31b278e215eb0d0e9cd709edfa037e828f36214ab7906f612160fead4b2b4,,1,BROWSER_PROFILE,EXCLUDE_SENSITIVE,"Machine-specific browser cache/profile may contain cookies, login state, history, databases, or device identifiers."
.playwright-cli/chrome-popup-check/Default/shared_proto_db/metadata/000003.log,938,424ee125c705f92aedd8cd8ecdab72ca61b8b67a2e8b8269d7be0d531288d360,.log,5,BROWSER_PROFILE,EXCLUDE_SENSITIVE,"Machine-specific browser cache/profile may contain cookies, login state, history, databases, or device identifiers."
.playwright-cli/chrome-popup-check/Default/shared_proto_db/metadata/CURRENT,16,0f1bad70c7bd1e0a69562853ec529355462fcd0423263a3d39d6d0d70b780443,,1,BROWSER_PROFILE,EXCLUDE_SENSITIVE,"Machine-specific browser cache/profile may contain cookies, login state, history, databases, or device identifiers."
.playwright-cli/chrome-popup-check/Default/shared_proto_db/metadata/LOCK,0,e3b0c44298fc1c149afbf4c8996fb92427ae41e4649b934ca495991b7852b855,,0,BROWSER_PROFILE,EXCLUDE_SENSITIVE,"Machine-specific browser cache/profile may contain cookies, login state, history, databases, or device identifiers."
.playwright-cli/chrome-popup-check/Default/shared_proto_db/metadata/LOG,305,19f26ba887709b90938834727b7e85043350d78eb05ec9c05648ebe4dd144211,,2,BROWSER_PROFILE,EXCLUDE_SENSITIVE,"Machine-specific browser cache/profile may contain cookies, login state, history, databases, or device identifiers."
.playwright-cli/chrome-popup-check/Default/shared_proto_db/metadata/MANIFEST-000001,41,f9d31b278e215eb0d0e9cd709edfa037e828f36214ab7906f612160fead4b2b4,,1,BROWSER_PROFILE,EXCLUDE_SENSITIVE,"Machine-specific browser cache/profile may contain cookies, login state, history, databases, or device identifiers."
.playwright-cli/chrome-popup-check/Default/Shortcuts,20480,7766a9b60e33ceb16bfc581390f10a79361348e2271d02235c23f77b744d6b4d,,8,BROWSER_PROFILE,EXCLUDE_SENSITIVE,"Machine-specific browser cache/profile may contain cookies, login state, history, databases, or device identifiers."
.playwright-cli/chrome-popup-check/Default/Shortcuts-journal,0,e3b0c44298fc1c149afbf4c8996fb92427ae41e4649b934ca495991b7852b855,,0,BROWSER_PROFILE,EXCLUDE_SENSITIVE,"Machine-specific browser cache/profile may contain cookies, login state, history, databases, or device identifiers."
.playwright-cli/chrome-popup-check/Default/Site Characteristics Database/000003.log,40,f096bc366a931fba656bdcd77b24af15a5f29fc53281a727c79f82c608ecfab8,.log,1,BROWSER_PROFILE,EXCLUDE_SENSITIVE,"Machine-specific browser cache/profile may contain cookies, login state, history, databases, or device identifiers."
.playwright-cli/chrome-popup-check/Default/Site Characteristics Database/CURRENT,16,0f1bad70c7bd1e0a69562853ec529355462fcd0423263a3d39d6d0d70b780443,,1,BROWSER_PROFILE,EXCLUDE_SENSITIVE,"Machine-specific browser cache/profile may contain cookies, login state, history, databases, or device identifiers."
.playwright-cli/chrome-popup-check/Default/Site Characteristics Database/LOCK,0,e3b0c44298fc1c149afbf4c8996fb92427ae41e4649b934ca495991b7852b855,,0,BROWSER_PROFILE,EXCLUDE_SENSITIVE,"Machine-specific browser cache/profile may contain cookies, login state, history, databases, or device identifiers."
.playwright-cli/chrome-popup-check/Default/Site Characteristics Database/LOG,315,e2f00c48fc2e8cd73404cc364056b3059fb17aa576982025b079592d36cf9514,,2,BROWSER_PROFILE,EXCLUDE_SENSITIVE,"Machine-specific browser cache/profile may contain cookies, login state, history, databases, or device identifiers."
.playwright-cli/chrome-popup-check/Default/Site Characteristics Database/MANIFEST-000001,41,f9d31b278e215eb0d0e9cd709edfa037e828f36214ab7906f612160fead4b2b4,,1,BROWSER_PROFILE,EXCLUDE_SENSITIVE,"Machine-specific browser cache/profile may contain cookies, login state, history, databases, or device identifiers."
.playwright-cli/chrome-popup-check/Default/Sync Data/LevelDB/000003.log,3036,04c147db7e22545632fdd3f11aa909ad8dcae3c130675a5d0286e42e317b9c5d,.log,16,BROWSER_PROFILE,EXCLUDE_SENSITIVE,"Machine-specific browser cache/profile may contain cookies, login state, history, databases, or device identifiers."
.playwright-cli/chrome-popup-check/Default/Sync Data/LevelDB/CURRENT,16,0f1bad70c7bd1e0a69562853ec529355462fcd0423263a3d39d6d0d70b780443,,1,BROWSER_PROFILE,EXCLUDE_SENSITIVE,"Machine-specific browser cache/profile may contain cookies, login state, history, databases, or device identifiers."
.playwright-cli/chrome-popup-check/Default/Sync Data/LevelDB/LOCK,0,e3b0c44298fc1c149afbf4c8996fb92427ae41e4649b934ca495991b7852b855,,0,BROWSER_PROFILE,EXCLUDE_SENSITIVE,"Machine-specific browser cache/profile may contain cookies, login state, history, databases, or device identifiers."
.playwright-cli/chrome-popup-check/Default/Sync Data/LevelDB/LOG,291,d4fd383474c59332ab6e676d2486b31bf81b450602a5f179612b7272ae4985ab,,2,BROWSER_PROFILE,EXCLUDE_SENSITIVE,"Machine-specific browser cache/profile may contain cookies, login state, history, databases, or device identifiers."
.playwright-cli/chrome-popup-check/Default/Sync Data/LevelDB/MANIFEST-000001,41,f9d31b278e215eb0d0e9cd709edfa037e828f36214ab7906f612160fead4b2b4,,1,BROWSER_PROFILE,EXCLUDE_SENSITIVE,"Machine-specific browser cache/profile may contain cookies, login state, history, databases, or device identifiers."
.playwright-cli/chrome-popup-check/Default/Top Sites,20480,e0699b971204e3bc53bcb44f67dccc323f9f6146490565f687815d8593b3a4f7,,6,BROWSER_PROFILE,EXCLUDE_SENSITIVE,"Machine-specific browser cache/profile may contain cookies, login state, history, databases, or device identifiers."
.playwright-cli/chrome-popup-check/Default/Top Sites-journal,0,e3b0c44298fc1c149afbf4c8996fb92427ae41e4649b934ca495991b7852b855,,0,BROWSER_PROFILE,EXCLUDE_SENSITIVE,"Machine-specific browser cache/profile may contain cookies, login state, history, databases, or device identifiers."
.playwright-cli/chrome-popup-check/Default/trusted_vault.pb,84,b87bf305aafae1f1ec7dd947176c9529b2a9cbd4a3bf296fce25fc009e725366,.pb,2,BROWSER_PROFILE,EXCLUDE_SENSITIVE,"Machine-specific browser cache/profile may contain cookies, login state, history, databases, or device identifiers."
.playwright-cli/chrome-popup-check/Default/Web Applications/Manifest Resources/aghbiahbpaijignceidepookljebhfak/Icons/128.png,8338,d9fcb04ae27f15dc6555022c13eff06631cf070e169c0b895f0f9189a10fbd56,.png,76,BROWSER_PROFILE,EXCLUDE_SENSITIVE,"Machine-specific browser cache/profile may contain cookies, login state, history, databases, or device identifiers."
.playwright-cli/chrome-popup-check/Default/Web Applications/Manifest Resources/aghbiahbpaijignceidepookljebhfak/Icons/192.png,5523,1ad1a4f19ee8e5e3789ba4fd6c97c619f74bc8a1a45ab5eb8f48b58f9f3ac3ee,.png,41,BROWSER_PROFILE,EXCLUDE_SENSITIVE,"Machine-specific browser cache/profile may contain cookies, login state, history, databases, or device identifiers."
.playwright-cli/chrome-popup-check/Default/Web Applications/Manifest Resources/aghbiahbpaijignceidepookljebhfak/Icons/256.png,20518,59d76d87087d27eb3bdced638c1630141ff7f7b3e82004ca16e9bb4aa303045f,.png,172,BROWSER_PROFILE,EXCLUDE_SENSITIVE,"Machine-specific browser cache/profile may contain cookies, login state, history, databases, or device identifiers."
.playwright-cli/chrome-popup-check/Default/Web Applications/Manifest Resources/aghbiahbpaijignceidepookljebhfak/Icons/32.png,1891,bff3a19327fd09a24c1aa4e7f34c508d7e668a8eb32f2cc7c33bcaa7e9ee2319,.png,17,BROWSER_PROFILE,EXCLUDE_SENSITIVE,"Machine-specific browser cache/profile may contain cookies, login state, history, databases, or device identifiers."
.playwright-cli/chrome-popup-check/Default/Web Applications/Manifest Resources/aghbiahbpaijignceidepookljebhfak/Icons/48.png,2984,7240c3f7a6c52b13e5716203459e85db4afe6d999d75d9e7744c7f773264e11e,.png,30,BROWSER_PROFILE,EXCLUDE_SENSITIVE,"Machine-specific browser cache/profile may contain cookies, login state, history, databases, or device identifiers."
.playwright-cli/chrome-popup-check/Default/Web Applications/Manifest Resources/aghbiahbpaijignceidepookljebhfak/Icons/64.png,3975,7569c63e3abe7639c919dc64382c0fa6aa2327e091abc67fd812e5d404f8046a,.png,31,BROWSER_PROFILE,EXCLUDE_SENSITIVE,"Machine-specific browser cache/profile may contain cookies, login state, history, databases, or device identifiers."
.playwright-cli/chrome-popup-check/Default/Web Applications/Manifest Resources/aghbiahbpaijignceidepookljebhfak/Icons/96.png,6049,1626edb98d38f7588ba2fa6881ee1ce9a46d28f9760cfab6e7badfe01d1ffc68,.png,49,BROWSER_PROFILE,EXCLUDE_SENSITIVE,"Machine-specific browser cache/profile may contain cookies, login state, history, databases, or device identifiers."
.playwright-cli/chrome-popup-check/Default/Web Applications/Manifest Resources/aghbiahbpaijignceidepookljebhfak/Trusted Icons/Icons/192.png,5523,1ad1a4f19ee8e5e3789ba4fd6c97c619f74bc8a1a45ab5eb8f48b58f9f3ac3ee,.png,41,BROWSER_PROFILE,EXCLUDE_SENSITIVE,"Machine-specific browser cache/profile may contain cookies, login state, history, databases, or device identifiers."
.playwright-cli/chrome-popup-check/Default/Web Applications/Manifest Resources/agimnkijcaahngcdmfeangaknmldooml/Icons/128.png,10369,21e62dd92c76155912fca7c320837039c05d087d2a6590e7637b9e82ce576947,.png,88,BROWSER_PROFILE,EXCLUDE_SENSITIVE,"Machine-specific browser cache/profile may contain cookies, login state, history, databases, or device identifiers."
.playwright-cli/chrome-popup-check/Default/Web Applications/Manifest Resources/agimnkijcaahngcdmfeangaknmldooml/Icons/192.png,7081,62fa13461b5d8d6fb313a58ad0f60f461a80e68aefc1931755ffa4c2a8510fb6,.png,68,BROWSER_PROFILE,EXCLUDE_SENSITIVE,"Machine-specific browser cache/profile may contain cookies, login state, history, databases, or device identifiers."
.playwright-cli/chrome-popup-check/Default/Web Applications/Manifest Resources/agimnkijcaahngcdmfeangaknmldooml/Icons/256.png,26383,b48e75f50a26c8a54b6aa4c2d866bba84e15035a9567cc7c51ab7ea2e29f367b,.png,257,BROWSER_PROFILE,EXCLUDE_SENSITIVE,"Machine-specific browser cache/profile may contain cookies, login state, history, databases, or device identifiers."
.playwright-cli/chrome-popup-check/Default/Web Applications/Manifest Resources/agimnkijcaahngcdmfeangaknmldooml/Icons/32.png,1572,7cce326e62b1efd08d37bee0c3cd20258a2527e5b267a359c03240a76badced0,.png,15,BROWSER_PROFILE,EXCLUDE_SENSITIVE,"Machine-specific browser cache/profile may contain cookies, login state, history, databases, or device identifiers."
.playwright-cli/chrome-popup-check/Default/Web Applications/Manifest Resources/agimnkijcaahngcdmfeangaknmldooml/Icons/48.png,2572,442bdbf96a0bbf2274f4f2a7a2a27bcf0e0851131284797df90bff59f738894d,.png,25,BROWSER_PROFILE,EXCLUDE_SENSITIVE,"Machine-specific browser cache/profile may contain cookies, login state, history, databases, or device identifiers."
.playwright-cli/chrome-popup-check/Default/Web Applications/Manifest Resources/agimnkijcaahngcdmfeangaknmldooml/Icons/64.png,3945,6b2ff6fdec1a618e884b82acdff34292f05002959e1ccabf9c2723d383a47f98,.png,46,BROWSER_PROFILE,EXCLUDE_SENSITIVE,"Machine-specific browser cache/profile may contain cookies, login state, history, databases, or device identifiers."
.playwright-cli/chrome-popup-check/Default/Web Applications/Manifest Resources/agimnkijcaahngcdmfeangaknmldooml/Icons/96.png,7033,8b45cd8893a8f096233044c28161139a3751b81f48751ad3bbc761f6db19f8d9,.png,58,BROWSER_PROFILE,EXCLUDE_SENSITIVE,"Machine-specific browser cache/profile may contain cookies, login state, history, databases, or device identifiers."
.playwright-cli/chrome-popup-check/Default/Web Applications/Manifest Resources/agimnkijcaahngcdmfeangaknmldooml/Trusted Icons/Icons/192.png,7081,62fa13461b5d8d6fb313a58ad0f60f461a80e68aefc1931755ffa4c2a8510fb6,.png,68,BROWSER_PROFILE,EXCLUDE_SENSITIVE,"Machine-specific browser cache/profile may contain cookies, login state, history, databases, or device identifiers."
.playwright-cli/chrome-popup-check/Default/Web Applications/Manifest Resources/fhihpiojkbmbpdjeoajapmgkhlnakfjf/Icons/128.png,2336,13df66d32805dfaf77b0140eeeaf3ad0c0a3e58c2180eb91d1d2177fa63c96d5,.png,21,BROWSER_PROFILE,EXCLUDE_SENSITIVE,"Machine-specific browser cache/profile may contain cookies, login state, history, databases, or device identifiers."
.playwright-cli/chrome-popup-check/Default/Web Applications/Manifest Resources/fhihpiojkbmbpdjeoajapmgkhlnakfjf/Icons/192.png,1291,9b63a81a19ac89d558a8cd7ebbe9d76acccaa2dcb28da6c71efdb7795dd968bc,.png,11,BROWSER_PROFILE,EXCLUDE_SENSITIVE,"Machine-specific browser cache/profile may contain cookies, login state, history, databases, or device identifiers."
.playwright-cli/chrome-popup-check/Default/Web Applications/Manifest Resources/fhihpiojkbmbpdjeoajapmgkhlnakfjf/Icons/256.png,5309,ad44c3c70ab3b691184fb797934f6f01d273de856bb783b66f0310cfa6913f51,.png,30,BROWSER_PROFILE,EXCLUDE_SENSITIVE,"Machine-specific browser cache/profile may contain cookies, login state, history, databases, or device identifiers."
.playwright-cli/chrome-popup-check/Default/Web Applications/Manifest Resources/fhihpiojkbmbpdjeoajapmgkhlnakfjf/Icons/32.png,1061,23fb4d1613fb426612119928a7222ca84a9cba4ba081a8b1be7f2565c013c590,.png,9,BROWSER_PROFILE,EXCLUDE_SENSITIVE,"Machine-specific browser cache/profile may contain cookies, login state, history, databases, or device identifiers."
.playwright-cli/chrome-popup-check/Default/Web Applications/Manifest Resources/fhihpiojkbmbpdjeoajapmgkhlnakfjf/Icons/48.png,1403,4026f20c4673f485b58cbe99f107233d3239ca5261514707ac3e936e5904d166,.png,13,BROWSER_PROFILE,EXCLUDE_SENSITIVE,"Machine-specific browser cache/profile may contain cookies, login state, history, databases, or device identifiers."
.playwright-cli/chrome-popup-check/Default/Web Applications/Manifest Resources/fhihpiojkbmbpdjeoajapmgkhlnakfjf/Icons/64.png,1525,a48b758248e570f303ee54fac83f3f2db29b78bbfddd2a99d29da74773901d39,.png,15,BROWSER_PROFILE,EXCLUDE_SENSITIVE,"Machine-specific browser cache/profile may contain cookies, login state, history, databases, or device identifiers."
.playwright-cli/chrome-popup-check/Default/Web Applications/Manifest Resources/fhihpiojkbmbpdjeoajapmgkhlnakfjf/Icons/96.png,1897,2af2fe5b71a45d7fd33c0c5f45e27bdbbceb93fb884857ecb5c5e6619207da97,.png,17,BROWSER_PROFILE,EXCLUDE_SENSITIVE,"Machine-specific browser cache/profile may contain cookies, login state, history, databases, or device identifiers."
.playwright-cli/chrome-popup-check/Default/Web Applications/Manifest Resources/fhihpiojkbmbpdjeoajapmgkhlnakfjf/Trusted Icons/Icons/192.png,1291,9b63a81a19ac89d558a8cd7ebbe9d76acccaa2dcb28da6c71efdb7795dd968bc,.png,11,BROWSER_PROFILE,EXCLUDE_SENSITIVE,"Machine-specific browser cache/profile may contain cookies, login state, history, databases, or device identifiers."
.playwright-cli/chrome-popup-check/Default/Web Applications/Manifest Resources/fmgjjmmmlfnkbppncabfkddbjimcfncm/Icons/128.png,5635,32527de89a2910a708b7e12cfd50e2f6fe7fbc2fbc0416ad4414b37fc14c9a81,.png,61,BROWSER_PROFILE,EXCLUDE_SENSITIVE,"Machine-specific browser cache/profile may contain cookies, login state, history, databases, or device identifiers."
.playwright-cli/chrome-popup-check/Default/Web Applications/Manifest Resources/fmgjjmmmlfnkbppncabfkddbjimcfncm/Icons/192.png,2970,c4791216e0e00a6671efff290fb575532e0eb0d7b4d41f32118505ce257050d0,.png,33,BROWSER_PROFILE,EXCLUDE_SENSITIVE,"Machine-specific browser cache/profile may contain cookies, login state, history, databases, or device identifiers."
.playwright-cli/chrome-popup-check/Default/Web Applications/Manifest Resources/fmgjjmmmlfnkbppncabfkddbjimcfncm/Icons/256.png,13039,ac93c3fc3c5030ded4b12b84381639622a473d9e24880f5b27f83f231c83c325,.png,128,BROWSER_PROFILE,EXCLUDE_SENSITIVE,"Machine-specific browser cache/profile may contain cookies, login state, history, databases, or device identifiers."
.playwright-cli/chrome-popup-check/Default/Web Applications/Manifest Resources/fmgjjmmmlfnkbppncabfkddbjimcfncm/Icons/32.png,1618,9b0d42f3204f976503b7778a305dfe0308de2a35bc4213eba9515a859062d7e6,.png,17,BROWSER_PROFILE,EXCLUDE_SENSITIVE,"Machine-specific browser cache/profile may contain cookies, login state, history, databases, or device identifiers."
.playwright-cli/chrome-popup-check/Default/Web Applications/Manifest Resources/fmgjjmmmlfnkbppncabfkddbjimcfncm/Icons/48.png,2477,19a10b38e0a2ea27bf315bddbcfba056658748ba2cb5fb1eeac6ce57ee24ee17,.png,31,BROWSER_PROFILE,EXCLUDE_SENSITIVE,"Machine-specific browser cache/profile may contain cookies, login state, history, databases, or device identifiers."
.playwright-cli/chrome-popup-check/Default/Web Applications/Manifest Resources/fmgjjmmmlfnkbppncabfkddbjimcfncm/Icons/64.png,3110,6bdb05c7dacb988a1c28d71915dc8a8f7d10ffa62105a627403a0b12e6ea5291,.png,34,BROWSER_PROFILE,EXCLUDE_SENSITIVE,"Machine-specific browser cache/profile may contain cookies, login state, history, databases, or device identifiers."
.playwright-cli/chrome-popup-check/Default/Web Applications/Manifest Resources/fmgjjmmmlfnkbppncabfkddbjimcfncm/Icons/96.png,4052,570ed0d9dd6549490d40b0166c00cba0f7839d30ca5bed3918195ec9823555a4,.png,39,BROWSER_PROFILE,EXCLUDE_SENSITIVE,"Machine-specific browser cache/profile may contain cookies, login state, history, databases, or device identifiers."
.playwright-cli/chrome-popup-check/Default/Web Applications/Manifest Resources/fmgjjmmmlfnkbppncabfkddbjimcfncm/Trusted Icons/Icons/192.png,2970,c4791216e0e00a6671efff290fb575532e0eb0d7b4d41f32118505ce257050d0,.png,33,BROWSER_PROFILE,EXCLUDE_SENSITIVE,"Machine-specific browser cache/profile may contain cookies, login state, history, databases, or device identifiers."
.playwright-cli/chrome-popup-check/Default/Web Applications/Manifest Resources/kefjledonklijopmnomlcbpllchaibag/Icons/128.png,1998,af3f7b8c7c179beea0cf1737b93c73c352c2aeedf8da0bc73dac455345fd10cb,.png,25,BROWSER_PROFILE,EXCLUDE_SENSITIVE,"Machine-specific browser cache/profile may contain cookies, login state, history, databases, or device identifiers."
.playwright-cli/chrome-popup-check/Default/Web Applications/Manifest Resources/kefjledonklijopmnomlcbpllchaibag/Icons/192.png,1219,e335c052ca8ff255a1443d8e2fb98db923841839502798c590b559e0b4969644,.png,12,BROWSER_PROFILE,EXCLUDE_SENSITIVE,"Machine-specific browser cache/profile may contain cookies, login state, history, databases, or device identifiers."
.playwright-cli/chrome-popup-check/Default/Web Applications/Manifest Resources/kefjledonklijopmnomlcbpllchaibag/Icons/256.png,4247,68b1863e8b8b000c9bb193fb3e944cd9729975a585aa3a3526c972af41f256bb,.png,18,BROWSER_PROFILE,EXCLUDE_SENSITIVE,"Machine-specific browser cache/profile may contain cookies, login state, history, databases, or device identifiers."
.playwright-cli/chrome-popup-check/Default/Web Applications/Manifest Resources/kefjledonklijopmnomlcbpllchaibag/Icons/32.png,952,e566796c18517e7084e3a892b3291cc189b85e7830800503c256998ab697a507,.png,13,BROWSER_PROFILE,EXCLUDE_SENSITIVE,"Machine-specific browser cache/profile may contain cookies, login state, history, databases, or device identifiers."
.playwright-cli/chrome-popup-check/Default/Web Applications/Manifest Resources/kefjledonklijopmnomlcbpllchaibag/Icons/48.png,1216,e6a388a37190319e75b74c83114f1357ed1c71dc07d09c9e1909bb202f947dc0,.png,10,BROWSER_PROFILE,EXCLUDE_SENSITIVE,"Machine-specific browser cache/profile may contain cookies, login state, history, databases, or device identifiers."
.playwright-cli/chrome-popup-check/Default/Web Applications/Manifest Resources/kefjledonklijopmnomlcbpllchaibag/Icons/64.png,1376,3541739cb3f536a4dc222f91bfecf127c1acaea8b16af1ccf603c8e3a11e4428,.png,13,BROWSER_PROFILE,EXCLUDE_SENSITIVE,"Machine-specific browser cache/profile may contain cookies, login state, history, databases, or device identifiers."
.playwright-cli/chrome-popup-check/Default/Web Applications/Manifest Resources/kefjledonklijopmnomlcbpllchaibag/Icons/96.png,1570,ddd348ddaa494673a2c3bc77c934f1fa58f5a478b93bab2b4df45b399723a380,.png,8,BROWSER_PROFILE,EXCLUDE_SENSITIVE,"Machine-specific browser cache/profile may contain cookies, login state, history, databases, or device identifiers."
.playwright-cli/chrome-popup-check/Default/Web Applications/Manifest Resources/kefjledonklijopmnomlcbpllchaibag/Trusted Icons/Icons/192.png,1219,e335c052ca8ff255a1443d8e2fb98db923841839502798c590b559e0b4969644,.png,12,BROWSER_PROFILE,EXCLUDE_SENSITIVE,"Machine-specific browser cache/profile may contain cookies, login state, history, databases, or device identifiers."
.playwright-cli/chrome-popup-check/Default/Web Applications/Manifest Resources/mpnpojknpmmopombnjdcgaaiekajbnjb/Icons/128.png,2055,785639218e15e9721cb27b49e06b796a088d4cedb56bd69348569722d452f8ea,.png,18,BROWSER_PROFILE,EXCLUDE_SENSITIVE,"Machine-specific browser cache/profile may contain cookies, login state, history, databases, or device identifiers."
.playwright-cli/chrome-popup-check/Default/Web Applications/Manifest Resources/mpnpojknpmmopombnjdcgaaiekajbnjb/Icons/192.png,1234,72036cc86fa0db966ef11aceac28ce3de39273cb12b1f25aa1ed88ea322a0545,.png,7,BROWSER_PROFILE,EXCLUDE_SENSITIVE,"Machine-specific browser cache/profile may contain cookies, login state, history, databases, or device identifiers."
.playwright-cli/chrome-popup-check/Default/Web Applications/Manifest Resources/mpnpojknpmmopombnjdcgaaiekajbnjb/Icons/256.png,4753,3352707db7b0e5fb86fa88d5ba15cc85e0d3e6a89c7d6b23ae3c55cf22586c89,.png,22,BROWSER_PROFILE,EXCLUDE_SENSITIVE,"Machine-specific browser cache/profile may contain cookies, login state, history, databases, or device identifiers."
.playwright-cli/chrome-popup-check/Default/Web Applications/Manifest Resources/mpnpojknpmmopombnjdcgaaiekajbnjb/Icons/32.png,960,c6fa451ecd1a8a9533801028bc70cf82ef48eba11bb835e53e6c530b43018938,.png,8,BROWSER_PROFILE,EXCLUDE_SENSITIVE,"Machine-specific browser cache/profile may contain cookies, login state, history, databases, or device identifiers."
.playwright-cli/chrome-popup-check/Default/Web Applications/Manifest Resources/mpnpojknpmmopombnjdcgaaiekajbnjb/Icons/48.png,1117,83ef95a95ee50fcd2d960be5f14d20d591a2f5265fd4902e9cc8817749643557,.png,13,BROWSER_PROFILE,EXCLUDE_SENSITIVE,"Machine-specific browser cache/profile may contain cookies, login state, history, databases, or device identifiers."
.playwright-cli/chrome-popup-check/Default/Web Applications/Manifest Resources/mpnpojknpmmopombnjdcgaaiekajbnjb/Icons/64.png,1274,b8b67264481bbe3d4bd81b0083eff283016232541e338c67d093f68fcc359cbd,.png,12,BROWSER_PROFILE,EXCLUDE_SENSITIVE,"Machine-specific browser cache/profile may contain cookies, login state, history, databases, or device identifiers."
.playwright-cli/chrome-popup-check/Default/Web Applications/Manifest Resources/mpnpojknpmmopombnjdcgaaiekajbnjb/Icons/96.png,1517,929983d4adafac605ef419da02b8db2dd0ec35fc7dd7209f437e134308327261,.png,14,BROWSER_PROFILE,EXCLUDE_SENSITIVE,"Machine-specific browser cache/profile may contain cookies, login state, history, databases, or device identifiers."
.playwright-cli/chrome-popup-check/Default/Web Applications/Manifest Resources/mpnpojknpmmopombnjdcgaaiekajbnjb/Trusted Icons/Icons/192.png,1234,72036cc86fa0db966ef11aceac28ce3de39273cb12b1f25aa1ed88ea322a0545,.png,7,BROWSER_PROFILE,EXCLUDE_SENSITIVE,"Machine-specific browser cache/profile may contain cookies, login state, history, databases, or device identifiers."
.playwright-cli/chrome-popup-check/Default/Web Applications/Manifest Resources/pommaclcbfghclhalboakcipcmmndhcj/Icons/128.png,3262,c1d053e070a02c4a970a1e09601b847826ce158bc9cad4ebbf04706655d6a03e,.png,29,BROWSER_PROFILE,EXCLUDE_SENSITIVE,"Machine-specific browser cache/profile may contain cookies, login state, history, databases, or device identifiers."
.playwright-cli/chrome-popup-check/Default/Web Applications/Manifest Resources/pommaclcbfghclhalboakcipcmmndhcj/Icons/192.png,1798,e8006048ffc9aacb8d04179877ba4d7c64e7db7ad5aa27f322f49241ec79adc1,.png,16,BROWSER_PROFILE,EXCLUDE_SENSITIVE,"Machine-specific browser cache/profile may contain cookies, login state, history, databases, or device identifiers."
.playwright-cli/chrome-popup-check/Default/Web Applications/Manifest Resources/pommaclcbfghclhalboakcipcmmndhcj/Icons/256.png,6507,63ab8e6fc93adfd669e24daba0a68303607aedcf8f8a6e6d75b6614d8d2c82c4,.png,33,BROWSER_PROFILE,EXCLUDE_SENSITIVE,"Machine-specific browser cache/profile may contain cookies, login state, history, databases, or device identifiers."
.playwright-cli/chrome-popup-check/Default/Web Applications/Manifest Resources/pommaclcbfghclhalboakcipcmmndhcj/Icons/32.png,1379,e5cfd25297afeed35f2932ede23ab2b49ef40ba498a51bc52a124b5ebe721539,.png,17,BROWSER_PROFILE,EXCLUDE_SENSITIVE,"Machine-specific browser cache/profile may contain cookies, login state, history, databases, or device identifiers."
.playwright-cli/chrome-popup-check/Default/Web Applications/Manifest Resources/pommaclcbfghclhalboakcipcmmndhcj/Icons/48.png,1837,1f763520713953f55df389caee55e1320b3b91d16199dd476a22fb42cc14acc6,.png,23,BROWSER_PROFILE,EXCLUDE_SENSITIVE,"Machine-specific browser cache/profile may contain cookies, login state, history, databases, or device identifiers."
.playwright-cli/chrome-popup-check/Default/Web Applications/Manifest Resources/pommaclcbfghclhalboakcipcmmndhcj/Icons/64.png,2121,3227838954949b03fb522482b0bd1cba7e59fea739c5f489ea75ada4cc86f582,.png,19,BROWSER_PROFILE,EXCLUDE_SENSITIVE,"Machine-specific browser cache/profile may contain cookies, login state, history, databases, or device identifiers."
.playwright-cli/chrome-popup-check/Default/Web Applications/Manifest Resources/pommaclcbfghclhalboakcipcmmndhcj/Icons/96.png,2583,f07cd66b4ccc01483c55587b59b45593d4def81c2b99aa2473c31b2da84a4a15,.png,27,BROWSER_PROFILE,EXCLUDE_SENSITIVE,"Machine-specific browser cache/profile may contain cookies, login state, history, databases, or device identifiers."
.playwright-cli/chrome-popup-check/Default/Web Applications/Manifest Resources/pommaclcbfghclhalboakcipcmmndhcj/Trusted Icons/Icons/192.png,1798,e8006048ffc9aacb8d04179877ba4d7c64e7db7ad5aa27f322f49241ec79adc1,.png,16,BROWSER_PROFILE,EXCLUDE_SENSITIVE,"Machine-specific browser cache/profile may contain cookies, login state, history, databases, or device identifiers."
.playwright-cli/chrome-popup-check/Default/Web Data,157696,71a68e149e304bea36981eb6f258e09151aba8476bcece09819de93cae792571,,172,BROWSER_PROFILE,EXCLUDE_SENSITIVE,"Machine-specific browser cache/profile may contain cookies, login state, history, databases, or device identifiers."
.playwright-cli/chrome-popup-check/Default/Web Data-journal,0,e3b0c44298fc1c149afbf4c8996fb92427ae41e4649b934ca495991b7852b855,,0,BROWSER_PROFILE,EXCLUDE_SENSITIVE,"Machine-specific browser cache/profile may contain cookies, login state, history, databases, or device identifiers."
.playwright-cli/chrome-popup-check/Default/WebStorage/QuotaManager,40960,551d052843a061ae5dd59a1cc1efeee2297a9b63d94d49336b2075af99a7345c,,16,BROWSER_PROFILE,EXCLUDE_SENSITIVE,"Machine-specific browser cache/profile may contain cookies, login state, history, databases, or device identifiers."
.playwright-cli/chrome-popup-check/Default/WebStorage/QuotaManager-journal,8720,7ea0373ec6191af1effa8a3c91fa3d6904b49377e938c73986d680386bff89cb,,4,BROWSER_PROFILE,EXCLUDE_SENSITIVE,"Machine-specific browser cache/profile may contain cookies, login state, history, databases, or device identifiers."
.playwright-cli/chrome-popup-check/en-US-10-1.bdic,451968,a075b01d9b015c616511a9e87da77da3d9881621db32f584e4606ddabf1c1100,.bdic,1217,BROWSER_PROFILE,EXCLUDE_SENSITIVE,"Machine-specific browser cache/profile may contain cookies, login state, history, databases, or device identifiers."
.playwright-cli/chrome-popup-check/extensions_crx_cache/f83832c37a0969ce89f77b16eaa07457b03f43029abaec00eaedce2674adbaf5,156369,f83832c37a0969ce89f77b16eaa07457b03f43029abaec00eaedce2674adbaf5,,1144,BROWSER_PROFILE,EXCLUDE_SENSITIVE,"Machine-specific browser cache/profile may contain cookies, login state, history, databases, or device identifiers."
.playwright-cli/chrome-popup-check/first_party_sets.db,49152,a6bd93ac4745253b0e55c51ca514472a2a71c4e32fa72d206fe2a9d080ae7b08,.db,25,BROWSER_PROFILE,EXCLUDE_SENSITIVE,"Machine-specific browser cache/profile may contain cookies, login state, history, databases, or device identifiers."
.playwright-cli/chrome-popup-check/first_party_sets.db-journal,0,e3b0c44298fc1c149afbf4c8996fb92427ae41e4649b934ca495991b7852b855,.db-journal,0,BROWSER_PROFILE,EXCLUDE_SENSITIVE,"Machine-specific browser cache/profile may contain cookies, login state, history, databases, or device identifiers."
.playwright-cli/chrome-popup-check/GPUPersistentCache/DawnGraphiteCache/MNIWWJ6LYBXKQS7RZ2KZNUZ3QHFNW4K3/cache.db,4096,0ab48b25cba617ed3a4acca0161813b314c095ef63544bb4af60769eb1012977,.db,2,BROWSER_PROFILE,EXCLUDE_SENSITIVE,"Machine-specific browser cache/profile may contain cookies, login state, history, databases, or device identifiers."
.playwright-cli/chrome-popup-check/GPUPersistentCache/DawnGraphiteCache/MNIWWJ6LYBXKQS7RZ2KZNUZ3QHFNW4K3/cache.db-wal,12392,ac5e8c7bad2f94fe9a15fb43843cdff2a9c8806c5a6f3b6fe461b26f87f3e3a7,.db-wal,4,BROWSER_PROFILE,EXCLUDE_SENSITIVE,"Machine-specific browser cache/profile may contain cookies, login state, history, databases, or device identifiers."
.playwright-cli/chrome-popup-check/GPUPersistentCache/DawnGraphiteCache/MNIWWJ6LYBXKQS7RZ2KZNUZ3QHFNW4K3/cache.journal,0,e3b0c44298fc1c149afbf4c8996fb92427ae41e4649b934ca495991b7852b855,.journal,0,BROWSER_PROFILE,EXCLUDE_SENSITIVE,"Machine-specific browser cache/profile may contain cookies, login state, history, databases, or device identifiers."
.playwright-cli/chrome-popup-check/GrShaderCache/data_0,8192,d6a5fe39cd672781b256e0e3102f7022635f1d4bb7cfcc90a80fffe4d0f3877e,,1,BROWSER_PROFILE,EXCLUDE_SENSITIVE,"Machine-specific browser cache/profile may contain cookies, login state, history, databases, or device identifiers."
.playwright-cli/chrome-popup-check/GrShaderCache/data_1,270336,902f30c1fb0597d0734bc34b979ec5d131f8f39a4b71b338083821216ec8d61b,,1,BROWSER_PROFILE,EXCLUDE_SENSITIVE,"Machine-specific browser cache/profile may contain cookies, login state, history, databases, or device identifiers."
.playwright-cli/chrome-popup-check/GrShaderCache/data_2,8192,ec1702806f4cc7c42a82fc2b38e89835fde7c64bb32060e0823c9077ca92efb7,,1,BROWSER_PROFILE,EXCLUDE_SENSITIVE,"Machine-specific browser cache/profile may contain cookies, login state, history, databases, or device identifiers."
.playwright-cli/chrome-popup-check/GrShaderCache/data_3,8192,e09f42c398d688dce168570291f1f92d079987deda3099a34adb9e8c0522b30c,,1,BROWSER_PROFILE,EXCLUDE_SENSITIVE,"Machine-specific browser cache/profile may contain cookies, login state, history, databases, or device identifiers."
.playwright-cli/chrome-popup-check/GrShaderCache/index,262512,8d3e07f25ca9327a1ad431e7c935c2399ae011db96bc1e79bc5775c81a1a5fbc,,1,BROWSER_PROFILE,EXCLUDE_SENSITIVE,"Machine-specific browser cache/profile may contain cookies, login state, history, databases, or device identifiers."
.playwright-cli/chrome-popup-check/ko-3-0.bdic,11476456,75b5e033a0d6e1bba1e7ce6aad6f723d84128cda7f2048339c8c498f049f49bc,.bdic,,BROWSER_PROFILE,EXCLUDE_SENSITIVE,"Machine-specific browser cache/profile may contain cookies, login state, history, databases, or device identifiers."
.playwright-cli/chrome-popup-check/Last Browser,106,3615498fbef408a96bf30e01c318dac2d5451b054998119080e7faac5995f590,,1,BROWSER_PROFILE,EXCLUDE_SENSITIVE,"Machine-specific browser cache/profile may contain cookies, login state, history, databases, or device identifiers."
.playwright-cli/chrome-popup-check/Last Version,14,6e9b50a2a999bcda39d30019fe28aaafa592b8e4f09fd04b84ffc319d1993249,,1,BROWSER_PROFILE,EXCLUDE_SENSITIVE,"Machine-specific browser cache/profile may contain cookies, login state, history, databases, or device identifiers."
.playwright-cli/chrome-popup-check/Local State,1069,1be1de7f39b6eaf5b3f4f3e13a124504bb71b7fb8556fef95edfa0688dee49ba,,1,BROWSER_PROFILE,EXCLUDE_SENSITIVE,"Machine-specific browser cache/profile may contain cookies, login state, history, databases, or device identifiers."
.playwright-cli/chrome-popup-check/segmentation_platform/ukm_db,49152,a49ff6dec038345d9e4c3906da9d47e981f5a643a12f895a90468d79eba88491,,20,BROWSER_PROFILE,EXCLUDE_SENSITIVE,"Machine-specific browser cache/profile may contain cookies, login state, history, databases, or device identifiers."
.playwright-cli/chrome-popup-check/segmentation_platform/ukm_db-wal,0,e3b0c44298fc1c149afbf4c8996fb92427ae41e4649b934ca495991b7852b855,,0,BROWSER_PROFILE,EXCLUDE_SENSITIVE,"Machine-specific browser cache/profile may contain cookies, login state, history, databases, or device identifiers."
.playwright-cli/chrome-popup-check/ShaderCache/data_0,8192,d6a5fe39cd672781b256e0e3102f7022635f1d4bb7cfcc90a80fffe4d0f3877e,,1,BROWSER_PROFILE,EXCLUDE_SENSITIVE,"Machine-specific browser cache/profile may contain cookies, login state, history, databases, or device identifiers."
.playwright-cli/chrome-popup-check/ShaderCache/data_1,270336,902f30c1fb0597d0734bc34b979ec5d131f8f39a4b71b338083821216ec8d61b,,1,BROWSER_PROFILE,EXCLUDE_SENSITIVE,"Machine-specific browser cache/profile may contain cookies, login state, history, databases, or device identifiers."
.playwright-cli/chrome-popup-check/ShaderCache/data_2,8192,ec1702806f4cc7c42a82fc2b38e89835fde7c64bb32060e0823c9077ca92efb7,,1,BROWSER_PROFILE,EXCLUDE_SENSITIVE,"Machine-specific browser cache/profile may contain cookies, login state, history, databases, or device identifiers."
.playwright-cli/chrome-popup-check/ShaderCache/data_3,8192,e09f42c398d688dce168570291f1f92d079987deda3099a34adb9e8c0522b30c,,1,BROWSER_PROFILE,EXCLUDE_SENSITIVE,"Machine-specific browser cache/profile may contain cookies, login state, history, databases, or device identifiers."
.playwright-cli/chrome-popup-check/ShaderCache/index,262512,313861db5736b468c5de3b01aa294da6e73b023dc965efa55219804b5aa2acfe,,1,BROWSER_PROFILE,EXCLUDE_SENSITIVE,"Machine-specific browser cache/profile may contain cookies, login state, history, databases, or device identifiers."
.playwright-cli/chrome-popup-check/Variations,86,f7b24f2eb3d5eb0550527490395d2f61c3d2fe74bb9cb345197dad81b58b5fed,,1,BROWSER_PROFILE,EXCLUDE_SENSITIVE,"Machine-specific browser cache/profile may contain cookies, login state, history, databases, or device identifiers."
.playwright-cli/chrome-selection-flow-check/Crashpad/metadata,0,e3b0c44298fc1c149afbf4c8996fb92427ae41e4649b934ca495991b7852b855,,0,BROWSER_PROFILE,EXCLUDE_SENSITIVE,"Machine-specific browser cache/profile may contain cookies, login state, history, databases, or device identifiers."
.playwright-cli/chrome-selection-flow-check/Crashpad/settings.dat,40,3025d34dc336c55b187c4883a8bb41c327055dbf8f2a67f32a67ba3bf51b71c5,.dat,1,BROWSER_PROFILE,EXCLUDE_SENSITIVE,"Machine-specific browser cache/profile may contain cookies, login state, history, databases, or device identifiers."
.playwright-cli/chrome-selection-flow-check/CrashpadMetrics-active.pma,1048576,feababdf8dc0aad62f814941c8bf677dc36679a26b49d7ee096a7fecf1681aac,.pma,3,BROWSER_PROFILE,EXCLUDE_SENSITIVE,"Machine-specific browser cache/profile may contain cookies, login state, history, databases, or device identifiers."
.playwright-cli/chrome-selection-flow-check/Default/Account Web Data,77824,b671fc77f2eab823e977a4d842eaa80acefcc4a7fc205a76766a96f5196e65a8,,46,BROWSER_PROFILE,EXCLUDE_SENSITIVE,"Machine-specific browser cache/profile may contain cookies, login state, history, databases, or device identifiers."
.playwright-cli/chrome-selection-flow-check/Default/Account Web Data-journal,0,e3b0c44298fc1c149afbf4c8996fb92427ae41e4649b934ca495991b7852b855,,0,BROWSER_PROFILE,EXCLUDE_SENSITIVE,"Machine-specific browser cache/profile may contain cookies, login state, history, databases, or device identifiers."
.playwright-cli/chrome-selection-flow-check/Default/Affiliation Database,53248,687908afd0adf027324f343db40bdaceefe64afec45a24f08286b91f2d1bb181,,21,BROWSER_PROFILE,EXCLUDE_SENSITIVE,"Machine-specific browser cache/profile may contain cookies, login state, history, databases, or device identifiers."
.playwright-cli/chrome-selection-flow-check/Default/Affiliation Database-journal,0,e3b0c44298fc1c149afbf4c8996fb92427ae41e4649b934ca495991b7852b855,,0,BROWSER_PROFILE,EXCLUDE_SENSITIVE,"Machine-specific browser cache/profile may contain cookies, login state, history, databases, or device identifiers."
.playwright-cli/chrome-selection-flow-check/Default/AutofillAiModelCache/LOCK,0,e3b0c44298fc1c149afbf4c8996fb92427ae41e4649b934ca495991b7852b855,,0,BROWSER_PROFILE,EXCLUDE_SENSITIVE,"Machine-specific browser cache/profile may contain cookies, login state, history, databases, or device identifiers."
.playwright-cli/chrome-selection-flow-check/Default/AutofillAiModelCache/LOG,0,e3b0c44298fc1c149afbf4c8996fb92427ae41e4649b934ca495991b7852b855,,0,BROWSER_PROFILE,EXCLUDE_SENSITIVE,"Machine-specific browser cache/profile may contain cookies, login state, history, databases, or device identifiers."
.playwright-cli/chrome-selection-flow-check/Default/AutofillStrikeDatabase/LOCK,0,e3b0c44298fc1c149afbf4c8996fb92427ae41e4649b934ca495991b7852b855,,0,BROWSER_PROFILE,EXCLUDE_SENSITIVE,"Machine-specific browser cache/profile may contain cookies, login state, history, databases, or device identifiers."
.playwright-cli/chrome-selection-flow-check/Default/AutofillStrikeDatabase/LOG,0,e3b0c44298fc1c149afbf4c8996fb92427ae41e4649b934ca495991b7852b855,,0,BROWSER_PROFILE,EXCLUDE_SENSITIVE,"Machine-specific browser cache/profile may contain cookies, login state, history, databases, or device identifiers."
.playwright-cli/chrome-selection-flow-check/Default/BookmarkMergedSurfaceOrdering,6,4489f9e3e454748b3521eb214e0a5694d562cff3d9ff511cb456953c8f534c00,,2,BROWSER_PROFILE,EXCLUDE_SENSITIVE,"Machine-specific browser cache/profile may contain cookies, login state, history, databases, or device identifiers."
.playwright-cli/chrome-selection-flow-check/Default/BrowsingTopicsSiteData,28672,71a956cf71030a295cc2e0ee4694be069de8739d39150dee5ce685eff32f75b7,,10,BROWSER_PROFILE,EXCLUDE_SENSITIVE,"Machine-specific browser cache/profile may contain cookies, login state, history, databases, or device identifiers."
.playwright-cli/chrome-selection-flow-check/Default/BrowsingTopicsSiteData-journal,0,e3b0c44298fc1c149afbf4c8996fb92427ae41e4649b934ca495991b7852b855,,0,BROWSER_PROFILE,EXCLUDE_SENSITIVE,"Machine-specific browser cache/profile may contain cookies, login state, history, databases, or device identifiers."
.playwright-cli/chrome-selection-flow-check/Default/BrowsingTopicsState,414,6a92c75b759b1153e0ee559885549e6d4677a1d40ba560b35a35e72cbfeb7979,,12,BROWSER_PROFILE,EXCLUDE_SENSITIVE,"Machine-specific browser cache/profile may contain cookies, login state, history, databases, or device identifiers."
.playwright-cli/chrome-selection-flow-check/Default/BudgetDatabase/LOCK,0,e3b0c44298fc1c149afbf4c8996fb92427ae41e4649b934ca495991b7852b855,,0,BROWSER_PROFILE,EXCLUDE_SENSITIVE,"Machine-specific browser cache/profile may contain cookies, login state, history, databases, or device identifiers."
.playwright-cli/chrome-selection-flow-check/Default/BudgetDatabase/LOG,0,e3b0c44298fc1c149afbf4c8996fb92427ae41e4649b934ca495991b7852b855,,0,BROWSER_PROFILE,EXCLUDE_SENSITIVE,"Machine-specific browser cache/profile may contain cookies, login state, history, databases, or device identifiers."
.playwright-cli/chrome-selection-flow-check/Default/Cache/Cache_Data/data_0,45056,31bc1ebd0e70bcb53c835184828cc172eadd681592ab412dbcce9f050f138f06,,10,BROWSER_PROFILE,EXCLUDE_SENSITIVE,"Machine-specific browser cache/profile may contain cookies, login state, history, databases, or device identifiers."
.playwright-cli/chrome-selection-flow-check/Default/Cache/Cache_Data/data_1,270336,bec6c9bf6ff353c868bab5d7191e92b4e7b58f36f225a9b546ca183f1703f923,,32,BROWSER_PROFILE,EXCLUDE_SENSITIVE,"Machine-specific browser cache/profile may contain cookies, login state, history, databases, or device identifiers."
.playwright-cli/chrome-selection-flow-check/Default/Cache/Cache_Data/data_2,1056768,baacd7e0c9ade8b7f917f9ef67418c349422cc674b9a6eed8bd2e7b2c510e024,,876,BROWSER_PROFILE,EXCLUDE_SENSITIVE,"Machine-specific browser cache/profile may contain cookies, login state, history, databases, or device identifiers."
.playwright-cli/chrome-selection-flow-check/Default/Cache/Cache_Data/data_3,4202496,64f06675b9b6f88031b7849b703c6c4059248f2066429cb079436267bb5babba,,6522,BROWSER_PROFILE,EXCLUDE_SENSITIVE,"Machine-specific browser cache/profile may contain cookies, login state, history, databases, or device identifiers."
.playwright-cli/chrome-selection-flow-check/Default/Cache/Cache_Data/f_000001,34478,70ee5cb9173aab44a887de50c9b14fafb9533e006bb8378752442e5c63ae93f2,,960,BROWSER_PROFILE,EXCLUDE_SENSITIVE,"Machine-specific browser cache/profile may contain cookies, login state, history, databases, or device identifiers."
.playwright-cli/chrome-selection-flow-check/Default/Cache/Cache_Data/f_000002,451968,a075b01d9b015c616511a9e87da77da3d9881621db32f584e4606ddabf1c1100,,1217,BROWSER_PROFILE,EXCLUDE_SENSITIVE,"Machine-specific browser cache/profile may contain cookies, login state, history, databases, or device identifiers."
.playwright-cli/chrome-selection-flow-check/Default/Cache/Cache_Data/f_000003,21876,881f57a64c67d6c6e21f9780bfa41415bda0c6863516d41ef237a94140ac3ad8,,470,BROWSER_PROFILE,EXCLUDE_SENSITIVE,"Machine-specific browser cache/profile may contain cookies, login state, history, databases, or device identifiers."
.playwright-cli/chrome-selection-flow-check/Default/Cache/Cache_Data/f_000004,10071693,87c2a4885ea2744072f4b928707e3e7e33320ceda3ebfc0be7a7aeae6d37e310,,,BROWSER_PROFILE,EXCLUDE_SENSITIVE,"Machine-specific browser cache/profile may contain cookies, login state, history, databases, or device identifiers."
.playwright-cli/chrome-selection-flow-check/Default/Cache/Cache_Data/f_000005,48256,3100e775e8616cd2611beecfa23a4263d7037586789b43f035236a2e6fbd4c62,,366,BROWSER_PROFILE,EXCLUDE_SENSITIVE,"Machine-specific browser cache/profile may contain cookies, login state, history, databases, or device identifiers."
.playwright-cli/chrome-selection-flow-check/Default/Cache/Cache_Data/f_000006,34533,9e20217ee3ba8a8e1edc0f5936ca4d5f17763ad33f9dc5b63536a75a6d5907e2,,275,BROWSER_PROFILE,EXCLUDE_SENSITIVE,"Machine-specific browser cache/profile may contain cookies, login state, history, databases, or device identifiers."
.playwright-cli/chrome-selection-flow-check/Default/Cache/Cache_Data/index,524656,67181ca291ffcc175a0519a76eaf590605e3b4f70a62b542f1c274a5cddb86f7,,4,BROWSER_PROFILE,EXCLUDE_SENSITIVE,"Machine-specific browser cache/profile may contain cookies, login state, history, databases, or device identifiers."
.playwright-cli/chrome-selection-flow-check/Default/Cache/No_Vary_Search/journal.baj,4,9c169428d852e25bd59b27652ed533d2a1f09f96e4c329fa5e06f47e16731543,.baj,1,BROWSER_PROFILE,EXCLUDE_SENSITIVE,"Machine-specific browser cache/profile may contain cookies, login state, history, databases, or device identifiers."
.playwright-cli/chrome-selection-flow-check/Default/Cache/No_Vary_Search/snapshot.baf,20,0c2dd377ed0cc66161e9db8f89f7d8bcb3ad8c06c4a054bdcba214ab05f58c9a,.baf,1,BROWSER_PROFILE,EXCLUDE_SENSITIVE,"Machine-specific browser cache/profile may contain cookies, login state, history, databases, or device identifiers."
.playwright-cli/chrome-selection-flow-check/Default/chrome_cart_db/LOCK,0,e3b0c44298fc1c149afbf4c8996fb92427ae41e4649b934ca495991b7852b855,,0,BROWSER_PROFILE,EXCLUDE_SENSITIVE,"Machine-specific browser cache/profile may contain cookies, login state, history, databases, or device identifiers."
.playwright-cli/chrome-selection-flow-check/Default/chrome_cart_db/LOG,0,e3b0c44298fc1c149afbf4c8996fb92427ae41e4649b934ca495991b7852b855,,0,BROWSER_PROFILE,EXCLUDE_SENSITIVE,"Machine-specific browser cache/profile may contain cookies, login state, history, databases, or device identifiers."
.playwright-cli/chrome-selection-flow-check/Default/ClientCertificates/LOCK,0,e3b0c44298fc1c149afbf4c8996fb92427ae41e4649b934ca495991b7852b855,,0,BROWSER_PROFILE,EXCLUDE_SENSITIVE,"Machine-specific browser cache/profile may contain cookies, login state, history, databases, or device identifiers."
.playwright-cli/chrome-selection-flow-check/Default/ClientCertificates/LOG,0,e3b0c44298fc1c149afbf4c8996fb92427ae41e4649b934ca495991b7852b855,,0,BROWSER_PROFILE,EXCLUDE_SENSITIVE,"Machine-specific browser cache/profile may contain cookies, login state, history, databases, or device identifiers."
.playwright-cli/chrome-selection-flow-check/Default/Code Cache/js/030783c655245461_0,201,54887405e59bce06626a79d1e7f8c82e21a1ad75dee6fa506afc1d6852a24d9c,,4,BROWSER_PROFILE,EXCLUDE_SENSITIVE,"Machine-specific browser cache/profile may contain cookies, login state, history, databases, or device identifiers."
.playwright-cli/chrome-selection-flow-check/Default/Code Cache/js/0aedaf04b4eed9fc_0,207,67797333802f02f8cc95f7b046079ca25548eae38947a44a3716a83944c5e445,,5,BROWSER_PROFILE,EXCLUDE_SENSITIVE,"Machine-specific browser cache/profile may contain cookies, login state, history, databases, or device identifiers."
.playwright-cli/chrome-selection-flow-check/Default/Code Cache/js/0b4d5b91a58ea61d_0,205,a92858c9647376e7442415fc5bc3d85a1e0a16457edb13c30d75fcc42bf1893a,,4,BROWSER_PROFILE,EXCLUDE_SENSITIVE,"Machine-specific browser cache/profile may contain cookies, login state, history, databases, or device identifiers."
.playwright-cli/chrome-selection-flow-check/Default/Code Cache/js/31430333890d7539_0,202,6d382a4740a2d9e1792233a0fa92157ee95e13f23aaab724ef6de5de272a6b27,,4,BROWSER_PROFILE,EXCLUDE_SENSITIVE,"Machine-specific browser cache/profile may contain cookies, login state, history, databases, or device identifiers."
.playwright-cli/chrome-selection-flow-check/Default/Code Cache/js/449705431167d608_0,204,29d99ba858d32002b011571b1d4ce40e065ab93c4f01c5efc04c01e006a609f6,,4,BROWSER_PROFILE,EXCLUDE_SENSITIVE,"Machine-specific browser cache/profile may contain cookies, login state, history, databases, or device identifiers."
.playwright-cli/chrome-selection-flow-check/Default/Code Cache/js/576df09e0c0fd866_0,537,2fe00c05ed79563cd82bce9df08e0026988a3dc89cf5764c2ce08df1b695231a,,9,BROWSER_PROFILE,EXCLUDE_SENSITIVE,"Machine-specific browser cache/profile may contain cookies, login state, history, databases, or device identifiers."
.playwright-cli/chrome-selection-flow-check/Default/Code Cache/js/59b85cf2fcff6660_0,204,456e3011b7dd390918c4296e71e77137fc629e0137217dc58600a660d7c5e437,,4,BROWSER_PROFILE,EXCLUDE_SENSITIVE,"Machine-specific browser cache/profile may contain cookies, login state, history, databases, or device identifiers."
.playwright-cli/chrome-selection-flow-check/Default/Code Cache/js/669e50019ead7ed8_0,205,3fc73b8632f896666ea0cb5da990a8e359e913d9c87e99bf54ac76ca64c9c5ae,,4,BROWSER_PROFILE,EXCLUDE_SENSITIVE,"Machine-specific browser cache/profile may contain cookies, login state, history, databases, or device identifiers."
.playwright-cli/chrome-selection-flow-check/Default/Code Cache/js/6b027ceb922f0e07_0,203,27c39c78cf4781d8dc333c31f488496f0831f286376c6e891e3753a66ed84484,,4,BROWSER_PROFILE,EXCLUDE_SENSITIVE,"Machine-specific browser cache/profile may contain cookies, login state, history, databases, or device identifiers."
.playwright-cli/chrome-selection-flow-check/Default/Code Cache/js/6b51feb40b22c982_0,206,a1df87f2c03f75a4fd161ed13461f6484accce7ce3d680fbcc73f76e819e5c26,,4,BROWSER_PROFILE,EXCLUDE_SENSITIVE,"Machine-specific browser cache/profile may contain cookies, login state, history, databases, or device identifiers."
.playwright-cli/chrome-selection-flow-check/Default/Code Cache/js/75fbc82492b8e892_0,201,168aae0e366b7b2c44ceed05830b50c57341a327a69173ad429037672bb67471,,4,BROWSER_PROFILE,EXCLUDE_SENSITIVE,"Machine-specific browser cache/profile may contain cookies, login state, history, databases, or device identifiers."
.playwright-cli/chrome-selection-flow-check/Default/Code Cache/js/77e8c3810d9e50aa_0,212,6945181d6438aa08fd0e238a60ef64b81c46a46ce80d2731109183d2d5fa81d8,,4,BROWSER_PROFILE,EXCLUDE_SENSITIVE,"Machine-specific browser cache/profile may contain cookies, login state, history, databases, or device identifiers."
.playwright-cli/chrome-selection-flow-check/Default/Code Cache/js/8bd4260a9183141a_0,210,7a5a703563f350d76a7cfc0f18bae39b53f99b793f413228eb687b00c49c6c65,,5,BROWSER_PROFILE,EXCLUDE_SENSITIVE,"Machine-specific browser cache/profile may contain cookies, login state, history, databases, or device identifiers."
.playwright-cli/chrome-selection-flow-check/Default/Code Cache/js/9a2aef3444d54a53_0,195,39ea77f82cf934b3d89e313e867736147572917d5af299d7428a8b9455f1cb84,,4,BROWSER_PROFILE,EXCLUDE_SENSITIVE,"Machine-specific browser cache/profile may contain cookies, login state, history, databases, or device identifiers."
.playwright-cli/chrome-selection-flow-check/Default/Code Cache/js/b20b90594baf1362_0,206,d439afb12fca5d385152960bea4ae8d49b8952359819cc519790dd3f697fb396,,4,BROWSER_PROFILE,EXCLUDE_SENSITIVE,"Machine-specific browser cache/profile may contain cookies, login state, history, databases, or device identifiers."
.playwright-cli/chrome-selection-flow-check/Default/Code Cache/js/ba678a2fbd8c358c_0,298,50ec2ba725736f712080059c69885052187d339c2c89a79e0f66116bca66d488,,5,BROWSER_PROFILE,EXCLUDE_SENSITIVE,"Machine-specific browser cache/profile may contain cookies, login state, history, databases, or device identifiers."
.playwright-cli/chrome-selection-flow-check/Default/Code Cache/js/e3550d0bb9162fcb_0,203,12330db8a4da9f2097df09efc2c51ae6add3e2f9b809afbebb4d654910aa8b96,,4,BROWSER_PROFILE,EXCLUDE_SENSITIVE,"Machine-specific browser cache/profile may contain cookies, login state, history, databases, or device identifiers."
.playwright-cli/chrome-selection-flow-check/Default/Code Cache/js/index,24,fbcfe23a2ecb82b7100c50811691dde0a33aa3da8d176be9882a9db485dc0f2d,,1,BROWSER_PROFILE,EXCLUDE_SENSITIVE,"Machine-specific browser cache/profile may contain cookies, login state, history, databases, or device identifiers."
.playwright-cli/chrome-selection-flow-check/Default/Code Cache/js/index-dir/the-real-index,48,aca81c74994918ce62a95e8097aa65f533ef94da66624fdd9786e6f92142fd0a,,1,BROWSER_PROFILE,EXCLUDE_SENSITIVE,"Machine-specific browser cache/profile may contain cookies, login state, history, databases, or device identifiers."
.playwright-cli/chrome-selection-flow-check/Default/Code Cache/wasm/index,24,fbcfe23a2ecb82b7100c50811691dde0a33aa3da8d176be9882a9db485dc0f2d,,1,BROWSER_PROFILE,EXCLUDE_SENSITIVE,"Machine-specific browser cache/profile may contain cookies, login state, history, databases, or device identifiers."
.playwright-cli/chrome-selection-flow-check/Default/Code Cache/wasm/index-dir/the-real-index,48,eb3ef49c39350bc7eea99efcffcd61afc5ec5603965c994c4710ef35e2e76f24,,1,BROWSER_PROFILE,EXCLUDE_SENSITIVE,"Machine-specific browser cache/profile may contain cookies, login state, history, databases, or device identifiers."
.playwright-cli/chrome-selection-flow-check/Default/commerce_subscription_db/LOCK,0,e3b0c44298fc1c149afbf4c8996fb92427ae41e4649b934ca495991b7852b855,,0,BROWSER_PROFILE,EXCLUDE_SENSITIVE,"Machine-specific browser cache/profile may contain cookies, login state, history, databases, or device identifiers."
.playwright-cli/chrome-selection-flow-check/Default/commerce_subscription_db/LOG,0,e3b0c44298fc1c149afbf4c8996fb92427ae41e4649b934ca495991b7852b855,,0,BROWSER_PROFILE,EXCLUDE_SENSITIVE,"Machine-specific browser cache/profile may contain cookies, login state, history, databases, or device identifiers."
.playwright-cli/chrome-selection-flow-check/Default/DawnGraphiteCache/data_0,8192,d6a5fe39cd672781b256e0e3102f7022635f1d4bb7cfcc90a80fffe4d0f3877e,,1,BROWSER_PROFILE,EXCLUDE_SENSITIVE,"Machine-specific browser cache/profile may contain cookies, login state, history, databases, or device identifiers."
.playwright-cli/chrome-selection-flow-check/Default/DawnGraphiteCache/data_1,270336,902f30c1fb0597d0734bc34b979ec5d131f8f39a4b71b338083821216ec8d61b,,1,BROWSER_PROFILE,EXCLUDE_SENSITIVE,"Machine-specific browser cache/profile may contain cookies, login state, history, databases, or device identifiers."
.playwright-cli/chrome-selection-flow-check/Default/DawnGraphiteCache/data_2,8192,ec1702806f4cc7c42a82fc2b38e89835fde7c64bb32060e0823c9077ca92efb7,,1,BROWSER_PROFILE,EXCLUDE_SENSITIVE,"Machine-specific browser cache/profile may contain cookies, login state, history, databases, or device identifiers."
.playwright-cli/chrome-selection-flow-check/Default/DawnGraphiteCache/data_3,8192,e09f42c398d688dce168570291f1f92d079987deda3099a34adb9e8c0522b30c,,1,BROWSER_PROFILE,EXCLUDE_SENSITIVE,"Machine-specific browser cache/profile may contain cookies, login state, history, databases, or device identifiers."
.playwright-cli/chrome-selection-flow-check/Default/DawnGraphiteCache/index,262512,d5d1310cdf1b8ae59a03cda6f6f79f9dba56903fea21d3364bbee69b486c159d,,1,BROWSER_PROFILE,EXCLUDE_SENSITIVE,"Machine-specific browser cache/profile may contain cookies, login state, history, databases, or device identifiers."
.playwright-cli/chrome-selection-flow-check/Default/DawnWebGPUCache/data_0,8192,d6a5fe39cd672781b256e0e3102f7022635f1d4bb7cfcc90a80fffe4d0f3877e,,1,BROWSER_PROFILE,EXCLUDE_SENSITIVE,"Machine-specific browser cache/profile may contain cookies, login state, history, databases, or device identifiers."
.playwright-cli/chrome-selection-flow-check/Default/DawnWebGPUCache/data_1,270336,902f30c1fb0597d0734bc34b979ec5d131f8f39a4b71b338083821216ec8d61b,,1,BROWSER_PROFILE,EXCLUDE_SENSITIVE,"Machine-specific browser cache/profile may contain cookies, login state, history, databases, or device identifiers."
.playwright-cli/chrome-selection-flow-check/Default/DawnWebGPUCache/data_2,8192,ec1702806f4cc7c42a82fc2b38e89835fde7c64bb32060e0823c9077ca92efb7,,1,BROWSER_PROFILE,EXCLUDE_SENSITIVE,"Machine-specific browser cache/profile may contain cookies, login state, history, databases, or device identifiers."
.playwright-cli/chrome-selection-flow-check/Default/DawnWebGPUCache/data_3,8192,e09f42c398d688dce168570291f1f92d079987deda3099a34adb9e8c0522b30c,,1,BROWSER_PROFILE,EXCLUDE_SENSITIVE,"Machine-specific browser cache/profile may contain cookies, login state, history, databases, or device identifiers."
.playwright-cli/chrome-selection-flow-check/Default/DawnWebGPUCache/index,262512,eb1232b2238295900136d871d547dcfeeb6257c8171ed8e0765c28c4ccdd0a80,,1,BROWSER_PROFILE,EXCLUDE_SENSITIVE,"Machine-specific browser cache/profile may contain cookies, login state, history, databases, or device identifiers."
.playwright-cli/chrome-selection-flow-check/Default/DIPS,4096,0ab48b25cba617ed3a4acca0161813b314c095ef63544bb4af60769eb1012977,,2,BROWSER_PROFILE,EXCLUDE_SENSITIVE,"Machine-specific browser cache/profile may contain cookies, login state, history, databases, or device identifiers."
.playwright-cli/chrome-selection-flow-check/Default/DIPS-wal,45352,49cdef4c821a380a9e24f9305d6c855cf5b4dd1db6a8e425a7cf2560820a8fb1,,16,BROWSER_PROFILE,EXCLUDE_SENSITIVE,"Machine-specific browser cache/profile may contain cookies, login state, history, databases, or device identifiers."
.playwright-cli/chrome-selection-flow-check/Default/discount_infos_db/LOCK,0,e3b0c44298fc1c149afbf4c8996fb92427ae41e4649b934ca495991b7852b855,,0,BROWSER_PROFILE,EXCLUDE_SENSITIVE,"Machine-specific browser cache/profile may contain cookies, login state, history, databases, or device identifiers."
.playwright-cli/chrome-selection-flow-check/Default/discount_infos_db/LOG,0,e3b0c44298fc1c149afbf4c8996fb92427ae41e4649b934ca495991b7852b855,,0,BROWSER_PROFILE,EXCLUDE_SENSITIVE,"Machine-specific browser cache/profile may contain cookies, login state, history, databases, or device identifiers."
.playwright-cli/chrome-selection-flow-check/Default/discounts_db/LOCK,0,e3b0c44298fc1c149afbf4c8996fb92427ae41e4649b934ca495991b7852b855,,0,BROWSER_PROFILE,EXCLUDE_SENSITIVE,"Machine-specific browser cache/profile may contain cookies, login state, history, databases, or device identifiers."
.playwright-cli/chrome-selection-flow-check/Default/discounts_db/LOG,0,e3b0c44298fc1c149afbf4c8996fb92427ae41e4649b934ca495991b7852b855,,0,BROWSER_PROFILE,EXCLUDE_SENSITIVE,"Machine-specific browser cache/profile may contain cookies, login state, history, databases, or device identifiers."
.playwright-cli/chrome-selection-flow-check/Default/engine_allowlist.bf,360,63e82eb5c06b4c0057d99777bb9b9b8967a5629d20bf795a24448d79c24be281,.bf,10,BROWSER_PROFILE,EXCLUDE_SENSITIVE,"Machine-specific browser cache/profile may contain cookies, login state, history, databases, or device identifiers."
.playwright-cli/chrome-selection-flow-check/Default/Extension Rules/000003.log,76,cc5dacf370f324b77b50dddf5d995fd3c7b7a587cb2f55ac9f24c929d0cd531a,.log,1,BROWSER_PROFILE,EXCLUDE_SENSITIVE,"Machine-specific browser cache/profile may contain cookies, login state, history, databases, or device identifiers."
.playwright-cli/chrome-selection-flow-check/Default/Extension Rules/CURRENT,16,0f1bad70c7bd1e0a69562853ec529355462fcd0423263a3d39d6d0d70b780443,,1,BROWSER_PROFILE,EXCLUDE_SENSITIVE,"Machine-specific browser cache/profile may contain cookies, login state, history, databases, or device identifiers."
.playwright-cli/chrome-selection-flow-check/Default/Extension Rules/LOCK,0,e3b0c44298fc1c149afbf4c8996fb92427ae41e4649b934ca495991b7852b855,,0,BROWSER_PROFILE,EXCLUDE_SENSITIVE,"Machine-specific browser cache/profile may contain cookies, login state, history, databases, or device identifiers."
.playwright-cli/chrome-selection-flow-check/Default/Extension Rules/LOG,305,58d6653f7bc00512c52b1d668403d132d286b8a67e9f8a7e2342b9e6bd3ad76c,,2,BROWSER_PROFILE,EXCLUDE_SENSITIVE,"Machine-specific browser cache/profile may contain cookies, login state, history, databases, or device identifiers."
.playwright-cli/chrome-selection-flow-check/Default/Extension Rules/MANIFEST-000001,41,f9d31b278e215eb0d0e9cd709edfa037e828f36214ab7906f612160fead4b2b4,,1,BROWSER_PROFILE,EXCLUDE_SENSITIVE,"Machine-specific browser cache/profile may contain cookies, login state, history, databases, or device identifiers."
.playwright-cli/chrome-selection-flow-check/Default/Extension Scripts/000003.log,76,cc5dacf370f324b77b50dddf5d995fd3c7b7a587cb2f55ac9f24c929d0cd531a,.log,1,BROWSER_PROFILE,EXCLUDE_SENSITIVE,"Machine-specific browser cache/profile may contain cookies, login state, history, databases, or device identifiers."
.playwright-cli/chrome-selection-flow-check/Default/Extension Scripts/CURRENT,16,0f1bad70c7bd1e0a69562853ec529355462fcd0423263a3d39d6d0d70b780443,,1,BROWSER_PROFILE,EXCLUDE_SENSITIVE,"Machine-specific browser cache/profile may contain cookies, login state, history, databases, or device identifiers."
.playwright-cli/chrome-selection-flow-check/Default/Extension Scripts/LOCK,0,e3b0c44298fc1c149afbf4c8996fb92427ae41e4649b934ca495991b7852b855,,0,BROWSER_PROFILE,EXCLUDE_SENSITIVE,"Machine-specific browser cache/profile may contain cookies, login state, history, databases, or device identifiers."
.playwright-cli/chrome-selection-flow-check/Default/Extension Scripts/LOG,309,ec7b9f56476bb7613744e642697d2eb287d5efb1cbc80364a088af8d67649779,,2,BROWSER_PROFILE,EXCLUDE_SENSITIVE,"Machine-specific browser cache/profile may contain cookies, login state, history, databases, or device identifiers."
.playwright-cli/chrome-selection-flow-check/Default/Extension Scripts/MANIFEST-000001,41,f9d31b278e215eb0d0e9cd709edfa037e828f36214ab7906f612160fead4b2b4,,1,BROWSER_PROFILE,EXCLUDE_SENSITIVE,"Machine-specific browser cache/profile may contain cookies, login state, history, databases, or device identifiers."
.playwright-cli/chrome-selection-flow-check/Default/Extension State/000003.log,228,48d535bb330519c00d150578734c6cecb056c4b5cdd2a45c70590bc896d27d9f,.log,1,BROWSER_PROFILE,EXCLUDE_SENSITIVE,"Machine-specific browser cache/profile may contain cookies, login state, history, databases, or device identifiers."
.playwright-cli/chrome-selection-flow-check/Default/Extension State/CURRENT,16,0f1bad70c7bd1e0a69562853ec529355462fcd0423263a3d39d6d0d70b780443,,1,BROWSER_PROFILE,EXCLUDE_SENSITIVE,"Machine-specific browser cache/profile may contain cookies, login state, history, databases, or device identifiers."
.playwright-cli/chrome-selection-flow-check/Default/Extension State/LOCK,0,e3b0c44298fc1c149afbf4c8996fb92427ae41e4649b934ca495991b7852b855,,0,BROWSER_PROFILE,EXCLUDE_SENSITIVE,"Machine-specific browser cache/profile may contain cookies, login state, history, databases, or device identifiers."
.playwright-cli/chrome-selection-flow-check/Default/Extension State/LOG,303,8745b37b3c412e80be1122c7a8f71361f273de733a45bb94d4cd57222f9fbbdd,,2,BROWSER_PROFILE,EXCLUDE_SENSITIVE,"Machine-specific browser cache/profile may contain cookies, login state, history, databases, or device identifiers."
.playwright-cli/chrome-selection-flow-check/Default/Extension State/MANIFEST-000001,41,f9d31b278e215eb0d0e9cd709edfa037e828f36214ab7906f612160fead4b2b4,,1,BROWSER_PROFILE,EXCLUDE_SENSITIVE,"Machine-specific browser cache/profile may contain cookies, login state, history, databases, or device identifiers."
.playwright-cli/chrome-selection-flow-check/Default/Extensions/ghbmnnjooekpmoecnnnilnnbdlolhkhi/1.107.1_0/128.png,5069,2576b1798cd3fa5745897dbe8f1ab12eaf12110827d290b44c6fc0396ba3bba2,.png,52,BROWSER_PROFILE,EXCLUDE_SENSITIVE,"Machine-specific browser cache/profile may contain cookies, login state, history, databases, or device identifiers."
.playwright-cli/chrome-selection-flow-check/Default/Extensions/ghbmnnjooekpmoecnnnilnnbdlolhkhi/1.107.1_0/_locales/af/messages.json,908,b40bde5b612cfff936370b32fb0c58cc205fc89937729504c6c0b527b60e2cba,.json,23,BROWSER_PROFILE,EXCLUDE_SENSITIVE,"Machine-specific browser cache/profile may contain cookies, login state, history, databases, or device identifiers."
.playwright-cli/chrome-selection-flow-check/Default/Extensions/ghbmnnjooekpmoecnnnilnnbdlolhkhi/1.107.1_0/_locales/am/messages.json,1285,3d0361a85adfcd35d0de74135723a75b646965e775188f7dcdd35e3e42db788e,.json,23,BROWSER_PROFILE,EXCLUDE_SENSITIVE,"Machine-specific browser cache/profile may contain cookies, login state, history, databases, or device identifiers."
.playwright-cli/chrome-selection-flow-check/Default/Extensions/ghbmnnjooekpmoecnnnilnnbdlolhkhi/1.107.1_0/_locales/ar/messages.json,1244,abd0919121956ab535e6a235de67764f46cfc944071fcf2302148f5fb0e8c65a,.json,23,BROWSER_PROFILE,EXCLUDE_SENSITIVE,"Machine-specific browser cache/profile may contain cookies, login state, history, databases, or device identifiers."
.playwright-cli/chrome-selection-flow-check/Default/Extensions/ghbmnnjooekpmoecnnnilnnbdlolhkhi/1.107.1_0/_locales/as/messages.json,2847,01b549ef285c94b31891997c7d5728bee7b56040f8847f279fc46e5cc262c4e3,.json,1,BROWSER_PROFILE,EXCLUDE_SENSITIVE,"Machine-specific browser cache/profile may contain cookies, login state, history, databases, or device identifiers."
.playwright-cli/chrome-selection-flow-check/Default/Extensions/ghbmnnjooekpmoecnnnilnnbdlolhkhi/1.107.1_0/_locales/az/messages.json,977,628145f4281fa825d75f1e332998904466abd050e8b0dc8bb9b6a20488d78a66,.json,23,BROWSER_PROFILE,EXCLUDE_SENSITIVE,"Machine-specific browser cache/profile may contain cookies, login state, history, databases, or device identifiers."
.playwright-cli/chrome-selection-flow-check/Default/Extensions/ghbmnnjooekpmoecnnnilnnbdlolhkhi/1.107.1_0/_locales/be/messages.json,3107,ddf16859a15f3eb3334d6241975ca3988ac3eafc3d96452ac3a4afd3644c8550,.json,1,BROWSER_PROFILE,EXCLUDE_SENSITIVE,"Machine-specific browser cache/profile may contain cookies, login state, history, databases, or device identifiers."
.playwright-cli/chrome-selection-flow-check/Default/Extensions/ghbmnnjooekpmoecnnnilnnbdlolhkhi/1.107.1_0/_locales/bg/messages.json,1389,ac4a8b5b7c0b0dd1c07910f30dcfbdf1bcb701cfcfd182b6153fd3911d566c0e,.json,23,BROWSER_PROFILE,EXCLUDE_SENSITIVE,"Machine-specific browser cache/profile may contain cookies, login state, history, databases, or device identifiers."
.playwright-cli/chrome-selection-flow-check/Default/Extensions/ghbmnnjooekpmoecnnnilnnbdlolhkhi/1.107.1_0/_locales/bn/messages.json,1763,1dbf38e425c5c7fc39e8077a837df0443692463ba1fbe94e288ab5a93242c46e,.json,23,BROWSER_PROFILE,EXCLUDE_SENSITIVE,"Machine-specific browser cache/profile may contain cookies, login state, history, databases, or device identifiers."
.playwright-cli/chrome-selection-flow-check/Default/Extensions/ghbmnnjooekpmoecnnnilnnbdlolhkhi/1.107.1_0/_locales/ca/messages.json,930,d6e65238187a430ff29d4c10cf1c46b3f0fa4b91a5900a17c5dfd16e67ffc9bd,.json,23,BROWSER_PROFILE,EXCLUDE_SENSITIVE,"Machine-specific browser cache/profile may contain cookies, login state, history, databases, or device identifiers."
.playwright-cli/chrome-selection-flow-check/Default/Extensions/ghbmnnjooekpmoecnnnilnnbdlolhkhi/1.107.1_0/_locales/cs/messages.json,913,21ae66ce537095408d21670585ad12599b0f575ff2cb3ee34e3a48f8cc71cfab,.json,23,BROWSER_PROFILE,EXCLUDE_SENSITIVE,"Machine-specific browser cache/profile may contain cookies, login state, history, databases, or device identifiers."
.playwright-cli/chrome-selection-flow-check/Default/Extensions/ghbmnnjooekpmoecnnnilnnbdlolhkhi/1.107.1_0/_locales/cy/messages.json,806,a482663292a913b02a9cde4635c7c92270bf3c8726fd274475dc2c490019a7c9,.json,1,BROWSER_PROFILE,EXCLUDE_SENSITIVE,"Machine-specific browser cache/profile may contain cookies, login state, history, databases, or device identifiers."
.playwright-cli/chrome-selection-flow-check/Default/Extensions/ghbmnnjooekpmoecnnnilnnbdlolhkhi/1.107.1_0/_locales/da/messages.json,883,48847d57c75af51a44cbf8f7ef1a4496c2007e58ed56d340724fda1604ff9195,.json,23,BROWSER_PROFILE,EXCLUDE_SENSITIVE,"Machine-specific browser cache/profile may contain cookies, login state, history, databases, or device identifiers."
.playwright-cli/chrome-selection-flow-check/Default/Extensions/ghbmnnjooekpmoecnnnilnnbdlolhkhi/1.107.1_0/_locales/de/messages.json,1031,36ac525fa6e28f18572d71d75293970e0e1ead68f358c20da4fdc643eea2c1c5,.json,23,BROWSER_PROFILE,EXCLUDE_SENSITIVE,"Machine-specific browser cache/profile may contain cookies, login state, history, databases, or device identifiers."
.playwright-cli/chrome-selection-flow-check/Default/Extensions/ghbmnnjooekpmoecnnnilnnbdlolhkhi/1.107.1_0/_locales/el/messages.json,1613,37ca6ab271d6e7c9b00b846fdb969811c9ce7864a85b5714027050795ea24f00,.json,23,BROWSER_PROFILE,EXCLUDE_SENSITIVE,"Machine-specific browser cache/profile may contain cookies, login state, history, databases, or device identifiers."
.playwright-cli/chrome-selection-flow-check/Default/Extensions/ghbmnnjooekpmoecnnnilnnbdlolhkhi/1.107.1_0/_locales/en/messages.json,851,6895648577286002f1dc9c3366f558484eb7020d52bbf64a296406e61d09599c,.json,23,BROWSER_PROFILE,EXCLUDE_SENSITIVE,"Machine-specific browser cache/profile may contain cookies, login state, history, databases, or device identifiers."
.playwright-cli/chrome-selection-flow-check/Default/Extensions/ghbmnnjooekpmoecnnnilnnbdlolhkhi/1.107.1_0/_locales/en_CA/messages.json,851,6895648577286002f1dc9c3366f558484eb7020d52bbf64a296406e61d09599c,.json,23,BROWSER_PROFILE,EXCLUDE_SENSITIVE,"Machine-specific browser cache/profile may contain cookies, login state, history, databases, or device identifiers."
.playwright-cli/chrome-selection-flow-check/Default/Extensions/ghbmnnjooekpmoecnnnilnnbdlolhkhi/1.107.1_0/_locales/en_GB/messages.json,848,ab5cda04013dce0195e80af714fbf3a67675283768ffd062cf3cf16edb49f5d4,.json,23,BROWSER_PROFILE,EXCLUDE_SENSITIVE,"Machine-specific browser cache/profile may contain cookies, login state, history, databases, or device identifiers."
.playwright-cli/chrome-selection-flow-check/Default/Extensions/ghbmnnjooekpmoecnnnilnnbdlolhkhi/1.107.1_0/_locales/en_US/messages.json,1425,102b586b197ea7d6edfeb874b97f95b05d229ea6a92780ea8544c4ff1e6bc5b1,.json,30,BROWSER_PROFILE,EXCLUDE_SENSITIVE,"Machine-specific browser cache/profile may contain cookies, login state, history, databases, or device identifiers."
.playwright-cli/chrome-selection-flow-check/Default/Extensions/ghbmnnjooekpmoecnnnilnnbdlolhkhi/1.107.1_0/_locales/es/messages.json,961,2008f4faab71ab8c76a5d8811ad40102c380b6b929ce0bce9c378a7cadfc05eb,.json,23,BROWSER_PROFILE,EXCLUDE_SENSITIVE,"Machine-specific browser cache/profile may contain cookies, login state, history, databases, or device identifiers."
.playwright-cli/chrome-selection-flow-check/Default/Extensions/ghbmnnjooekpmoecnnnilnnbdlolhkhi/1.107.1_0/_locales/es_419/messages.json,959,90a560ff82605db7eda26c90331650ff9e42c0b596cedb79b23598dec1b4988f,.json,23,BROWSER_PROFILE,EXCLUDE_SENSITIVE,"Machine-specific browser cache/profile may contain cookies, login state, history, databases, or device identifiers."
.playwright-cli/chrome-selection-flow-check/Default/Extensions/ghbmnnjooekpmoecnnnilnnbdlolhkhi/1.107.1_0/_locales/et/messages.json,968,cc31b877238da6c1d51d9a6155fde565727a1956572f466c387b7e41c4923a29,.json,23,BROWSER_PROFILE,EXCLUDE_SENSITIVE,"Machine-specific browser cache/profile may contain cookies, login state, history, databases, or device identifiers."
.playwright-cli/chrome-selection-flow-check/Default/Extensions/ghbmnnjooekpmoecnnnilnnbdlolhkhi/1.107.1_0/_locales/eu/messages.json,838,a41670d52423ba69c7a65e7e153e7b9994e8dd0370c584bda0714bd61c49c578,.json,1,BROWSER_PROFILE,EXCLUDE_SENSITIVE,"Machine-specific browser cache/profile may contain cookies, login state, history, databases, or device identifiers."
.playwright-cli/chrome-selection-flow-check/Default/Extensions/ghbmnnjooekpmoecnnnilnnbdlolhkhi/1.107.1_0/_locales/fa/messages.json,1305,7c4c09d19ac4da30cc0f7f521825f44c4dfbc19482a127fbfb2b74b3468f48f1,.json,23,BROWSER_PROFILE,EXCLUDE_SENSITIVE,"Machine-specific browser cache/profile may contain cookies, login state, history, databases, or device identifiers."
.playwright-cli/chrome-selection-flow-check/Default/Extensions/ghbmnnjooekpmoecnnnilnnbdlolhkhi/1.107.1_0/_locales/fi/messages.json,911,2d752a5dbe80e34ea9a18c958b4c754f3bc10d63279484e4df5880b8fd1894d2,.json,23,BROWSER_PROFILE,EXCLUDE_SENSITIVE,"Machine-specific browser cache/profile may contain cookies, login state, history, databases, or device identifiers."
.playwright-cli/chrome-selection-flow-check/Default/Extensions/ghbmnnjooekpmoecnnnilnnbdlolhkhi/1.107.1_0/_locales/fil/messages.json,939,f51eeb7aaf5f2103c1043d520e5a4de0fa75e4dc375e23a2c2c4afd4d9293a72,.json,23,BROWSER_PROFILE,EXCLUDE_SENSITIVE,"Machine-specific browser cache/profile may contain cookies, login state, history, databases, or device identifiers."
.playwright-cli/chrome-selection-flow-check/Default/Extensions/ghbmnnjooekpmoecnnnilnnbdlolhkhi/1.107.1_0/_locales/fr/messages.json,977,0518287950a8b010ffc8d52554eb82e5d93b6c3571823b7ceca898906c11abcc,.json,23,BROWSER_PROFILE,EXCLUDE_SENSITIVE,"Machine-specific browser cache/profile may contain cookies, login state, history, databases, or device identifiers."
.playwright-cli/chrome-selection-flow-check/Default/Extensions/ghbmnnjooekpmoecnnnilnnbdlolhkhi/1.107.1_0/_locales/fr_CA/messages.json,972,4caa46656ecc46a420aa98d3307731e84f5ac1a89111d2e808a228c436d83834,.json,23,BROWSER_PROFILE,EXCLUDE_SENSITIVE,"Machine-specific browser cache/profile may contain cookies, login state, history, databases, or device identifiers."
.playwright-cli/chrome-selection-flow-check/Default/Extensions/ghbmnnjooekpmoecnnnilnnbdlolhkhi/1.107.1_0/_locales/gl/messages.json,927,9890710df0fbf1db41bce41fe2f62424a3bd39d755d29e829744ed3da0c2ce1d,.json,1,BROWSER_PROFILE,EXCLUDE_SENSITIVE,"Machine-specific browser cache/profile may contain cookies, login state, history, databases, or device identifiers."
.playwright-cli/chrome-selection-flow-check/Default/Extensions/ghbmnnjooekpmoecnnnilnnbdlolhkhi/1.107.1_0/_locales/gu/messages.json,1658,fe8218df25db54e633927c4a1640b1a41b8e6cb3360fa386b5382f833b0b237c,.json,23,BROWSER_PROFILE,EXCLUDE_SENSITIVE,"Machine-specific browser cache/profile may contain cookies, login state, history, databases, or device identifiers."
.playwright-cli/chrome-selection-flow-check/Default/Extensions/ghbmnnjooekpmoecnnnilnnbdlolhkhi/1.107.1_0/_locales/hi/messages.json,1672,d2d1afa224cda388ff1dc8fac24cda228d7ce09de5d375947d7207fa4a6c4f8d,.json,23,BROWSER_PROFILE,EXCLUDE_SENSITIVE,"Machine-specific browser cache/profile may contain cookies, login state, history, databases, or device identifiers."
.playwright-cli/chrome-selection-flow-check/Default/Extensions/ghbmnnjooekpmoecnnnilnnbdlolhkhi/1.107.1_0/_locales/hr/messages.json,935,73e6e246ceeab9875625cd4889fbf931f93b7b9deaa11288ae1a0f8a6e311e76,.json,23,BROWSER_PROFILE,EXCLUDE_SENSITIVE,"Machine-specific browser cache/profile may contain cookies, login state, history, databases, or device identifiers."
.playwright-cli/chrome-selection-flow-check/Default/Extensions/ghbmnnjooekpmoecnnnilnnbdlolhkhi/1.107.1_0/_locales/hu/messages.json,1065,958c0f664fca20855fa84293566b2ddb7f297185619143457d6479e6ac81d240,.json,23,BROWSER_PROFILE,EXCLUDE_SENSITIVE,"Machine-specific browser cache/profile may contain cookies, login state, history, databases, or device identifiers."
.playwright-cli/chrome-selection-flow-check/Default/Extensions/ghbmnnjooekpmoecnnnilnnbdlolhkhi/1.107.1_0/_locales/hy/messages.json,2771,0b16e3f8bd904a767284345ae86a0a9927c47afe89e05ea2b13ad80009bdf9e4,.json,1,BROWSER_PROFILE,EXCLUDE_SENSITIVE,"Machine-specific browser cache/profile may contain cookies, login state, history, databases, or device identifiers."
.playwright-cli/chrome-selection-flow-check/Default/Extensions/ghbmnnjooekpmoecnnnilnnbdlolhkhi/1.107.1_0/_locales/id/messages.json,858,e3c86ddd2efebe88eed8484765a9868202546149753e03a61eb7c28fd62cfca1,.json,23,BROWSER_PROFILE,EXCLUDE_SENSITIVE,"Machine-specific browser cache/profile may contain cookies, login state, history, databases, or device identifiers."
.playwright-cli/chrome-selection-flow-check/Default/Extensions/ghbmnnjooekpmoecnnnilnnbdlolhkhi/1.107.1_0/_locales/is/messages.json,954,943e61988c859bb088f548889f0449885525dd660626a89ba67b2c94cfbfbb1b,.json,1,BROWSER_PROFILE,EXCLUDE_SENSITIVE,"Machine-specific browser cache/profile may contain cookies, login state, history, databases, or device identifiers."
.playwright-cli/chrome-selection-flow-check/Default/Extensions/ghbmnnjooekpmoecnnnilnnbdlolhkhi/1.107.1_0/_locales/it/messages.json,899,f41862665b13c0b4c4f562ef1743684cce29d4bcf7fe3ea494208df253e33885,.json,23,BROWSER_PROFILE,EXCLUDE_SENSITIVE,"Machine-specific browser cache/profile may contain cookies, login state, history, databases, or device identifiers."
.playwright-cli/chrome-selection-flow-check/Default/Extensions/ghbmnnjooekpmoecnnnilnnbdlolhkhi/1.107.1_0/_locales/iw/messages.json,2230,bbb81c32f482ba3216c9b1189c70cef39ca8c2181af3538ffa07b4c6ad52f06a,.json,1,BROWSER_PROFILE,EXCLUDE_SENSITIVE,"Machine-specific browser cache/profile may contain cookies, login state, history, databases, or device identifiers."
.playwright-cli/chrome-selection-flow-check/Default/Extensions/ghbmnnjooekpmoecnnnilnnbdlolhkhi/1.107.1_0/_locales/ja/messages.json,1160,34ac08f3c4f2d42962a3395508818b48ca323d22f498738cc9f09e78cb197d73,.json,23,BROWSER_PROFILE,EXCLUDE_SENSITIVE,"Machine-specific browser cache/profile may contain cookies, login state, history, databases, or device identifiers."
.playwright-cli/chrome-selection-flow-check/Default/Extensions/ghbmnnjooekpmoecnnnilnnbdlolhkhi/1.107.1_0/_locales/ka/messages.json,3264,30898bbf51bdd58db397ff780f061e33431a38ef5cfc288b5177ecf76b399f26,.json,1,BROWSER_PROFILE,EXCLUDE_SENSITIVE,"Machine-specific browser cache/profile may contain cookies, login state, history, databases, or device identifiers."
.playwright-cli/chrome-selection-flow-check/Default/Extensions/ghbmnnjooekpmoecnnnilnnbdlolhkhi/1.107.1_0/_locales/kk/messages.json,1447,63da18c0def0244edf035ebc05e1b4c4f7c9fcbde91e8ebc5e1742eab413e131,.json,23,BROWSER_PROFILE,EXCLUDE_SENSITIVE,"Machine-specific browser cache/profile may contain cookies, login state, history, databases, or device identifiers."
.playwright-cli/chrome-selection-flow-check/Default/Extensions/ghbmnnjooekpmoecnnnilnnbdlolhkhi/1.107.1_0/_locales/km/messages.json,3122,a6118f0a0de329e07c01f53cd6fb4fed43e54c5f53db4cd1c7f5b2b4d9fb10e6,.json,1,BROWSER_PROFILE,EXCLUDE_SENSITIVE,"Machine-specific browser cache/profile may contain cookies, login state, history, databases, or device identifiers."
.playwright-cli/chrome-selection-flow-check/Default/Extensions/ghbmnnjooekpmoecnnnilnnbdlolhkhi/1.107.1_0/_locales/kn/messages.json,1895,30078ef35a76e02a400f03b3698708a0145d9b57241cc4009e010696895cf3a1,.json,23,BROWSER_PROFILE,EXCLUDE_SENSITIVE,"Machine-specific browser cache/profile may contain cookies, login state, history, databases, or device identifiers."
.playwright-cli/chrome-selection-flow-check/Default/Extensions/ghbmnnjooekpmoecnnnilnnbdlolhkhi/1.107.1_0/_locales/ko/messages.json,1042,c52d9b955d229373725a6e713334bbb31ea72efa9b5cf4fbd76a566417b12cac,.json,23,BROWSER_PROFILE,EXCLUDE_SENSITIVE,"Machine-specific browser cache/profile may contain cookies, login state, history, databases, or device identifiers."
.playwright-cli/chrome-selection-flow-check/Default/Extensions/ghbmnnjooekpmoecnnnilnnbdlolhkhi/1.107.1_0/_locales/lo/messages.json,2535,89082fb05229826bc222f5d22c158235f025f0e6df67ff135a18bd899e13bb8f,.json,1,BROWSER_PROFILE,EXCLUDE_SENSITIVE,"Machine-specific browser cache/profile may contain cookies, login state, history, databases, or device identifiers."
.playwright-cli/chrome-selection-flow-check/Default/Extensions/ghbmnnjooekpmoecnnnilnnbdlolhkhi/1.107.1_0/_locales/lt/messages.json,1028,5dfcbd4dfeaec3abe973a78277d3bd02cd77ae635d5c8cd1f816446c61808f59,.json,23,BROWSER_PROFILE,EXCLUDE_SENSITIVE,"Machine-specific browser cache/profile may contain cookies, login state, history, databases, or device identifiers."
.playwright-cli/chrome-selection-flow-check/Default/Extensions/ghbmnnjooekpmoecnnnilnnbdlolhkhi/1.107.1_0/_locales/lv/messages.json,994,0621de9161748f45d53052ed8a430962139d7f19074c7ffe7223ecb06b0b87db,.json,23,BROWSER_PROFILE,EXCLUDE_SENSITIVE,"Machine-specific browser cache/profile may contain cookies, login state, history, databases, or device identifiers."
.playwright-cli/chrome-selection-flow-check/Default/Extensions/ghbmnnjooekpmoecnnnilnnbdlolhkhi/1.107.1_0/_locales/mk/messages.json,2875,d0ae7739adea379b6390d1ee65699fc78d8649b7977503b062f34a52690a5744,.json,1,BROWSER_PROFILE,EXCLUDE_SENSITIVE,"Machine-specific browser cache/profile may contain cookies, login state, history, databases, or device identifiers."
.playwright-cli/chrome-selection-flow-check/Default/Extensions/ghbmnnjooekpmoecnnnilnnbdlolhkhi/1.107.1_0/_locales/ml/messages.json,2091,22ca9415e294d9c3ec3384b9d08cdaf5164af73b4e4c251559e09e529c843ea6,.json,23,BROWSER_PROFILE,EXCLUDE_SENSITIVE,"Machine-specific browser cache/profile may contain cookies, login state, history, databases, or device identifiers."
.playwright-cli/chrome-selection-flow-check/Default/Extensions/ghbmnnjooekpmoecnnnilnnbdlolhkhi/1.107.1_0/_locales/mn/messages.json,2778,613d8751f6cc9d3fa319f4b7ea8b2bd3bed37fd077482ca825929dd7c12a69a8,.json,1,BROWSER_PROFILE,EXCLUDE_SENSITIVE,"Machine-specific browser cache/profile may contain cookies, login state, history, databases, or device identifiers."
.playwright-cli/chrome-selection-flow-check/Default/Extensions/ghbmnnjooekpmoecnnnilnnbdlolhkhi/1.107.1_0/_locales/mr/messages.json,1719,adeb082a9c754dfd5a9d47340a3ddcc19bf9c7efa6e629a2f1796305f1c9a66f,.json,23,BROWSER_PROFILE,EXCLUDE_SENSITIVE,"Machine-specific browser cache/profile may contain cookies, login state, history, databases, or device identifiers."
.playwright-cli/chrome-selection-flow-check/Default/Extensions/ghbmnnjooekpmoecnnnilnnbdlolhkhi/1.107.1_0/_locales/ms/messages.json,936,2824cf97513dc3ecc261f378bfd595ae95a5997e9d1c63f5731a58b1f8cd54f9,.json,23,BROWSER_PROFILE,EXCLUDE_SENSITIVE,"Machine-specific browser cache/profile may contain cookies, login state, history, databases, or device identifiers."
.playwright-cli/chrome-selection-flow-check/Default/Extensions/ghbmnnjooekpmoecnnnilnnbdlolhkhi/1.107.1_0/_locales/my/messages.json,3830,243befbd6b67a21433dcc97dc1a728896d3a070dc20055eb04d644e1bb955fe7,.json,1,BROWSER_PROFILE,EXCLUDE_SENSITIVE,"Machine-specific browser cache/profile may contain cookies, login state, history, databases, or device identifiers."
.playwright-cli/chrome-selection-flow-check/Default/Extensions/ghbmnnjooekpmoecnnnilnnbdlolhkhi/1.107.1_0/_locales/ne/messages.json,3160,34c00e5e0690a2dfe5e5d47c6e7acf7052510df82d902cd2b3ebcdedd7c1a61c,.json,1,BROWSER_PROFILE,EXCLUDE_SENSITIVE,"Machine-specific browser cache/profile may contain cookies, login state, history, databases, or device identifiers."
.playwright-cli/chrome-selection-flow-check/Default/Extensions/ghbmnnjooekpmoecnnnilnnbdlolhkhi/1.107.1_0/_locales/nl/messages.json,914,f3fe1ffcb182183b76e1b46c4463168c746a38e461fd25ca91ff2a40846f1d61,.json,23,BROWSER_PROFILE,EXCLUDE_SENSITIVE,"Machine-specific browser cache/profile may contain cookies, login state, history, databases, or device identifiers."
.playwright-cli/chrome-selection-flow-check/Default/Extensions/ghbmnnjooekpmoecnnnilnnbdlolhkhi/1.107.1_0/_locales/no/messages.json,878,21ceff02b45a4bfd60d144879dfa9f427949a027dd49a3eb0e9e345bd0b7c9a8,.json,23,BROWSER_PROFILE,EXCLUDE_SENSITIVE,"Machine-specific browser cache/profile may contain cookies, login state, history, databases, or device identifiers."
.playwright-cli/chrome-selection-flow-check/Default/Extensions/ghbmnnjooekpmoecnnnilnnbdlolhkhi/1.107.1_0/_locales/or/messages.json,2902,4fa7d3ed5b6003b4b0b3d1cedf0a7dd6489b96311b4bc320e8a3dd16852d59d9,.json,1,BROWSER_PROFILE,EXCLUDE_SENSITIVE,"Machine-specific browser cache/profile may contain cookies, login state, history, databases, or device identifiers."
.playwright-cli/chrome-selection-flow-check/Default/Extensions/ghbmnnjooekpmoecnnnilnnbdlolhkhi/1.107.1_0/_locales/pa/messages.json,2766,bbd37d41b7de6f93948fa2437a7699d4c30a3c39e736179702f212cb36a3133c,.json,1,BROWSER_PROFILE,EXCLUDE_SENSITIVE,"Machine-specific browser cache/profile may contain cookies, login state, history, databases, or device identifiers."
.playwright-cli/chrome-selection-flow-check/Default/Extensions/ghbmnnjooekpmoecnnnilnnbdlolhkhi/1.107.1_0/_locales/pl/messages.json,978,e00ff20437599a5c184ca0c79546cb6500171a95e5f24b9b5535e89a89d3ec3d,.json,23,BROWSER_PROFILE,EXCLUDE_SENSITIVE,"Machine-specific browser cache/profile may contain cookies, login state, history, databases, or device identifiers."
.playwright-cli/chrome-selection-flow-check/Default/Extensions/ghbmnnjooekpmoecnnnilnnbdlolhkhi/1.107.1_0/_locales/pt_BR/messages.json,889,e1e271d195f102684616637aa6a899ca75817ebd557868ae0d6150a12bfa856b,.json,23,BROWSER_PROFILE,EXCLUDE_SENSITIVE,"Machine-specific browser cache/profile may contain cookies, login state, history, databases, or device identifiers."
.playwright-cli/chrome-selection-flow-check/Default/Extensions/ghbmnnjooekpmoecnnnilnnbdlolhkhi/1.107.1_0/_locales/pt_PT/messages.json,914,e93b8e7fb86d2f7dfae57416bb1fb6ee0eea25629b972a5922940f0023c85f90,.json,23,BROWSER_PROFILE,EXCLUDE_SENSITIVE,"Machine-specific browser cache/profile may contain cookies, login state, history, databases, or device identifiers."
.playwright-cli/chrome-selection-flow-check/Default/Extensions/ghbmnnjooekpmoecnnnilnnbdlolhkhi/1.107.1_0/_locales/ro/messages.json,937,085787999d78fadff9600c9dc5e3ff4fb4eb9be06d6bb19df2eef8c284be7b20,.json,23,BROWSER_PROFILE,EXCLUDE_SENSITIVE,"Machine-specific browser cache/profile may contain cookies, login state, history, databases, or device identifiers."
.playwright-cli/chrome-selection-flow-check/Default/Extensions/ghbmnnjooekpmoecnnnilnnbdlolhkhi/1.107.1_0/_locales/ru/messages.json,1341,c0a776448a258efd47065bf3f4b45260d1b4cb431d57ecc97995e122249081f6,.json,23,BROWSER_PROFILE,EXCLUDE_SENSITIVE,"Machine-specific browser cache/profile may contain cookies, login state, history, databases, or device identifiers."
.playwright-cli/chrome-selection-flow-check/Default/Extensions/ghbmnnjooekpmoecnnnilnnbdlolhkhi/1.107.1_0/_locales/si/messages.json,2846,54241ebe651a8344235cc47afd274c080abaebc8c3a25afb95d8373b6a5670a2,.json,1,BROWSER_PROFILE,EXCLUDE_SENSITIVE,"Machine-specific browser cache/profile may contain cookies, login state, history, databases, or device identifiers."
.playwright-cli/chrome-selection-flow-check/Default/Extensions/ghbmnnjooekpmoecnnnilnnbdlolhkhi/1.107.1_0/_locales/sk/messages.json,934,903060ec9e76040b46deb47bbb041d0b28a6816cb9b892d7342fc7dc6782f87c,.json,23,BROWSER_PROFILE,EXCLUDE_SENSITIVE,"Machine-specific browser cache/profile may contain cookies, login state, history, databases, or device identifiers."
.playwright-cli/chrome-selection-flow-check/Default/Extensions/ghbmnnjooekpmoecnnnilnnbdlolhkhi/1.107.1_0/_locales/sl/messages.json,963,aab9cf9098294a46dc0f2fa468afff7ca7c323a1a0efa70c9db1e3a4da05d1d4,.json,23,BROWSER_PROFILE,EXCLUDE_SENSITIVE,"Machine-specific browser cache/profile may contain cookies, login state, history, databases, or device identifiers."
.playwright-cli/chrome-selection-flow-check/Default/Extensions/ghbmnnjooekpmoecnnnilnnbdlolhkhi/1.107.1_0/_locales/sq/messages.json,923,ea42c8f96c26ccb55a95f1f7bbbaf151ed36e9c737c54bb3c5081f3fdb9e9066,.json,1,BROWSER_PROFILE,EXCLUDE_SENSITIVE,"Machine-specific browser cache/profile may contain cookies, login state, history, databases, or device identifiers."
.playwright-cli/chrome-selection-flow-check/Default/Extensions/ghbmnnjooekpmoecnnnilnnbdlolhkhi/1.107.1_0/_locales/sr/messages.json,1320,4e8b69e864f57cddd4dc4e4faf2c28d496874d06016bc22e8d39e0cb69552769,.json,23,BROWSER_PROFILE,EXCLUDE_SENSITIVE,"Machine-specific browser cache/profile may contain cookies, login state, history, databases, or device identifiers."
.playwright-cli/chrome-selection-flow-check/Default/Extensions/ghbmnnjooekpmoecnnnilnnbdlolhkhi/1.107.1_0/_locales/sv/messages.json,884,64b1e422b346ab77c5d1c77142685b3ff7661d498767d104b0c24cb36d0eb859,.json,23,BROWSER_PROFILE,EXCLUDE_SENSITIVE,"Machine-specific browser cache/profile may contain cookies, login state, history, databases, or device identifiers."
.playwright-cli/chrome-selection-flow-check/Default/Extensions/ghbmnnjooekpmoecnnnilnnbdlolhkhi/1.107.1_0/_locales/sw/messages.json,980,0d20680b74af10ef8c754fcde259124a438dce3848305b0caf994d98e787d263,.json,23,BROWSER_PROFILE,EXCLUDE_SENSITIVE,"Machine-specific browser cache/profile may contain cookies, login state, history, databases, or device identifiers."
.playwright-cli/chrome-selection-flow-check/Default/Extensions/ghbmnnjooekpmoecnnnilnnbdlolhkhi/1.107.1_0/_locales/ta/messages.json,1941,6282bf9df12ad453858b0b531c8999d5fd6251eb855234546a1b30858462231a,.json,23,BROWSER_PROFILE,EXCLUDE_SENSITIVE,"Machine-specific browser cache/profile may contain cookies, login state, history, databases, or device identifiers."
.playwright-cli/chrome-selection-flow-check/Default/Extensions/ghbmnnjooekpmoecnnnilnnbdlolhkhi/1.107.1_0/_locales/te/messages.json,1969,026c164bae27dbb36a564888a796aa3f188aad9e0c37176d48910395cf772cea,.json,23,BROWSER_PROFILE,EXCLUDE_SENSITIVE,"Machine-specific browser cache/profile may contain cookies, login state, history, databases, or device identifiers."
.playwright-cli/chrome-selection-flow-check/Default/Extensions/ghbmnnjooekpmoecnnnilnnbdlolhkhi/1.107.1_0/_locales/th/messages.json,1674,d147631b2334a25b8aa4519e4a30fb3a1a85b6a0396bc688c68dc124ec387d58,.json,23,BROWSER_PROFILE,EXCLUDE_SENSITIVE,"Machine-specific browser cache/profile may contain cookies, login state, history, databases, or device identifiers."
.playwright-cli/chrome-selection-flow-check/Default/Extensions/ghbmnnjooekpmoecnnnilnnbdlolhkhi/1.107.1_0/_locales/tr/messages.json,1063,b9066a162bee00fd50dc48c71b32b69dffa362a01f84b45698b017a624f46824,.json,23,BROWSER_PROFILE,EXCLUDE_SENSITIVE,"Machine-specific browser cache/profile may contain cookies, login state, history, databases, or device identifiers."
.playwright-cli/chrome-selection-flow-check/Default/Extensions/ghbmnnjooekpmoecnnnilnnbdlolhkhi/1.107.1_0/_locales/uk/messages.json,1333,9fa26ff09f6acde2457ed366c0c4124b6cac1435d0c4fd8a870a0c090417da19,.json,23,BROWSER_PROFILE,EXCLUDE_SENSITIVE,"Machine-specific browser cache/profile may contain cookies, login state, history, databases, or device identifiers."
.playwright-cli/chrome-selection-flow-check/Default/Extensions/ghbmnnjooekpmoecnnnilnnbdlolhkhi/1.107.1_0/_locales/ur/messages.json,1263,5da836224d0f3a96f1c5eb5063061aad837ca9fc6fed15d19c66da25cf56f8ac,.json,23,BROWSER_PROFILE,EXCLUDE_SENSITIVE,"Machine-specific browser cache/profile may contain cookies, login state, history, databases, or device identifiers."
.playwright-cli/chrome-selection-flow-check/Default/Extensions/ghbmnnjooekpmoecnnnilnnbdlolhkhi/1.107.1_0/_locales/uz/messages.json,865,1eba3f2228c3e838a666f85ba3ee42c1d62c98a51287c5cf1de3fcd204c3bc4c,.json,23,BROWSER_PROFILE,EXCLUDE_SENSITIVE,"Machine-specific browser cache/profile may contain cookies, login state, history, databases, or device identifiers."
.playwright-cli/chrome-selection-flow-check/Default/Extensions/ghbmnnjooekpmoecnnnilnnbdlolhkhi/1.107.1_0/_locales/vi/messages.json,1074,597c5f32bc999746bc5c2ed1e5115c523b7eb1d33f81b042203e1c1df4bbcafe,.json,23,BROWSER_PROFILE,EXCLUDE_SENSITIVE,"Machine-specific browser cache/profile may contain cookies, login state, history, databases, or device identifiers."
.playwright-cli/chrome-selection-flow-check/Default/Extensions/ghbmnnjooekpmoecnnnilnnbdlolhkhi/1.107.1_0/_locales/zh_CN/messages.json,873,c047235c983d3dcf835d4ecc1c9270c6262a09a5acadf093d87e709c0a23cae7,.json,23,BROWSER_PROFILE,EXCLUDE_SENSITIVE,"Machine-specific browser cache/profile may contain cookies, login state, history, databases, or device identifiers."
.playwright-cli/chrome-selection-flow-check/Default/Extensions/ghbmnnjooekpmoecnnnilnnbdlolhkhi/1.107.1_0/_locales/zh_HK/messages.json,1205,30f44cfad052d73d86d12fa20cfc111563a3b2e4523b43f7d66d934ba8dace91,.json,1,BROWSER_PROFILE,EXCLUDE_SENSITIVE,"Machine-specific browser cache/profile may contain cookies, login state, history, databases, or device identifiers."
.playwright-cli/chrome-selection-flow-check/Default/Extensions/ghbmnnjooekpmoecnnnilnnbdlolhkhi/1.107.1_0/_locales/zh_TW/messages.json,843,f94c6ddedf067642a1af18d629778ec65e02b6097a8532b7e794502747aeb008,.json,23,BROWSER_PROFILE,EXCLUDE_SENSITIVE,"Machine-specific browser cache/profile may contain cookies, login state, history, databases, or device identifiers."
.playwright-cli/chrome-selection-flow-check/Default/Extensions/ghbmnnjooekpmoecnnnilnnbdlolhkhi/1.107.1_0/_locales/zu/messages.json,912,ec78ddd4ccf32b5d76ec701a20167c3fbd146d79a505e4fb0421fc1e5cf4aa63,.json,1,BROWSER_PROFILE,EXCLUDE_SENSITIVE,"Machine-specific browser cache/profile may contain cookies, login state, history, databases, or device identifiers."
.playwright-cli/chrome-selection-flow-check/Default/Extensions/ghbmnnjooekpmoecnnnilnnbdlolhkhi/1.107.1_0/_metadata/computed_hashes.json,6032,e1834ad10c72cf9ce9bb4e43eb1063b657efc5a28a4029db2d1578454cf9cb3b,.json,1,BROWSER_PROFILE,EXCLUDE_SENSITIVE,"Machine-specific browser cache/profile may contain cookies, login state, history, databases, or device identifiers."
.playwright-cli/chrome-selection-flow-check/Default/Extensions/ghbmnnjooekpmoecnnnilnnbdlolhkhi/1.107.1_0/_metadata/verified_contents.json,11914,d09c1b5096bf69f87ef1bdda57800bd67723521c70b86916e0cec664d9ac708e,.json,1,BROWSER_PROFILE,EXCLUDE_SENSITIVE,"Machine-specific browser cache/profile may contain cookies, login state, history, databases, or device identifiers."
.playwright-cli/chrome-selection-flow-check/Default/Extensions/ghbmnnjooekpmoecnnnilnnbdlolhkhi/1.107.1_0/dasherSettingSchema.json,854,6c69ce0fe6fab14f1990a320d704fee362c175c00eb6c9224aa6f41108918ca6,.json,21,BROWSER_PROFILE,EXCLUDE_SENSITIVE,"Machine-specific browser cache/profile may contain cookies, login state, history, databases, or device identifiers."
.playwright-cli/chrome-selection-flow-check/Default/Extensions/ghbmnnjooekpmoecnnnilnnbdlolhkhi/1.107.1_0/manifest.json,2526,4e84855356b12705f6c8ee10199a31ad1a69f05e7507d584ef11eac20a216328,.json,38,BROWSER_PROFILE,EXCLUDE_SENSITIVE,"Machine-specific browser cache/profile may contain cookies, login state, history, databases, or device identifiers."
.playwright-cli/chrome-selection-flow-check/Default/Extensions/ghbmnnjooekpmoecnnnilnnbdlolhkhi/1.107.1_0/offscreendocument.html,97,b9fa2d52a4ffabb438b56184131b893b04655b01f336066415d4fe839efe64e7,.html,6,BROWSER_PROFILE,EXCLUDE_SENSITIVE,"Machine-specific browser cache/profile may contain cookies, login state, history, databases, or device identifiers."
.playwright-cli/chrome-selection-flow-check/Default/Extensions/ghbmnnjooekpmoecnnnilnnbdlolhkhi/1.107.1_0/offscreendocument_main.js,126606,7f55456a8f5a717f38ebf7481e97b3de437bb2b9b35073f526f7edb11311f4d3,.js,234,BROWSER_PROFILE,EXCLUDE_SENSITIVE,"Machine-specific browser cache/profile may contain cookies, login state, history, databases, or device identifiers."
.playwright-cli/chrome-selection-flow-check/Default/Extensions/ghbmnnjooekpmoecnnnilnnbdlolhkhi/1.107.1_0/page_embed_script.js,339,6ce49065b537fd6e918d3ec6c8c1e72138144472bb51581c4622a714cf7fa10b,.js,1,BROWSER_PROFILE,EXCLUDE_SENSITIVE,"Machine-specific browser cache/profile may contain cookies, login state, history, databases, or device identifiers."
.playwright-cli/chrome-selection-flow-check/Default/Extensions/ghbmnnjooekpmoecnnnilnnbdlolhkhi/1.107.1_0/service_worker_bin_prod.js,132526,5de9e74058524e92c88ecfc5e25dee0f3d9f8af92179b33eb52638eb98022965,.js,247,BROWSER_PROFILE,EXCLUDE_SENSITIVE,"Machine-specific browser cache/profile may contain cookies, login state, history, databases, or device identifiers."
.playwright-cli/chrome-selection-flow-check/Default/Favicons,20480,3acaa11cefe4c5008978f3db3014ae1f8939ee079c031832bebe29d442292add,,15,BROWSER_PROFILE,EXCLUDE_SENSITIVE,"Machine-specific browser cache/profile may contain cookies, login state, history, databases, or device identifiers."
.playwright-cli/chrome-selection-flow-check/Default/Favicons-journal,0,e3b0c44298fc1c149afbf4c8996fb92427ae41e4649b934ca495991b7852b855,,0,BROWSER_PROFILE,EXCLUDE_SENSITIVE,"Machine-specific browser cache/profile may contain cookies, login state, history, databases, or device identifiers."
.playwright-cli/chrome-selection-flow-check/Default/GCM Store/000003.log,663,4c1d10b38fe8492396e3f4b22b3f3c8773fab99554069cb2b2003785ece1ea90,.log,3,BROWSER_PROFILE,EXCLUDE_SENSITIVE,"Machine-specific browser cache/profile may contain cookies, login state, history, databases, or device identifiers."
.playwright-cli/chrome-selection-flow-check/Default/GCM Store/CURRENT,16,0f1bad70c7bd1e0a69562853ec529355462fcd0423263a3d39d6d0d70b780443,,1,BROWSER_PROFILE,EXCLUDE_SENSITIVE,"Machine-specific browser cache/profile may contain cookies, login state, history, databases, or device identifiers."
.playwright-cli/chrome-selection-flow-check/Default/GCM Store/Encryption/000003.log,0,e3b0c44298fc1c149afbf4c8996fb92427ae41e4649b934ca495991b7852b855,.log,0,BROWSER_PROFILE,EXCLUDE_SENSITIVE,"Machine-specific browser cache/profile may contain cookies, login state, history, databases, or device identifiers."
.playwright-cli/chrome-selection-flow-check/Default/GCM Store/Encryption/CURRENT,16,0f1bad70c7bd1e0a69562853ec529355462fcd0423263a3d39d6d0d70b780443,,1,BROWSER_PROFILE,EXCLUDE_SENSITIVE,"Machine-specific browser cache/profile may contain cookies, login state, history, databases, or device identifiers."
.playwright-cli/chrome-selection-flow-check/Default/GCM Store/Encryption/LOCK,0,e3b0c44298fc1c149afbf4c8996fb92427ae41e4649b934ca495991b7852b855,,0,BROWSER_PROFILE,EXCLUDE_SENSITIVE,"Machine-specific browser cache/profile may contain cookies, login state, history, databases, or device identifiers."
.playwright-cli/chrome-selection-flow-check/Default/GCM Store/Encryption/LOG,315,606bd71dae87383fc05ce6ea2deeacef179b002b4acb22113ade303986012a24,,2,BROWSER_PROFILE,EXCLUDE_SENSITIVE,"Machine-specific browser cache/profile may contain cookies, login state, history, databases, or device identifiers."
.playwright-cli/chrome-selection-flow-check/Default/GCM Store/Encryption/MANIFEST-000001,41,f9d31b278e215eb0d0e9cd709edfa037e828f36214ab7906f612160fead4b2b4,,1,BROWSER_PROFILE,EXCLUDE_SENSITIVE,"Machine-specific browser cache/profile may contain cookies, login state, history, databases, or device identifiers."
.playwright-cli/chrome-selection-flow-check/Default/GCM Store/LOCK,0,e3b0c44298fc1c149afbf4c8996fb92427ae41e4649b934ca495991b7852b855,,0,BROWSER_PROFILE,EXCLUDE_SENSITIVE,"Machine-specific browser cache/profile may contain cookies, login state, history, databases, or device identifiers."
.playwright-cli/chrome-selection-flow-check/Default/GCM Store/LOG,293,26bae5fac5f5062590c5a9778321bce4f4709c1e213477a818f3b128a96117a8,,2,BROWSER_PROFILE,EXCLUDE_SENSITIVE,"Machine-specific browser cache/profile may contain cookies, login state, history, databases, or device identifiers."
.playwright-cli/chrome-selection-flow-check/Default/GCM Store/MANIFEST-000001,41,f9d31b278e215eb0d0e9cd709edfa037e828f36214ab7906f612160fead4b2b4,,1,BROWSER_PROFILE,EXCLUDE_SENSITIVE,"Machine-specific browser cache/profile may contain cookies, login state, history, databases, or device identifiers."
.playwright-cli/chrome-selection-flow-check/Default/GPUCache/data_0,8192,d6a5fe39cd672781b256e0e3102f7022635f1d4bb7cfcc90a80fffe4d0f3877e,,1,BROWSER_PROFILE,EXCLUDE_SENSITIVE,"Machine-specific browser cache/profile may contain cookies, login state, history, databases, or device identifiers."
.playwright-cli/chrome-selection-flow-check/Default/GPUCache/data_1,270336,902f30c1fb0597d0734bc34b979ec5d131f8f39a4b71b338083821216ec8d61b,,1,BROWSER_PROFILE,EXCLUDE_SENSITIVE,"Machine-specific browser cache/profile may contain cookies, login state, history, databases, or device identifiers."
.playwright-cli/chrome-selection-flow-check/Default/GPUCache/data_2,8192,ec1702806f4cc7c42a82fc2b38e89835fde7c64bb32060e0823c9077ca92efb7,,1,BROWSER_PROFILE,EXCLUDE_SENSITIVE,"Machine-specific browser cache/profile may contain cookies, login state, history, databases, or device identifiers."
.playwright-cli/chrome-selection-flow-check/Default/GPUCache/data_3,8192,e09f42c398d688dce168570291f1f92d079987deda3099a34adb9e8c0522b30c,,1,BROWSER_PROFILE,EXCLUDE_SENSITIVE,"Machine-specific browser cache/profile may contain cookies, login state, history, databases, or device identifiers."
.playwright-cli/chrome-selection-flow-check/Default/GPUCache/index,262512,38f201c9e5b7cbccc6d9c793a982970b39b3bc61a378e47dae48ef84fb282c3e,,1,BROWSER_PROFILE,EXCLUDE_SENSITIVE,"Machine-specific browser cache/profile may contain cookies, login state, history, databases, or device identifiers."
.playwright-cli/chrome-selection-flow-check/Default/heavy_ad_intervention_opt_out.db,16384,d44b405304e372a3cf70f2dc1e68c727504a0f28fa186fef47b8450b1527ae68,.db,5,BROWSER_PROFILE,EXCLUDE_SENSITIVE,"Machine-specific browser cache/profile may contain cookies, login state, history, databases, or device identifiers."
.playwright-cli/chrome-selection-flow-check/Default/heavy_ad_intervention_opt_out.db-journal,0,e3b0c44298fc1c149afbf4c8996fb92427ae41e4649b934ca495991b7852b855,.db-journal,0,BROWSER_PROFILE,EXCLUDE_SENSITIVE,"Machine-specific browser cache/profile may contain cookies, login state, history, databases, or device identifiers."
.playwright-cli/chrome-selection-flow-check/Default/History,163840,5d5d7fb5a62d85513404c974d1b98402a3509f1568c8eaa6f32568b7b3253bc3,,49,BROWSER_PROFILE,EXCLUDE_SENSITIVE,"Machine-specific browser cache/profile may contain cookies, login state, history, databases, or device identifiers."
.playwright-cli/chrome-selection-flow-check/Default/History-journal,74384,9bac55059aaf95a6707fed832cbbd9e41dd5340839cc547ec50dfafb9a45f3f3,,20,BROWSER_PROFILE,EXCLUDE_SENSITIVE,"Machine-specific browser cache/profile may contain cookies, login state, history, databases, or device identifiers."
.playwright-cli/chrome-selection-flow-check/Default/Local Extension Settings/ghbmnnjooekpmoecnnnilnnbdlolhkhi/000003.log,49,9d89630da3bde9505d4c2cc684eb01c2d4d7d11028d01d309aca12b064f779e6,.log,2,BROWSER_PROFILE,EXCLUDE_SENSITIVE,"Machine-specific browser cache/profile may contain cookies, login state, history, databases, or device identifiers."
.playwright-cli/chrome-selection-flow-check/Default/Local Extension Settings/ghbmnnjooekpmoecnnnilnnbdlolhkhi/CURRENT,16,0f1bad70c7bd1e0a69562853ec529355462fcd0423263a3d39d6d0d70b780443,,1,BROWSER_PROFILE,EXCLUDE_SENSITIVE,"Machine-specific browser cache/profile may contain cookies, login state, history, databases, or device identifiers."
.playwright-cli/chrome-selection-flow-check/Default/Local Extension Settings/ghbmnnjooekpmoecnnnilnnbdlolhkhi/LOCK,0,e3b0c44298fc1c149afbf4c8996fb92427ae41e4649b934ca495991b7852b855,,0,BROWSER_PROFILE,EXCLUDE_SENSITIVE,"Machine-specific browser cache/profile may contain cookies, login state, history, databases, or device identifiers."
.playwright-cli/chrome-selection-flow-check/Default/Local Extension Settings/ghbmnnjooekpmoecnnnilnnbdlolhkhi/LOG,389,821c29361658449b8ddcd84c6c4707e0ac0122733613e9820a012ff349616263,,2,BROWSER_PROFILE,EXCLUDE_SENSITIVE,"Machine-specific browser cache/profile may contain cookies, login state, history, databases, or device identifiers."
.playwright-cli/chrome-selection-flow-check/Default/Local Extension Settings/ghbmnnjooekpmoecnnnilnnbdlolhkhi/MANIFEST-000001,41,f9d31b278e215eb0d0e9cd709edfa037e828f36214ab7906f612160fead4b2b4,,1,BROWSER_PROFILE,EXCLUDE_SENSITIVE,"Machine-specific browser cache/profile may contain cookies, login state, history, databases, or device identifiers."
.playwright-cli/chrome-selection-flow-check/Default/Local Storage/leveldb/000003.log,10036,418f884cb99a483f0f99527624326a1b13b5df0c8ce772c37afac244dbea00a4,.log,2,BROWSER_PROFILE,EXCLUDE_SENSITIVE,"Machine-specific browser cache/profile may contain cookies, login state, history, databases, or device identifiers."
.playwright-cli/chrome-selection-flow-check/Default/Local Storage/leveldb/CURRENT,16,0f1bad70c7bd1e0a69562853ec529355462fcd0423263a3d39d6d0d70b780443,,1,BROWSER_PROFILE,EXCLUDE_SENSITIVE,"Machine-specific browser cache/profile may contain cookies, login state, history, databases, or device identifiers."
.playwright-cli/chrome-selection-flow-check/Default/Local Storage/leveldb/LOCK,0,e3b0c44298fc1c149afbf4c8996fb92427ae41e4649b934ca495991b7852b855,,0,BROWSER_PROFILE,EXCLUDE_SENSITIVE,"Machine-specific browser cache/profile may contain cookies, login state, history, databases, or device identifiers."
.playwright-cli/chrome-selection-flow-check/Default/Local Storage/leveldb/LOG,317,a00632c5e945d9b321820c7017e414768186cd4d88467574ddc9b898e3d7db6a,,2,BROWSER_PROFILE,EXCLUDE_SENSITIVE,"Machine-specific browser cache/profile may contain cookies, login state, history, databases, or device identifiers."
.playwright-cli/chrome-selection-flow-check/Default/Local Storage/leveldb/MANIFEST-000001,41,f9d31b278e215eb0d0e9cd709edfa037e828f36214ab7906f612160fead4b2b4,,1,BROWSER_PROFILE,EXCLUDE_SENSITIVE,"Machine-specific browser cache/profile may contain cookies, login state, history, databases, or device identifiers."
.playwright-cli/chrome-selection-flow-check/Default/LOCK,0,e3b0c44298fc1c149afbf4c8996fb92427ae41e4649b934ca495991b7852b855,,0,BROWSER_PROFILE,EXCLUDE_SENSITIVE,"Machine-specific browser cache/profile may contain cookies, login state, history, databases, or device identifiers."
.playwright-cli/chrome-selection-flow-check/Default/LOG,0,e3b0c44298fc1c149afbf4c8996fb92427ae41e4649b934ca495991b7852b855,,0,BROWSER_PROFILE,EXCLUDE_SENSITIVE,"Machine-specific browser cache/profile may contain cookies, login state, history, databases, or device identifiers."
.playwright-cli/chrome-selection-flow-check/Default/Login Data,40960,05e8c5e696093d57d273f916a2c9f2ef9b055eea6cb41f3ae258255409a89012,,26,BROWSER_PROFILE,EXCLUDE_SENSITIVE,"Machine-specific browser cache/profile may contain cookies, login state, history, databases, or device identifiers."
.playwright-cli/chrome-selection-flow-check/Default/Login Data For Account,40960,05e8c5e696093d57d273f916a2c9f2ef9b055eea6cb41f3ae258255409a89012,,26,BROWSER_PROFILE,EXCLUDE_SENSITIVE,"Machine-specific browser cache/profile may contain cookies, login state, history, databases, or device identifiers."
.playwright-cli/chrome-selection-flow-check/Default/Login Data For Account-journal,0,e3b0c44298fc1c149afbf4c8996fb92427ae41e4649b934ca495991b7852b855,,0,BROWSER_PROFILE,EXCLUDE_SENSITIVE,"Machine-specific browser cache/profile may contain cookies, login state, history, databases, or device identifiers."
.playwright-cli/chrome-selection-flow-check/Default/Login Data-journal,0,e3b0c44298fc1c149afbf4c8996fb92427ae41e4649b934ca495991b7852b855,,0,BROWSER_PROFILE,EXCLUDE_SENSITIVE,"Machine-specific browser cache/profile may contain cookies, login state, history, databases, or device identifiers."
.playwright-cli/chrome-selection-flow-check/Default/Network Action Predictor,53248,e229f1676f9123961e814197fbea469176defec9780bc1d089ffea10d187e6d7,,23,BROWSER_PROFILE,EXCLUDE_SENSITIVE,"Machine-specific browser cache/profile may contain cookies, login state, history, databases, or device identifiers."
.playwright-cli/chrome-selection-flow-check/Default/Network Action Predictor-journal,0,e3b0c44298fc1c149afbf4c8996fb92427ae41e4649b934ca495991b7852b855,,0,BROWSER_PROFILE,EXCLUDE_SENSITIVE,"Machine-specific browser cache/profile may contain cookies, login state, history, databases, or device identifiers."
.playwright-cli/chrome-selection-flow-check/Default/Network/Cookies,20480,40cfaef080aad157b7f8e0fade5b8a83ca8eb2a84fcea586458803c1e4d32e5b,,6,BROWSER_PROFILE,EXCLUDE_SENSITIVE,"Machine-specific browser cache/profile may contain cookies, login state, history, databases, or device identifiers."
.playwright-cli/chrome-selection-flow-check/Default/Network/Cookies-journal,0,e3b0c44298fc1c149afbf4c8996fb92427ae41e4649b934ca495991b7852b855,,0,BROWSER_PROFILE,EXCLUDE_SENSITIVE,"Machine-specific browser cache/profile may contain cookies, login state, history, databases, or device identifiers."
.playwright-cli/chrome-selection-flow-check/Default/Network/Device Bound Sessions,20480,ed90c803dbac3e3d245fe75145506230f1b47dfc7f16274c79dd1565ade4e014,,6,BROWSER_PROFILE,EXCLUDE_SENSITIVE,"Machine-specific browser cache/profile may contain cookies, login state, history, databases, or device identifiers."
.playwright-cli/chrome-selection-flow-check/Default/Network/Device Bound Sessions-journal,0,e3b0c44298fc1c149afbf4c8996fb92427ae41e4649b934ca495991b7852b855,,0,BROWSER_PROFILE,EXCLUDE_SENSITIVE,"Machine-specific browser cache/profile may contain cookies, login state, history, databases, or device identifiers."
.playwright-cli/chrome-selection-flow-check/Default/Network/NetworkDataMigrated,0,e3b0c44298fc1c149afbf4c8996fb92427ae41e4649b934ca495991b7852b855,,0,BROWSER_PROFILE,EXCLUDE_SENSITIVE,"Machine-specific browser cache/profile may contain cookies, login state, history, databases, or device identifiers."
.playwright-cli/chrome-selection-flow-check/Default/Network/Reporting and NEL,36864,8b86bbe225327a60bb03abcae3e4f927367240f7df368c8bf1d9dbe309686506,,11,BROWSER_PROFILE,EXCLUDE_SENSITIVE,"Machine-specific browser cache/profile may contain cookies, login state, history, databases, or device identifiers."
.playwright-cli/chrome-selection-flow-check/Default/Network/Reporting and NEL-journal,0,e3b0c44298fc1c149afbf4c8996fb92427ae41e4649b934ca495991b7852b855,,0,BROWSER_PROFILE,EXCLUDE_SENSITIVE,"Machine-specific browser cache/profile may contain cookies, login state, history, databases, or device identifiers."
.playwright-cli/chrome-selection-flow-check/Default/Network/Trust Tokens,36864,8b5a62a399e316009e0c0ee1727ede327893d7f82f38a136e795422b3f9c333c,,12,BROWSER_PROFILE,EXCLUDE_SENSITIVE,"Machine-specific browser cache/profile may contain cookies, login state, history, databases, or device identifiers."
.playwright-cli/chrome-selection-flow-check/Default/Network/Trust Tokens-journal,0,e3b0c44298fc1c149afbf4c8996fb92427ae41e4649b934ca495991b7852b855,,0,BROWSER_PROFILE,EXCLUDE_SENSITIVE,"Machine-specific browser cache/profile may contain cookies, login state, history, databases, or device identifiers."
.playwright-cli/chrome-selection-flow-check/Default/optimization_guide_hint_cache_store/LOCK,0,e3b0c44298fc1c149afbf4c8996fb92427ae41e4649b934ca495991b7852b855,,0,BROWSER_PROFILE,EXCLUDE_SENSITIVE,"Machine-specific browser cache/profile may contain cookies, login state, history, databases, or device identifiers."
.playwright-cli/chrome-selection-flow-check/Default/optimization_guide_hint_cache_store/LOG,0,e3b0c44298fc1c149afbf4c8996fb92427ae41e4649b934ca495991b7852b855,,0,BROWSER_PROFILE,EXCLUDE_SENSITIVE,"Machine-specific browser cache/profile may contain cookies, login state, history, databases, or device identifiers."
.playwright-cli/chrome-selection-flow-check/Default/parcel_tracking_db/LOCK,0,e3b0c44298fc1c149afbf4c8996fb92427ae41e4649b934ca495991b7852b855,,0,BROWSER_PROFILE,EXCLUDE_SENSITIVE,"Machine-specific browser cache/profile may contain cookies, login state, history, databases, or device identifiers."
.playwright-cli/chrome-selection-flow-check/Default/parcel_tracking_db/LOG,0,e3b0c44298fc1c149afbf4c8996fb92427ae41e4649b934ca495991b7852b855,,0,BROWSER_PROFILE,EXCLUDE_SENSITIVE,"Machine-specific browser cache/profile may contain cookies, login state, history, databases, or device identifiers."
.playwright-cli/chrome-selection-flow-check/Default/PersistentOriginTrials/LOCK,0,e3b0c44298fc1c149afbf4c8996fb92427ae41e4649b934ca495991b7852b855,,0,BROWSER_PROFILE,EXCLUDE_SENSITIVE,"Machine-specific browser cache/profile may contain cookies, login state, history, databases, or device identifiers."
.playwright-cli/chrome-selection-flow-check/Default/PersistentOriginTrials/LOG,0,e3b0c44298fc1c149afbf4c8996fb92427ae41e4649b934ca495991b7852b855,,0,BROWSER_PROFILE,EXCLUDE_SENSITIVE,"Machine-specific browser cache/profile may contain cookies, login state, history, databases, or device identifiers."
.playwright-cli/chrome-selection-flow-check/Default/PreferredApps,33,42b55d126d1e640b1ed7a6bdcb9a46c81df461fa7e131f4f8c7108c2c61c14de,,1,BROWSER_PROFILE,EXCLUDE_SENSITIVE,"Machine-specific browser cache/profile may contain cookies, login state, history, databases, or device identifiers."
.playwright-cli/chrome-selection-flow-check/Default/README,180,c43668eec4a8d88a5b3a06a84f8846853fe33e54293c2db56899a5a5dfb4d944,,1,BROWSER_PROFILE,EXCLUDE_SENSITIVE,"Machine-specific browser cache/profile may contain cookies, login state, history, databases, or device identifiers."
.playwright-cli/chrome-selection-flow-check/Default/Safe Browsing Network/NetworkDataMigrated,0,e3b0c44298fc1c149afbf4c8996fb92427ae41e4649b934ca495991b7852b855,,0,BROWSER_PROFILE,EXCLUDE_SENSITIVE,"Machine-specific browser cache/profile may contain cookies, login state, history, databases, or device identifiers."
.playwright-cli/chrome-selection-flow-check/Default/Safe Browsing Network/Safe Browsing Cookies,20480,40cfaef080aad157b7f8e0fade5b8a83ca8eb2a84fcea586458803c1e4d32e5b,,6,BROWSER_PROFILE,EXCLUDE_SENSITIVE,"Machine-specific browser cache/profile may contain cookies, login state, history, databases, or device identifiers."
.playwright-cli/chrome-selection-flow-check/Default/Safe Browsing Network/Safe Browsing Cookies-journal,0,e3b0c44298fc1c149afbf4c8996fb92427ae41e4649b934ca495991b7852b855,,0,BROWSER_PROFILE,EXCLUDE_SENSITIVE,"Machine-specific browser cache/profile may contain cookies, login state, history, databases, or device identifiers."
.playwright-cli/chrome-selection-flow-check/Default/Segmentation Platform/SegmentInfoDB/LOCK,0,e3b0c44298fc1c149afbf4c8996fb92427ae41e4649b934ca495991b7852b855,,0,BROWSER_PROFILE,EXCLUDE_SENSITIVE,"Machine-specific browser cache/profile may contain cookies, login state, history, databases, or device identifiers."
.playwright-cli/chrome-selection-flow-check/Default/Segmentation Platform/SegmentInfoDB/LOG,0,e3b0c44298fc1c149afbf4c8996fb92427ae41e4649b934ca495991b7852b855,,0,BROWSER_PROFILE,EXCLUDE_SENSITIVE,"Machine-specific browser cache/profile may contain cookies, login state, history, databases, or device identifiers."
.playwright-cli/chrome-selection-flow-check/Default/Segmentation Platform/SignalDB/LOCK,0,e3b0c44298fc1c149afbf4c8996fb92427ae41e4649b934ca495991b7852b855,,0,BROWSER_PROFILE,EXCLUDE_SENSITIVE,"Machine-specific browser cache/profile may contain cookies, login state, history, databases, or device identifiers."
.playwright-cli/chrome-selection-flow-check/Default/Segmentation Platform/SignalDB/LOG,0,e3b0c44298fc1c149afbf4c8996fb92427ae41e4649b934ca495991b7852b855,,0,BROWSER_PROFILE,EXCLUDE_SENSITIVE,"Machine-specific browser cache/profile may contain cookies, login state, history, databases, or device identifiers."
.playwright-cli/chrome-selection-flow-check/Default/Segmentation Platform/SignalStorageConfigDB/LOCK,0,e3b0c44298fc1c149afbf4c8996fb92427ae41e4649b934ca495991b7852b855,,0,BROWSER_PROFILE,EXCLUDE_SENSITIVE,"Machine-specific browser cache/profile may contain cookies, login state, history, databases, or device identifiers."
.playwright-cli/chrome-selection-flow-check/Default/Segmentation Platform/SignalStorageConfigDB/LOG,0,e3b0c44298fc1c149afbf4c8996fb92427ae41e4649b934ca495991b7852b855,,0,BROWSER_PROFILE,EXCLUDE_SENSITIVE,"Machine-specific browser cache/profile may contain cookies, login state, history, databases, or device identifiers."
.playwright-cli/chrome-selection-flow-check/Default/ServerCertificate,20480,4d2411474fd0bd7237bae798a21959c422dccc3275d742b8de4440cc244b22ce,,6,BROWSER_PROFILE,EXCLUDE_SENSITIVE,"Machine-specific browser cache/profile may contain cookies, login state, history, databases, or device identifiers."
.playwright-cli/chrome-selection-flow-check/Default/ServerCertificate-journal,0,e3b0c44298fc1c149afbf4c8996fb92427ae41e4649b934ca495991b7852b855,,0,BROWSER_PROFILE,EXCLUDE_SENSITIVE,"Machine-specific browser cache/profile may contain cookies, login state, history, databases, or device identifiers."
.playwright-cli/chrome-selection-flow-check/Default/Service Worker/Database/000003.log,2296,ed25967250e74738639d60d5f9aa29a63c528a74e5c33974056e3bdd48987139,.log,3,BROWSER_PROFILE,EXCLUDE_SENSITIVE,"Machine-specific browser cache/profile may contain cookies, login state, history, databases, or device identifiers."
.playwright-cli/chrome-selection-flow-check/Default/Service Worker/Database/CURRENT,16,0f1bad70c7bd1e0a69562853ec529355462fcd0423263a3d39d6d0d70b780443,,1,BROWSER_PROFILE,EXCLUDE_SENSITIVE,"Machine-specific browser cache/profile may contain cookies, login state, history, databases, or device identifiers."
.playwright-cli/chrome-selection-flow-check/Default/Service Worker/Database/LOCK,0,e3b0c44298fc1c149afbf4c8996fb92427ae41e4649b934ca495991b7852b855,,0,BROWSER_PROFILE,EXCLUDE_SENSITIVE,"Machine-specific browser cache/profile may contain cookies, login state, history, databases, or device identifiers."
.playwright-cli/chrome-selection-flow-check/Default/Service Worker/Database/LOG,321,3ba0c19aec0f36d8d7d6b53263df90a3d158d2e6d0a64120017a770d02cc0bac,,2,BROWSER_PROFILE,EXCLUDE_SENSITIVE,"Machine-specific browser cache/profile may contain cookies, login state, history, databases, or device identifiers."
.playwright-cli/chrome-selection-flow-check/Default/Service Worker/Database/MANIFEST-000001,41,f9d31b278e215eb0d0e9cd709edfa037e828f36214ab7906f612160fead4b2b4,,1,BROWSER_PROFILE,EXCLUDE_SENSITIVE,"Machine-specific browser cache/profile may contain cookies, login state, history, databases, or device identifiers."
.playwright-cli/chrome-selection-flow-check/Default/Service Worker/ScriptCache/2cc80dabc69f58b6_0,472,7433e2de592bac3d53e34206cd580d140d107eae0defa146b238d209d3b34c87,,8,BROWSER_PROFILE,EXCLUDE_SENSITIVE,"Machine-specific browser cache/profile may contain cookies, login state, history, databases, or device identifiers."
.playwright-cli/chrome-selection-flow-check/Default/Service Worker/ScriptCache/4cb013792b196a35_0,10387,9bfcd210dc08c82ce5d351f0b2e015d246be763173e1310cc3fe651d99c308aa,,302,BROWSER_PROFILE,EXCLUDE_SENSITIVE,"Machine-specific browser cache/profile may contain cookies, login state, history, databases, or device identifiers."
.playwright-cli/chrome-selection-flow-check/Default/Service Worker/ScriptCache/4cb013792b196a35_1,7217,3a18ce1e473651d8811fd0e246edbbce06dcb6b89bf91233750f7aaba12df741,,72,BROWSER_PROFILE,EXCLUDE_SENSITIVE,"Machine-specific browser cache/profile may contain cookies, login state, history, databases, or device identifiers."
.playwright-cli/chrome-selection-flow-check/Default/Service Worker/ScriptCache/f1cdccba37924bda_0,132923,30f9aec7ccc4fdc4dd57f3b72130a087288c66210b65b52ed0b2f951c53a9bb3,,250,BROWSER_PROFILE,EXCLUDE_SENSITIVE,"Machine-specific browser cache/profile may contain cookies, login state, history, databases, or device identifiers."
.playwright-cli/chrome-selection-flow-check/Default/Service Worker/ScriptCache/f1cdccba37924bda_1,335801,71d06da07780c17b25945fee8e87ba49baafb2054dc1ae70db38b502d14b39f3,,2854,BROWSER_PROFILE,EXCLUDE_SENSITIVE,"Machine-specific browser cache/profile may contain cookies, login state, history, databases, or device identifiers."
.playwright-cli/chrome-selection-flow-check/Default/Service Worker/ScriptCache/index,24,fbcfe23a2ecb82b7100c50811691dde0a33aa3da8d176be9882a9db485dc0f2d,,1,BROWSER_PROFILE,EXCLUDE_SENSITIVE,"Machine-specific browser cache/profile may contain cookies, login state, history, databases, or device identifiers."
.playwright-cli/chrome-selection-flow-check/Default/Service Worker/ScriptCache/index-dir/the-real-index,72,5f7c9f526c3639e0297eec84065aed27e24c68aa9f886b0c1ec7556ffb3d4c12,,2,BROWSER_PROFILE,EXCLUDE_SENSITIVE,"Machine-specific browser cache/profile may contain cookies, login state, history, databases, or device identifiers."
.playwright-cli/chrome-selection-flow-check/Default/Session Storage/000003.log,372,9e960d5c96055aa06ea20816fbca699992f616a2bd1cc00df5644043cda50eee,.log,1,BROWSER_PROFILE,EXCLUDE_SENSITIVE,"Machine-specific browser cache/profile may contain cookies, login state, history, databases, or device identifiers."
.playwright-cli/chrome-selection-flow-check/Default/Session Storage/CURRENT,16,0f1bad70c7bd1e0a69562853ec529355462fcd0423263a3d39d6d0d70b780443,,1,BROWSER_PROFILE,EXCLUDE_SENSITIVE,"Machine-specific browser cache/profile may contain cookies, login state, history, databases, or device identifiers."
.playwright-cli/chrome-selection-flow-check/Default/Session Storage/LOCK,0,e3b0c44298fc1c149afbf4c8996fb92427ae41e4649b934ca495991b7852b855,,0,BROWSER_PROFILE,EXCLUDE_SENSITIVE,"Machine-specific browser cache/profile may contain cookies, login state, history, databases, or device identifiers."
.playwright-cli/chrome-selection-flow-check/Default/Session Storage/LOG,305,141405183428935782541e0db4e254577852da39d945ec76227ecbf79c07d08c,,2,BROWSER_PROFILE,EXCLUDE_SENSITIVE,"Machine-specific browser cache/profile may contain cookies, login state, history, databases, or device identifiers."
.playwright-cli/chrome-selection-flow-check/Default/Session Storage/MANIFEST-000001,41,f9d31b278e215eb0d0e9cd709edfa037e828f36214ab7906f612160fead4b2b4,,1,BROWSER_PROFILE,EXCLUDE_SENSITIVE,"Machine-specific browser cache/profile may contain cookies, login state, history, databases, or device identifiers."
.playwright-cli/chrome-selection-flow-check/Default/Sessions/Session_13428150122026970,12465,1ad4de368c7b8215e1ccf1d055fb098a7589a6e5dbe62017ac0f3eb923cb17ef,,89,BROWSER_PROFILE,EXCLUDE_SENSITIVE,"Machine-specific browser cache/profile may contain cookies, login state, history, databases, or device identifiers."
.playwright-cli/chrome-selection-flow-check/Default/Shared Dictionary/cache/index,24,fbcfe23a2ecb82b7100c50811691dde0a33aa3da8d176be9882a9db485dc0f2d,,1,BROWSER_PROFILE,EXCLUDE_SENSITIVE,"Machine-specific browser cache/profile may contain cookies, login state, history, databases, or device identifiers."
.playwright-cli/chrome-selection-flow-check/Default/Shared Dictionary/cache/index-dir/the-real-index,48,358836226fcf1252e14c9f4fa9577c2596762652fd5b3e19e3ef58376af6f95c,,1,BROWSER_PROFILE,EXCLUDE_SENSITIVE,"Machine-specific browser cache/profile may contain cookies, login state, history, databases, or device identifiers."
.playwright-cli/chrome-selection-flow-check/Default/Shared Dictionary/db,45056,fbb86c665b2fed35c372ce8996eb1c4e31082aedd6ad5fc6086cfac889c3471b,,20,BROWSER_PROFILE,EXCLUDE_SENSITIVE,"Machine-specific browser cache/profile may contain cookies, login state, history, databases, or device identifiers."
.playwright-cli/chrome-selection-flow-check/Default/Shared Dictionary/db-journal,0,e3b0c44298fc1c149afbf4c8996fb92427ae41e4649b934ca495991b7852b855,,0,BROWSER_PROFILE,EXCLUDE_SENSITIVE,"Machine-specific browser cache/profile may contain cookies, login state, history, databases, or device identifiers."
.playwright-cli/chrome-selection-flow-check/Default/shared_proto_db/000003.log,7194,4bc2e050c3f5bfd8488e92fff9bc3714466fdd4657442a6d5f37346b1c648698,.log,225,BROWSER_PROFILE,EXCLUDE_SENSITIVE,"Machine-specific browser cache/profile may contain cookies, login state, history, databases, or device identifiers."
.playwright-cli/chrome-selection-flow-check/Default/shared_proto_db/CURRENT,16,0f1bad70c7bd1e0a69562853ec529355462fcd0423263a3d39d6d0d70b780443,,1,BROWSER_PROFILE,EXCLUDE_SENSITIVE,"Machine-specific browser cache/profile may contain cookies, login state, history, databases, or device identifiers."
.playwright-cli/chrome-selection-flow-check/Default/shared_proto_db/LOCK,0,e3b0c44298fc1c149afbf4c8996fb92427ae41e4649b934ca495991b7852b855,,0,BROWSER_PROFILE,EXCLUDE_SENSITIVE,"Machine-specific browser cache/profile may contain cookies, login state, history, databases, or device identifiers."
.playwright-cli/chrome-selection-flow-check/Default/shared_proto_db/LOG,305,d2b73b1a5092afd1122e8b3ea38bde1fe7fad3e7a7e683d699409faca0ba8181,,2,BROWSER_PROFILE,EXCLUDE_SENSITIVE,"Machine-specific browser cache/profile may contain cookies, login state, history, databases, or device identifiers."
.playwright-cli/chrome-selection-flow-check/Default/shared_proto_db/MANIFEST-000001,41,f9d31b278e215eb0d0e9cd709edfa037e828f36214ab7906f612160fead4b2b4,,1,BROWSER_PROFILE,EXCLUDE_SENSITIVE,"Machine-specific browser cache/profile may contain cookies, login state, history, databases, or device identifiers."
.playwright-cli/chrome-selection-flow-check/Default/shared_proto_db/metadata/000003.log,938,424ee125c705f92aedd8cd8ecdab72ca61b8b67a2e8b8269d7be0d531288d360,.log,5,BROWSER_PROFILE,EXCLUDE_SENSITIVE,"Machine-specific browser cache/profile may contain cookies, login state, history, databases, or device identifiers."
.playwright-cli/chrome-selection-flow-check/Default/shared_proto_db/metadata/CURRENT,16,0f1bad70c7bd1e0a69562853ec529355462fcd0423263a3d39d6d0d70b780443,,1,BROWSER_PROFILE,EXCLUDE_SENSITIVE,"Machine-specific browser cache/profile may contain cookies, login state, history, databases, or device identifiers."
.playwright-cli/chrome-selection-flow-check/Default/shared_proto_db/metadata/LOCK,0,e3b0c44298fc1c149afbf4c8996fb92427ae41e4649b934ca495991b7852b855,,0,BROWSER_PROFILE,EXCLUDE_SENSITIVE,"Machine-specific browser cache/profile may contain cookies, login state, history, databases, or device identifiers."
.playwright-cli/chrome-selection-flow-check/Default/shared_proto_db/metadata/LOG,323,351db4048e2d6f67f34115925cc7be19fb57550faa51aa92b3c566b8d0ca9188,,2,BROWSER_PROFILE,EXCLUDE_SENSITIVE,"Machine-specific browser cache/profile may contain cookies, login state, history, databases, or device identifiers."
.playwright-cli/chrome-selection-flow-check/Default/shared_proto_db/metadata/MANIFEST-000001,41,f9d31b278e215eb0d0e9cd709edfa037e828f36214ab7906f612160fead4b2b4,,1,BROWSER_PROFILE,EXCLUDE_SENSITIVE,"Machine-specific browser cache/profile may contain cookies, login state, history, databases, or device identifiers."
.playwright-cli/chrome-selection-flow-check/Default/Shortcuts,20480,7766a9b60e33ceb16bfc581390f10a79361348e2271d02235c23f77b744d6b4d,,8,BROWSER_PROFILE,EXCLUDE_SENSITIVE,"Machine-specific browser cache/profile may contain cookies, login state, history, databases, or device identifiers."
.playwright-cli/chrome-selection-flow-check/Default/Shortcuts-journal,0,e3b0c44298fc1c149afbf4c8996fb92427ae41e4649b934ca495991b7852b855,,0,BROWSER_PROFILE,EXCLUDE_SENSITIVE,"Machine-specific browser cache/profile may contain cookies, login state, history, databases, or device identifiers."
.playwright-cli/chrome-selection-flow-check/Default/Site Characteristics Database/000003.log,40,f096bc366a931fba656bdcd77b24af15a5f29fc53281a727c79f82c608ecfab8,.log,1,BROWSER_PROFILE,EXCLUDE_SENSITIVE,"Machine-specific browser cache/profile may contain cookies, login state, history, databases, or device identifiers."
.playwright-cli/chrome-selection-flow-check/Default/Site Characteristics Database/CURRENT,16,0f1bad70c7bd1e0a69562853ec529355462fcd0423263a3d39d6d0d70b780443,,1,BROWSER_PROFILE,EXCLUDE_SENSITIVE,"Machine-specific browser cache/profile may contain cookies, login state, history, databases, or device identifiers."
.playwright-cli/chrome-selection-flow-check/Default/Site Characteristics Database/LOCK,0,e3b0c44298fc1c149afbf4c8996fb92427ae41e4649b934ca495991b7852b855,,0,BROWSER_PROFILE,EXCLUDE_SENSITIVE,"Machine-specific browser cache/profile may contain cookies, login state, history, databases, or device identifiers."
.playwright-cli/chrome-selection-flow-check/Default/Site Characteristics Database/LOG,333,0dce9e46a9271fe7e10c436552e549460895064dae6bbb025e41fa756cf2b8dd,,2,BROWSER_PROFILE,EXCLUDE_SENSITIVE,"Machine-specific browser cache/profile may contain cookies, login state, history, databases, or device identifiers."
.playwright-cli/chrome-selection-flow-check/Default/Site Characteristics Database/MANIFEST-000001,41,f9d31b278e215eb0d0e9cd709edfa037e828f36214ab7906f612160fead4b2b4,,1,BROWSER_PROFILE,EXCLUDE_SENSITIVE,"Machine-specific browser cache/profile may contain cookies, login state, history, databases, or device identifiers."
.playwright-cli/chrome-selection-flow-check/Default/Sync Data/LevelDB/000003.log,3036,342969b3848a5f00f827a42799556df5d245a7e3615c762eab44e5eda88b5dbb,.log,16,BROWSER_PROFILE,EXCLUDE_SENSITIVE,"Machine-specific browser cache/profile may contain cookies, login state, history, databases, or device identifiers."
.playwright-cli/chrome-selection-flow-check/Default/Sync Data/LevelDB/CURRENT,16,0f1bad70c7bd1e0a69562853ec529355462fcd0423263a3d39d6d0d70b780443,,1,BROWSER_PROFILE,EXCLUDE_SENSITIVE,"Machine-specific browser cache/profile may contain cookies, login state, history, databases, or device identifiers."
.playwright-cli/chrome-selection-flow-check/Default/Sync Data/LevelDB/LOCK,0,e3b0c44298fc1c149afbf4c8996fb92427ae41e4649b934ca495991b7852b855,,0,BROWSER_PROFILE,EXCLUDE_SENSITIVE,"Machine-specific browser cache/profile may contain cookies, login state, history, databases, or device identifiers."
.playwright-cli/chrome-selection-flow-check/Default/Sync Data/LevelDB/LOG,309,1188aa1fc25facbe16b3e5033b0002019e81ecfb1354625c06048f1812999a4e,,2,BROWSER_PROFILE,EXCLUDE_SENSITIVE,"Machine-specific browser cache/profile may contain cookies, login state, history, databases, or device identifiers."
.playwright-cli/chrome-selection-flow-check/Default/Sync Data/LevelDB/MANIFEST-000001,41,f9d31b278e215eb0d0e9cd709edfa037e828f36214ab7906f612160fead4b2b4,,1,BROWSER_PROFILE,EXCLUDE_SENSITIVE,"Machine-specific browser cache/profile may contain cookies, login state, history, databases, or device identifiers."
.playwright-cli/chrome-selection-flow-check/Default/Top Sites,20480,e0699b971204e3bc53bcb44f67dccc323f9f6146490565f687815d8593b3a4f7,,6,BROWSER_PROFILE,EXCLUDE_SENSITIVE,"Machine-specific browser cache/profile may contain cookies, login state, history, databases, or device identifiers."
.playwright-cli/chrome-selection-flow-check/Default/Top Sites-journal,0,e3b0c44298fc1c149afbf4c8996fb92427ae41e4649b934ca495991b7852b855,,0,BROWSER_PROFILE,EXCLUDE_SENSITIVE,"Machine-specific browser cache/profile may contain cookies, login state, history, databases, or device identifiers."
.playwright-cli/chrome-selection-flow-check/Default/trusted_vault.pb,84,b87bf305aafae1f1ec7dd947176c9529b2a9cbd4a3bf296fce25fc009e725366,.pb,2,BROWSER_PROFILE,EXCLUDE_SENSITIVE,"Machine-specific browser cache/profile may contain cookies, login state, history, databases, or device identifiers."
.playwright-cli/chrome-selection-flow-check/Default/Web Applications/Manifest Resources/aghbiahbpaijignceidepookljebhfak/Icons/128.png,8338,d9fcb04ae27f15dc6555022c13eff06631cf070e169c0b895f0f9189a10fbd56,.png,76,BROWSER_PROFILE,EXCLUDE_SENSITIVE,"Machine-specific browser cache/profile may contain cookies, login state, history, databases, or device identifiers."
.playwright-cli/chrome-selection-flow-check/Default/Web Applications/Manifest Resources/aghbiahbpaijignceidepookljebhfak/Icons/192.png,5523,1ad1a4f19ee8e5e3789ba4fd6c97c619f74bc8a1a45ab5eb8f48b58f9f3ac3ee,.png,41,BROWSER_PROFILE,EXCLUDE_SENSITIVE,"Machine-specific browser cache/profile may contain cookies, login state, history, databases, or device identifiers."
.playwright-cli/chrome-selection-flow-check/Default/Web Applications/Manifest Resources/aghbiahbpaijignceidepookljebhfak/Icons/256.png,20518,59d76d87087d27eb3bdced638c1630141ff7f7b3e82004ca16e9bb4aa303045f,.png,172,BROWSER_PROFILE,EXCLUDE_SENSITIVE,"Machine-specific browser cache/profile may contain cookies, login state, history, databases, or device identifiers."
.playwright-cli/chrome-selection-flow-check/Default/Web Applications/Manifest Resources/aghbiahbpaijignceidepookljebhfak/Icons/32.png,1891,bff3a19327fd09a24c1aa4e7f34c508d7e668a8eb32f2cc7c33bcaa7e9ee2319,.png,17,BROWSER_PROFILE,EXCLUDE_SENSITIVE,"Machine-specific browser cache/profile may contain cookies, login state, history, databases, or device identifiers."
.playwright-cli/chrome-selection-flow-check/Default/Web Applications/Manifest Resources/aghbiahbpaijignceidepookljebhfak/Icons/48.png,2984,7240c3f7a6c52b13e5716203459e85db4afe6d999d75d9e7744c7f773264e11e,.png,30,BROWSER_PROFILE,EXCLUDE_SENSITIVE,"Machine-specific browser cache/profile may contain cookies, login state, history, databases, or device identifiers."
.playwright-cli/chrome-selection-flow-check/Default/Web Applications/Manifest Resources/aghbiahbpaijignceidepookljebhfak/Icons/64.png,3975,7569c63e3abe7639c919dc64382c0fa6aa2327e091abc67fd812e5d404f8046a,.png,31,BROWSER_PROFILE,EXCLUDE_SENSITIVE,"Machine-specific browser cache/profile may contain cookies, login state, history, databases, or device identifiers."
.playwright-cli/chrome-selection-flow-check/Default/Web Applications/Manifest Resources/aghbiahbpaijignceidepookljebhfak/Icons/96.png,6049,1626edb98d38f7588ba2fa6881ee1ce9a46d28f9760cfab6e7badfe01d1ffc68,.png,49,BROWSER_PROFILE,EXCLUDE_SENSITIVE,"Machine-specific browser cache/profile may contain cookies, login state, history, databases, or device identifiers."
.playwright-cli/chrome-selection-flow-check/Default/Web Applications/Manifest Resources/aghbiahbpaijignceidepookljebhfak/Trusted Icons/Icons/192.png,5523,1ad1a4f19ee8e5e3789ba4fd6c97c619f74bc8a1a45ab5eb8f48b58f9f3ac3ee,.png,41,BROWSER_PROFILE,EXCLUDE_SENSITIVE,"Machine-specific browser cache/profile may contain cookies, login state, history, databases, or device identifiers."
.playwright-cli/chrome-selection-flow-check/Default/Web Applications/Manifest Resources/agimnkijcaahngcdmfeangaknmldooml/Icons/128.png,10369,21e62dd92c76155912fca7c320837039c05d087d2a6590e7637b9e82ce576947,.png,88,BROWSER_PROFILE,EXCLUDE_SENSITIVE,"Machine-specific browser cache/profile may contain cookies, login state, history, databases, or device identifiers."
.playwright-cli/chrome-selection-flow-check/Default/Web Applications/Manifest Resources/agimnkijcaahngcdmfeangaknmldooml/Icons/192.png,7081,62fa13461b5d8d6fb313a58ad0f60f461a80e68aefc1931755ffa4c2a8510fb6,.png,68,BROWSER_PROFILE,EXCLUDE_SENSITIVE,"Machine-specific browser cache/profile may contain cookies, login state, history, databases, or device identifiers."
.playwright-cli/chrome-selection-flow-check/Default/Web Applications/Manifest Resources/agimnkijcaahngcdmfeangaknmldooml/Icons/256.png,26383,b48e75f50a26c8a54b6aa4c2d866bba84e15035a9567cc7c51ab7ea2e29f367b,.png,257,BROWSER_PROFILE,EXCLUDE_SENSITIVE,"Machine-specific browser cache/profile may contain cookies, login state, history, databases, or device identifiers."
.playwright-cli/chrome-selection-flow-check/Default/Web Applications/Manifest Resources/agimnkijcaahngcdmfeangaknmldooml/Icons/32.png,1572,7cce326e62b1efd08d37bee0c3cd20258a2527e5b267a359c03240a76badced0,.png,15,BROWSER_PROFILE,EXCLUDE_SENSITIVE,"Machine-specific browser cache/profile may contain cookies, login state, history, databases, or device identifiers."
.playwright-cli/chrome-selection-flow-check/Default/Web Applications/Manifest Resources/agimnkijcaahngcdmfeangaknmldooml/Icons/48.png,2572,442bdbf96a0bbf2274f4f2a7a2a27bcf0e0851131284797df90bff59f738894d,.png,25,BROWSER_PROFILE,EXCLUDE_SENSITIVE,"Machine-specific browser cache/profile may contain cookies, login state, history, databases, or device identifiers."
.playwright-cli/chrome-selection-flow-check/Default/Web Applications/Manifest Resources/agimnkijcaahngcdmfeangaknmldooml/Icons/64.png,3945,6b2ff6fdec1a618e884b82acdff34292f05002959e1ccabf9c2723d383a47f98,.png,46,BROWSER_PROFILE,EXCLUDE_SENSITIVE,"Machine-specific browser cache/profile may contain cookies, login state, history, databases, or device identifiers."
.playwright-cli/chrome-selection-flow-check/Default/Web Applications/Manifest Resources/agimnkijcaahngcdmfeangaknmldooml/Icons/96.png,7033,8b45cd8893a8f096233044c28161139a3751b81f48751ad3bbc761f6db19f8d9,.png,58,BROWSER_PROFILE,EXCLUDE_SENSITIVE,"Machine-specific browser cache/profile may contain cookies, login state, history, databases, or device identifiers."
.playwright-cli/chrome-selection-flow-check/Default/Web Applications/Manifest Resources/agimnkijcaahngcdmfeangaknmldooml/Trusted Icons/Icons/192.png,7081,62fa13461b5d8d6fb313a58ad0f60f461a80e68aefc1931755ffa4c2a8510fb6,.png,68,BROWSER_PROFILE,EXCLUDE_SENSITIVE,"Machine-specific browser cache/profile may contain cookies, login state, history, databases, or device identifiers."
.playwright-cli/chrome-selection-flow-check/Default/Web Applications/Manifest Resources/fhihpiojkbmbpdjeoajapmgkhlnakfjf/Icons/128.png,2336,13df66d32805dfaf77b0140eeeaf3ad0c0a3e58c2180eb91d1d2177fa63c96d5,.png,21,BROWSER_PROFILE,EXCLUDE_SENSITIVE,"Machine-specific browser cache/profile may contain cookies, login state, history, databases, or device identifiers."
.playwright-cli/chrome-selection-flow-check/Default/Web Applications/Manifest Resources/fhihpiojkbmbpdjeoajapmgkhlnakfjf/Icons/192.png,1291,9b63a81a19ac89d558a8cd7ebbe9d76acccaa2dcb28da6c71efdb7795dd968bc,.png,11,BROWSER_PROFILE,EXCLUDE_SENSITIVE,"Machine-specific browser cache/profile may contain cookies, login state, history, databases, or device identifiers."
.playwright-cli/chrome-selection-flow-check/Default/Web Applications/Manifest Resources/fhihpiojkbmbpdjeoajapmgkhlnakfjf/Icons/256.png,5309,ad44c3c70ab3b691184fb797934f6f01d273de856bb783b66f0310cfa6913f51,.png,30,BROWSER_PROFILE,EXCLUDE_SENSITIVE,"Machine-specific browser cache/profile may contain cookies, login state, history, databases, or device identifiers."
.playwright-cli/chrome-selection-flow-check/Default/Web Applications/Manifest Resources/fhihpiojkbmbpdjeoajapmgkhlnakfjf/Icons/32.png,1061,23fb4d1613fb426612119928a7222ca84a9cba4ba081a8b1be7f2565c013c590,.png,9,BROWSER_PROFILE,EXCLUDE_SENSITIVE,"Machine-specific browser cache/profile may contain cookies, login state, history, databases, or device identifiers."
.playwright-cli/chrome-selection-flow-check/Default/Web Applications/Manifest Resources/fhihpiojkbmbpdjeoajapmgkhlnakfjf/Icons/48.png,1403,4026f20c4673f485b58cbe99f107233d3239ca5261514707ac3e936e5904d166,.png,13,BROWSER_PROFILE,EXCLUDE_SENSITIVE,"Machine-specific browser cache/profile may contain cookies, login state, history, databases, or device identifiers."
.playwright-cli/chrome-selection-flow-check/Default/Web Applications/Manifest Resources/fhihpiojkbmbpdjeoajapmgkhlnakfjf/Icons/64.png,1525,a48b758248e570f303ee54fac83f3f2db29b78bbfddd2a99d29da74773901d39,.png,15,BROWSER_PROFILE,EXCLUDE_SENSITIVE,"Machine-specific browser cache/profile may contain cookies, login state, history, databases, or device identifiers."
.playwright-cli/chrome-selection-flow-check/Default/Web Applications/Manifest Resources/fhihpiojkbmbpdjeoajapmgkhlnakfjf/Icons/96.png,1897,2af2fe5b71a45d7fd33c0c5f45e27bdbbceb93fb884857ecb5c5e6619207da97,.png,17,BROWSER_PROFILE,EXCLUDE_SENSITIVE,"Machine-specific browser cache/profile may contain cookies, login state, history, databases, or device identifiers."
.playwright-cli/chrome-selection-flow-check/Default/Web Applications/Manifest Resources/fhihpiojkbmbpdjeoajapmgkhlnakfjf/Trusted Icons/Icons/192.png,1291,9b63a81a19ac89d558a8cd7ebbe9d76acccaa2dcb28da6c71efdb7795dd968bc,.png,11,BROWSER_PROFILE,EXCLUDE_SENSITIVE,"Machine-specific browser cache/profile may contain cookies, login state, history, databases, or device identifiers."
.playwright-cli/chrome-selection-flow-check/Default/Web Applications/Manifest Resources/fmgjjmmmlfnkbppncabfkddbjimcfncm/Icons/128.png,5635,32527de89a2910a708b7e12cfd50e2f6fe7fbc2fbc0416ad4414b37fc14c9a81,.png,61,BROWSER_PROFILE,EXCLUDE_SENSITIVE,"Machine-specific browser cache/profile may contain cookies, login state, history, databases, or device identifiers."
.playwright-cli/chrome-selection-flow-check/Default/Web Applications/Manifest Resources/fmgjjmmmlfnkbppncabfkddbjimcfncm/Icons/192.png,2970,c4791216e0e00a6671efff290fb575532e0eb0d7b4d41f32118505ce257050d0,.png,33,BROWSER_PROFILE,EXCLUDE_SENSITIVE,"Machine-specific browser cache/profile may contain cookies, login state, history, databases, or device identifiers."
.playwright-cli/chrome-selection-flow-check/Default/Web Applications/Manifest Resources/fmgjjmmmlfnkbppncabfkddbjimcfncm/Icons/256.png,13039,ac93c3fc3c5030ded4b12b84381639622a473d9e24880f5b27f83f231c83c325,.png,128,BROWSER_PROFILE,EXCLUDE_SENSITIVE,"Machine-specific browser cache/profile may contain cookies, login state, history, databases, or device identifiers."
.playwright-cli/chrome-selection-flow-check/Default/Web Applications/Manifest Resources/fmgjjmmmlfnkbppncabfkddbjimcfncm/Icons/32.png,1618,9b0d42f3204f976503b7778a305dfe0308de2a35bc4213eba9515a859062d7e6,.png,17,BROWSER_PROFILE,EXCLUDE_SENSITIVE,"Machine-specific browser cache/profile may contain cookies, login state, history, databases, or device identifiers."
.playwright-cli/chrome-selection-flow-check/Default/Web Applications/Manifest Resources/fmgjjmmmlfnkbppncabfkddbjimcfncm/Icons/48.png,2477,19a10b38e0a2ea27bf315bddbcfba056658748ba2cb5fb1eeac6ce57ee24ee17,.png,31,BROWSER_PROFILE,EXCLUDE_SENSITIVE,"Machine-specific browser cache/profile may contain cookies, login state, history, databases, or device identifiers."
.playwright-cli/chrome-selection-flow-check/Default/Web Applications/Manifest Resources/fmgjjmmmlfnkbppncabfkddbjimcfncm/Icons/64.png,3110,6bdb05c7dacb988a1c28d71915dc8a8f7d10ffa62105a627403a0b12e6ea5291,.png,34,BROWSER_PROFILE,EXCLUDE_SENSITIVE,"Machine-specific browser cache/profile may contain cookies, login state, history, databases, or device identifiers."
.playwright-cli/chrome-selection-flow-check/Default/Web Applications/Manifest Resources/fmgjjmmmlfnkbppncabfkddbjimcfncm/Icons/96.png,4052,570ed0d9dd6549490d40b0166c00cba0f7839d30ca5bed3918195ec9823555a4,.png,39,BROWSER_PROFILE,EXCLUDE_SENSITIVE,"Machine-specific browser cache/profile may contain cookies, login state, history, databases, or device identifiers."
.playwright-cli/chrome-selection-flow-check/Default/Web Applications/Manifest Resources/fmgjjmmmlfnkbppncabfkddbjimcfncm/Trusted Icons/Icons/192.png,2970,c4791216e0e00a6671efff290fb575532e0eb0d7b4d41f32118505ce257050d0,.png,33,BROWSER_PROFILE,EXCLUDE_SENSITIVE,"Machine-specific browser cache/profile may contain cookies, login state, history, databases, or device identifiers."
.playwright-cli/chrome-selection-flow-check/Default/Web Applications/Manifest Resources/kefjledonklijopmnomlcbpllchaibag/Icons/128.png,1998,af3f7b8c7c179beea0cf1737b93c73c352c2aeedf8da0bc73dac455345fd10cb,.png,25,BROWSER_PROFILE,EXCLUDE_SENSITIVE,"Machine-specific browser cache/profile may contain cookies, login state, history, databases, or device identifiers."
.playwright-cli/chrome-selection-flow-check/Default/Web Applications/Manifest Resources/kefjledonklijopmnomlcbpllchaibag/Icons/192.png,1219,e335c052ca8ff255a1443d8e2fb98db923841839502798c590b559e0b4969644,.png,12,BROWSER_PROFILE,EXCLUDE_SENSITIVE,"Machine-specific browser cache/profile may contain cookies, login state, history, databases, or device identifiers."
.playwright-cli/chrome-selection-flow-check/Default/Web Applications/Manifest Resources/kefjledonklijopmnomlcbpllchaibag/Icons/256.png,4247,68b1863e8b8b000c9bb193fb3e944cd9729975a585aa3a3526c972af41f256bb,.png,18,BROWSER_PROFILE,EXCLUDE_SENSITIVE,"Machine-specific browser cache/profile may contain cookies, login state, history, databases, or device identifiers."
.playwright-cli/chrome-selection-flow-check/Default/Web Applications/Manifest Resources/kefjledonklijopmnomlcbpllchaibag/Icons/32.png,952,e566796c18517e7084e3a892b3291cc189b85e7830800503c256998ab697a507,.png,13,BROWSER_PROFILE,EXCLUDE_SENSITIVE,"Machine-specific browser cache/profile may contain cookies, login state, history, databases, or device identifiers."
.playwright-cli/chrome-selection-flow-check/Default/Web Applications/Manifest Resources/kefjledonklijopmnomlcbpllchaibag/Icons/48.png,1216,e6a388a37190319e75b74c83114f1357ed1c71dc07d09c9e1909bb202f947dc0,.png,10,BROWSER_PROFILE,EXCLUDE_SENSITIVE,"Machine-specific browser cache/profile may contain cookies, login state, history, databases, or device identifiers."
.playwright-cli/chrome-selection-flow-check/Default/Web Applications/Manifest Resources/kefjledonklijopmnomlcbpllchaibag/Icons/64.png,1376,3541739cb3f536a4dc222f91bfecf127c1acaea8b16af1ccf603c8e3a11e4428,.png,13,BROWSER_PROFILE,EXCLUDE_SENSITIVE,"Machine-specific browser cache/profile may contain cookies, login state, history, databases, or device identifiers."
.playwright-cli/chrome-selection-flow-check/Default/Web Applications/Manifest Resources/kefjledonklijopmnomlcbpllchaibag/Icons/96.png,1570,ddd348ddaa494673a2c3bc77c934f1fa58f5a478b93bab2b4df45b399723a380,.png,8,BROWSER_PROFILE,EXCLUDE_SENSITIVE,"Machine-specific browser cache/profile may contain cookies, login state, history, databases, or device identifiers."
.playwright-cli/chrome-selection-flow-check/Default/Web Applications/Manifest Resources/kefjledonklijopmnomlcbpllchaibag/Trusted Icons/Icons/192.png,1219,e335c052ca8ff255a1443d8e2fb98db923841839502798c590b559e0b4969644,.png,12,BROWSER_PROFILE,EXCLUDE_SENSITIVE,"Machine-specific browser cache/profile may contain cookies, login state, history, databases, or device identifiers."
.playwright-cli/chrome-selection-flow-check/Default/Web Applications/Manifest Resources/mpnpojknpmmopombnjdcgaaiekajbnjb/Icons/128.png,2055,785639218e15e9721cb27b49e06b796a088d4cedb56bd69348569722d452f8ea,.png,18,BROWSER_PROFILE,EXCLUDE_SENSITIVE,"Machine-specific browser cache/profile may contain cookies, login state, history, databases, or device identifiers."
.playwright-cli/chrome-selection-flow-check/Default/Web Applications/Manifest Resources/mpnpojknpmmopombnjdcgaaiekajbnjb/Icons/192.png,1234,72036cc86fa0db966ef11aceac28ce3de39273cb12b1f25aa1ed88ea322a0545,.png,7,BROWSER_PROFILE,EXCLUDE_SENSITIVE,"Machine-specific browser cache/profile may contain cookies, login state, history, databases, or device identifiers."
.playwright-cli/chrome-selection-flow-check/Default/Web Applications/Manifest Resources/mpnpojknpmmopombnjdcgaaiekajbnjb/Icons/256.png,4753,3352707db7b0e5fb86fa88d5ba15cc85e0d3e6a89c7d6b23ae3c55cf22586c89,.png,22,BROWSER_PROFILE,EXCLUDE_SENSITIVE,"Machine-specific browser cache/profile may contain cookies, login state, history, databases, or device identifiers."
.playwright-cli/chrome-selection-flow-check/Default/Web Applications/Manifest Resources/mpnpojknpmmopombnjdcgaaiekajbnjb/Icons/32.png,960,c6fa451ecd1a8a9533801028bc70cf82ef48eba11bb835e53e6c530b43018938,.png,8,BROWSER_PROFILE,EXCLUDE_SENSITIVE,"Machine-specific browser cache/profile may contain cookies, login state, history, databases, or device identifiers."
.playwright-cli/chrome-selection-flow-check/Default/Web Applications/Manifest Resources/mpnpojknpmmopombnjdcgaaiekajbnjb/Icons/48.png,1117,83ef95a95ee50fcd2d960be5f14d20d591a2f5265fd4902e9cc8817749643557,.png,13,BROWSER_PROFILE,EXCLUDE_SENSITIVE,"Machine-specific browser cache/profile may contain cookies, login state, history, databases, or device identifiers."
.playwright-cli/chrome-selection-flow-check/Default/Web Applications/Manifest Resources/mpnpojknpmmopombnjdcgaaiekajbnjb/Icons/64.png,1274,b8b67264481bbe3d4bd81b0083eff283016232541e338c67d093f68fcc359cbd,.png,12,BROWSER_PROFILE,EXCLUDE_SENSITIVE,"Machine-specific browser cache/profile may contain cookies, login state, history, databases, or device identifiers."
.playwright-cli/chrome-selection-flow-check/Default/Web Applications/Manifest Resources/mpnpojknpmmopombnjdcgaaiekajbnjb/Icons/96.png,1517,929983d4adafac605ef419da02b8db2dd0ec35fc7dd7209f437e134308327261,.png,14,BROWSER_PROFILE,EXCLUDE_SENSITIVE,"Machine-specific browser cache/profile may contain cookies, login state, history, databases, or device identifiers."
.playwright-cli/chrome-selection-flow-check/Default/Web Applications/Manifest Resources/mpnpojknpmmopombnjdcgaaiekajbnjb/Trusted Icons/Icons/192.png,1234,72036cc86fa0db966ef11aceac28ce3de39273cb12b1f25aa1ed88ea322a0545,.png,7,BROWSER_PROFILE,EXCLUDE_SENSITIVE,"Machine-specific browser cache/profile may contain cookies, login state, history, databases, or device identifiers."
.playwright-cli/chrome-selection-flow-check/Default/Web Applications/Manifest Resources/pommaclcbfghclhalboakcipcmmndhcj/Icons/128.png,3262,c1d053e070a02c4a970a1e09601b847826ce158bc9cad4ebbf04706655d6a03e,.png,29,BROWSER_PROFILE,EXCLUDE_SENSITIVE,"Machine-specific browser cache/profile may contain cookies, login state, history, databases, or device identifiers."
.playwright-cli/chrome-selection-flow-check/Default/Web Applications/Manifest Resources/pommaclcbfghclhalboakcipcmmndhcj/Icons/192.png,1798,e8006048ffc9aacb8d04179877ba4d7c64e7db7ad5aa27f322f49241ec79adc1,.png,16,BROWSER_PROFILE,EXCLUDE_SENSITIVE,"Machine-specific browser cache/profile may contain cookies, login state, history, databases, or device identifiers."
.playwright-cli/chrome-selection-flow-check/Default/Web Applications/Manifest Resources/pommaclcbfghclhalboakcipcmmndhcj/Icons/256.png,6507,63ab8e6fc93adfd669e24daba0a68303607aedcf8f8a6e6d75b6614d8d2c82c4,.png,33,BROWSER_PROFILE,EXCLUDE_SENSITIVE,"Machine-specific browser cache/profile may contain cookies, login state, history, databases, or device identifiers."
.playwright-cli/chrome-selection-flow-check/Default/Web Applications/Manifest Resources/pommaclcbfghclhalboakcipcmmndhcj/Icons/32.png,1379,e5cfd25297afeed35f2932ede23ab2b49ef40ba498a51bc52a124b5ebe721539,.png,17,BROWSER_PROFILE,EXCLUDE_SENSITIVE,"Machine-specific browser cache/profile may contain cookies, login state, history, databases, or device identifiers."
.playwright-cli/chrome-selection-flow-check/Default/Web Applications/Manifest Resources/pommaclcbfghclhalboakcipcmmndhcj/Icons/48.png,1837,1f763520713953f55df389caee55e1320b3b91d16199dd476a22fb42cc14acc6,.png,23,BROWSER_PROFILE,EXCLUDE_SENSITIVE,"Machine-specific browser cache/profile may contain cookies, login state, history, databases, or device identifiers."
.playwright-cli/chrome-selection-flow-check/Default/Web Applications/Manifest Resources/pommaclcbfghclhalboakcipcmmndhcj/Icons/64.png,2121,3227838954949b03fb522482b0bd1cba7e59fea739c5f489ea75ada4cc86f582,.png,19,BROWSER_PROFILE,EXCLUDE_SENSITIVE,"Machine-specific browser cache/profile may contain cookies, login state, history, databases, or device identifiers."
.playwright-cli/chrome-selection-flow-check/Default/Web Applications/Manifest Resources/pommaclcbfghclhalboakcipcmmndhcj/Icons/96.png,2583,f07cd66b4ccc01483c55587b59b45593d4def81c2b99aa2473c31b2da84a4a15,.png,27,BROWSER_PROFILE,EXCLUDE_SENSITIVE,"Machine-specific browser cache/profile may contain cookies, login state, history, databases, or device identifiers."
.playwright-cli/chrome-selection-flow-check/Default/Web Applications/Manifest Resources/pommaclcbfghclhalboakcipcmmndhcj/Trusted Icons/Icons/192.png,1798,e8006048ffc9aacb8d04179877ba4d7c64e7db7ad5aa27f322f49241ec79adc1,.png,16,BROWSER_PROFILE,EXCLUDE_SENSITIVE,"Machine-specific browser cache/profile may contain cookies, login state, history, databases, or device identifiers."
.playwright-cli/chrome-selection-flow-check/Default/Web Data,157696,b426ff843170231a3fd6b0bfd8583225f3149423237a7df9128d4a9d58b11c65,,172,BROWSER_PROFILE,EXCLUDE_SENSITIVE,"Machine-specific browser cache/profile may contain cookies, login state, history, databases, or device identifiers."
.playwright-cli/chrome-selection-flow-check/Default/Web Data-journal,0,e3b0c44298fc1c149afbf4c8996fb92427ae41e4649b934ca495991b7852b855,,0,BROWSER_PROFILE,EXCLUDE_SENSITIVE,"Machine-specific browser cache/profile may contain cookies, login state, history, databases, or device identifiers."
.playwright-cli/chrome-selection-flow-check/Default/WebStorage/QuotaManager,40960,debb0e6cf29bd82df1294aae03ecd0a855428a6134f131cacd76428a9b56ded8,,16,BROWSER_PROFILE,EXCLUDE_SENSITIVE,"Machine-specific browser cache/profile may contain cookies, login state, history, databases, or device identifiers."
.playwright-cli/chrome-selection-flow-check/Default/WebStorage/QuotaManager-journal,8720,6687787793f64003305553636386e625944cca13f829a93a86d6d0d8835e1264,,4,BROWSER_PROFILE,EXCLUDE_SENSITIVE,"Machine-specific browser cache/profile may contain cookies, login state, history, databases, or device identifiers."
.playwright-cli/chrome-selection-flow-check/en-US-10-1.bdic,451968,a075b01d9b015c616511a9e87da77da3d9881621db32f584e4606ddabf1c1100,.bdic,1217,BROWSER_PROFILE,EXCLUDE_SENSITIVE,"Machine-specific browser cache/profile may contain cookies, login state, history, databases, or device identifiers."
.playwright-cli/chrome-selection-flow-check/extensions_crx_cache/f83832c37a0969ce89f77b16eaa07457b03f43029abaec00eaedce2674adbaf5,156369,f83832c37a0969ce89f77b16eaa07457b03f43029abaec00eaedce2674adbaf5,,1144,BROWSER_PROFILE,EXCLUDE_SENSITIVE,"Machine-specific browser cache/profile may contain cookies, login state, history, databases, or device identifiers."
.playwright-cli/chrome-selection-flow-check/first_party_sets.db,49152,a6bd93ac4745253b0e55c51ca514472a2a71c4e32fa72d206fe2a9d080ae7b08,.db,25,BROWSER_PROFILE,EXCLUDE_SENSITIVE,"Machine-specific browser cache/profile may contain cookies, login state, history, databases, or device identifiers."
.playwright-cli/chrome-selection-flow-check/first_party_sets.db-journal,0,e3b0c44298fc1c149afbf4c8996fb92427ae41e4649b934ca495991b7852b855,.db-journal,0,BROWSER_PROFILE,EXCLUDE_SENSITIVE,"Machine-specific browser cache/profile may contain cookies, login state, history, databases, or device identifiers."
.playwright-cli/chrome-selection-flow-check/GPUPersistentCache/DawnGraphiteCache/MNIWWJ6LYBXKQS7RZ2KZNUZ3QHFNW4K3/cache.db,4096,0ab48b25cba617ed3a4acca0161813b314c095ef63544bb4af60769eb1012977,.db,2,BROWSER_PROFILE,EXCLUDE_SENSITIVE,"Machine-specific browser cache/profile may contain cookies, login state, history, databases, or device identifiers."
.playwright-cli/chrome-selection-flow-check/GPUPersistentCache/DawnGraphiteCache/MNIWWJ6LYBXKQS7RZ2KZNUZ3QHFNW4K3/cache.db-wal,12392,90abafe1881694d971ff977825d85644a73a1874246fce3577f81765ed57ba57,.db-wal,5,BROWSER_PROFILE,EXCLUDE_SENSITIVE,"Machine-specific browser cache/profile may contain cookies, login state, history, databases, or device identifiers."
.playwright-cli/chrome-selection-flow-check/GPUPersistentCache/DawnGraphiteCache/MNIWWJ6LYBXKQS7RZ2KZNUZ3QHFNW4K3/cache.journal,0,e3b0c44298fc1c149afbf4c8996fb92427ae41e4649b934ca495991b7852b855,.journal,0,BROWSER_PROFILE,EXCLUDE_SENSITIVE,"Machine-specific browser cache/profile may contain cookies, login state, history, databases, or device identifiers."
.playwright-cli/chrome-selection-flow-check/GrShaderCache/data_0,8192,d6a5fe39cd672781b256e0e3102f7022635f1d4bb7cfcc90a80fffe4d0f3877e,,1,BROWSER_PROFILE,EXCLUDE_SENSITIVE,"Machine-specific browser cache/profile may contain cookies, login state, history, databases, or device identifiers."
.playwright-cli/chrome-selection-flow-check/GrShaderCache/data_1,270336,902f30c1fb0597d0734bc34b979ec5d131f8f39a4b71b338083821216ec8d61b,,1,BROWSER_PROFILE,EXCLUDE_SENSITIVE,"Machine-specific browser cache/profile may contain cookies, login state, history, databases, or device identifiers."
.playwright-cli/chrome-selection-flow-check/GrShaderCache/data_2,8192,ec1702806f4cc7c42a82fc2b38e89835fde7c64bb32060e0823c9077ca92efb7,,1,BROWSER_PROFILE,EXCLUDE_SENSITIVE,"Machine-specific browser cache/profile may contain cookies, login state, history, databases, or device identifiers."
.playwright-cli/chrome-selection-flow-check/GrShaderCache/data_3,8192,e09f42c398d688dce168570291f1f92d079987deda3099a34adb9e8c0522b30c,,1,BROWSER_PROFILE,EXCLUDE_SENSITIVE,"Machine-specific browser cache/profile may contain cookies, login state, history, databases, or device identifiers."
.playwright-cli/chrome-selection-flow-check/GrShaderCache/index,262512,44342df20cbd9d9975ac68e687cc394c179ead20abb4216b621dce461d14b755,,1,BROWSER_PROFILE,EXCLUDE_SENSITIVE,"Machine-specific browser cache/profile may contain cookies, login state, history, databases, or device identifiers."
.playwright-cli/chrome-selection-flow-check/Last Browser,106,3615498fbef408a96bf30e01c318dac2d5451b054998119080e7faac5995f590,,1,BROWSER_PROFILE,EXCLUDE_SENSITIVE,"Machine-specific browser cache/profile may contain cookies, login state, history, databases, or device identifiers."
.playwright-cli/chrome-selection-flow-check/Last Version,14,6e9b50a2a999bcda39d30019fe28aaafa592b8e4f09fd04b84ffc319d1993249,,1,BROWSER_PROFILE,EXCLUDE_SENSITIVE,"Machine-specific browser cache/profile may contain cookies, login state, history, databases, or device identifiers."
.playwright-cli/chrome-selection-flow-check/Local State,1069,1f1db0dbece02efec6b591115728f1577e2e5868abd4f1cff35ecbfe13ffed24,,1,BROWSER_PROFILE,EXCLUDE_SENSITIVE,"Machine-specific browser cache/profile may contain cookies, login state, history, databases, or device identifiers."
.playwright-cli/chrome-selection-flow-check/segmentation_platform/ukm_db,49152,6014c8d7cac453fb792df2ce3ab22761ed581811f45c31cb0ae4fede691fb0f0,,20,BROWSER_PROFILE,EXCLUDE_SENSITIVE,"Machine-specific browser cache/profile may contain cookies, login state, history, databases, or device identifiers."
.playwright-cli/chrome-selection-flow-check/segmentation_platform/ukm_db-wal,0,e3b0c44298fc1c149afbf4c8996fb92427ae41e4649b934ca495991b7852b855,,0,BROWSER_PROFILE,EXCLUDE_SENSITIVE,"Machine-specific browser cache/profile may contain cookies, login state, history, databases, or device identifiers."
.playwright-cli/chrome-selection-flow-check/ShaderCache/data_0,8192,d6a5fe39cd672781b256e0e3102f7022635f1d4bb7cfcc90a80fffe4d0f3877e,,1,BROWSER_PROFILE,EXCLUDE_SENSITIVE,"Machine-specific browser cache/profile may contain cookies, login state, history, databases, or device identifiers."
.playwright-cli/chrome-selection-flow-check/ShaderCache/data_1,270336,902f30c1fb0597d0734bc34b979ec5d131f8f39a4b71b338083821216ec8d61b,,1,BROWSER_PROFILE,EXCLUDE_SENSITIVE,"Machine-specific browser cache/profile may contain cookies, login state, history, databases, or device identifiers."
.playwright-cli/chrome-selection-flow-check/ShaderCache/data_2,8192,ec1702806f4cc7c42a82fc2b38e89835fde7c64bb32060e0823c9077ca92efb7,,1,BROWSER_PROFILE,EXCLUDE_SENSITIVE,"Machine-specific browser cache/profile may contain cookies, login state, history, databases, or device identifiers."
.playwright-cli/chrome-selection-flow-check/ShaderCache/data_3,8192,e09f42c398d688dce168570291f1f92d079987deda3099a34adb9e8c0522b30c,,1,BROWSER_PROFILE,EXCLUDE_SENSITIVE,"Machine-specific browser cache/profile may contain cookies, login state, history, databases, or device identifiers."
.playwright-cli/chrome-selection-flow-check/ShaderCache/index,262512,0e4d1eede04ecc334782a8bf302c66f74347319e7db0c98180a113a8ebcd8260,,1,BROWSER_PROFILE,EXCLUDE_SENSITIVE,"Machine-specific browser cache/profile may contain cookies, login state, history, databases, or device identifiers."
.playwright-cli/chrome-selection-flow-check/Variations,86,f7b24f2eb3d5eb0550527490395d2f61c3d2fe74bb9cb345197dad81b58b5fed,,1,BROWSER_PROFILE,EXCLUDE_SENSITIVE,"Machine-specific browser cache/profile may contain cookies, login state, history, databases, or device identifiers."
.playwright-cli/console-2026-07-10T08-25-55-864Z.log,474,5c7e28905f0ae9f55b828eba1bc6694c270f3ea6998ed242216a724ddd8aa5e3,.log,4,BROWSER_PROFILE,EXCLUDE_SENSITIVE,"Machine-specific browser cache/profile may contain cookies, login state, history, databases, or device identifiers."
.playwright-cli/console-2026-07-10T08-26-39-170Z.log,2395,be30dc145eb934b0b89f7f390aa4557cf27144b09eba5c879129bc785901c115,.log,19,BROWSER_PROFILE,EXCLUDE_SENSITIVE,"Machine-specific browser cache/profile may contain cookies, login state, history, databases, or device identifiers."
.playwright-cli/console-2026-07-10T08-39-00-388Z.log,369555,2c2e26c550f6fa02b77a879ab49b58e667cf925139293b9584b26c916e3b84de,.log,2556,BROWSER_PROFILE,EXCLUDE_SENSITIVE,"Machine-specific browser cache/profile may contain cookies, login state, history, databases, or device identifiers."
.playwright-cli/console-2026-07-17T12-02-04-716Z.log,129588,b96dec885e444424f843b0513027f5e8aaac56294eb64a7401e33f43a5b7ac0e,.log,714,BROWSER_PROFILE,EXCLUDE_SENSITIVE,"Machine-specific browser cache/profile may contain cookies, login state, history, databases, or device identifiers."
.playwright-cli/console-2026-07-17T22-30-00-157Z.log,3497,0091504d11f1499d293981593d5bd55f64c9aab9c54932d0fdbd0abdd75750bb,.log,24,BROWSER_PROFILE,EXCLUDE_SENSITIVE,"Machine-specific browser cache/profile may contain cookies, login state, history, databases, or device identifiers."
.playwright-cli/console-2026-07-17T23-24-02-895Z.log,740,a764896cce9d47a771b658881fe49503dbde3894fb1f5b07443cd6255bff610e,.log,6,BROWSER_PROFILE,EXCLUDE_SENSITIVE,"Machine-specific browser cache/profile may contain cookies, login state, history, databases, or device identifiers."
.playwright-cli/console-2026-07-17T23-38-13-358Z.log,1110,97b2579262829e4b4746b683b07492068fb93263fadc48f527315e37340223e0,.log,9,BROWSER_PROFILE,EXCLUDE_SENSITIVE,"Machine-specific browser cache/profile may contain cookies, login state, history, databases, or device identifiers."
.playwright-cli/console-2026-07-17T23-43-10-942Z.log,2017,d9e92f6577a09b40da0ccd9d200a5bb428ae2fea22aacd08b86e83df2152f5e6,.log,12,BROWSER_PROFILE,EXCLUDE_SENSITIVE,"Machine-specific browser cache/profile may contain cookies, login state, history, databases, or device identifiers."
.playwright-cli/console-2026-07-18T02-40-25-056Z.log,121699,a4299bbbb9b9088bdb9cb931cc53a545a67a8b3fd516aeaac77bb103a2239909,.log,666,BROWSER_PROFILE,EXCLUDE_SENSITIVE,"Machine-specific browser cache/profile may contain cookies, login state, history, databases, or device identifiers."
.playwright-cli/page-2026-07-10T08-25-56-633Z.yml,3170,f4b280f01816d55e3390943bddb793f9066b4b3d0f6d7040317eb7be75f6ed9f,.yml,69,BROWSER_PROFILE,EXCLUDE_SENSITIVE,"Machine-specific browser cache/profile may contain cookies, login state, history, databases, or device identifiers."
.playwright-cli/page-2026-07-10T08-26-39-904Z.yml,3170,b4681f428d28248d457c2db8e2665ac28d13fe2e5aaa8d471629f9974d38d430,.yml,69,BROWSER_PROFILE,EXCLUDE_SENSITIVE,"Machine-specific browser cache/profile may contain cookies, login state, history, databases, or device identifiers."
.playwright-cli/page-2026-07-10T08-26-54-214Z.yml,19200,6cbec6f3d131da72815ba60dd0fcff6736d0b5de82172c9d1b99ebd41a274641,.yml,339,BROWSER_PROFILE,EXCLUDE_SENSITIVE,"Machine-specific browser cache/profile may contain cookies, login state, history, databases, or device identifiers."
.playwright-cli/page-2026-07-10T08-27-02-677Z.yml,3077,cd9e09b950978f08039c0e305233e9cf6e0a8181e58ba7e523ec67c5c1c1ca5d,.yml,69,BROWSER_PROFILE,EXCLUDE_SENSITIVE,"Machine-specific browser cache/profile may contain cookies, login state, history, databases, or device identifiers."
.playwright-cli/page-2026-07-10T08-27-06-170Z.yml,9321,35cd7d6268b01239c7afeac4e8f1fc03326be601594660ab84a12318f35aef8f,.yml,170,BROWSER_PROFILE,EXCLUDE_SENSITIVE,"Machine-specific browser cache/profile may contain cookies, login state, history, databases, or device identifiers."
.playwright-cli/page-2026-07-10T08-39-01-232Z.yml,3860,5cee7187f94dc8ce291cef9da8ae85f7cdb1ad15543f1540b2c13d1acbd9f773,.yml,83,BROWSER_PROFILE,EXCLUDE_SENSITIVE,"Machine-specific browser cache/profile may contain cookies, login state, history, databases, or device identifiers."
.playwright-cli/page-2026-07-10T08-39-22-677Z.yml,3733,9edf32e19ea14aeb6d6a3e5929246a49d1df67f0fa4403a22b34730381cc9863,.yml,83,BROWSER_PROFILE,EXCLUDE_SENSITIVE,"Machine-specific browser cache/profile may contain cookies, login state, history, databases, or device identifiers."
.playwright-cli/page-2026-07-10T08-39-38-634Z.yml,3611,afbf30e05642c3827489f3e6d7bba7cc565260b9f41710f9f5584eb239c85e58,.yml,78,BROWSER_PROFILE,EXCLUDE_SENSITIVE,"Machine-specific browser cache/profile may contain cookies, login state, history, databases, or device identifiers."
.playwright-cli/page-2026-07-10T08-39-41-125Z.yml,3696,37cec29acde2a33a84f00c6557e959aaee70cb690770211988bd885d05dc168c,.yml,83,BROWSER_PROFILE,EXCLUDE_SENSITIVE,"Machine-specific browser cache/profile may contain cookies, login state, history, databases, or device identifiers."
.playwright-cli/page-2026-07-10T08-45-03-719Z.yml,4153,737d67354531e98e79598f91a91eb41ccbefa5a9da95feef80ede0e59a6b6cd8,.yml,86,BROWSER_PROFILE,EXCLUDE_SENSITIVE,"Machine-specific browser cache/profile may contain cookies, login state, history, databases, or device identifiers."
.playwright-cli/page-2026-07-10T08-49-25-543Z.yml,3169,107b7aa8a31efd9f62104c2ac7a73cf4ee868441660a8329e67c0a60fde904ee,.yml,68,BROWSER_PROFILE,EXCLUDE_SENSITIVE,"Machine-specific browser cache/profile may contain cookies, login state, history, databases, or device identifiers."
.playwright-cli/page-2026-07-10T08-50-36-020Z.yml,3169,3f827b7821039c65424b75716ef7b440c24221adf64e8489f098f22c6d997e8e,.yml,68,BROWSER_PROFILE,EXCLUDE_SENSITIVE,"Machine-specific browser cache/profile may contain cookies, login state, history, databases, or device identifiers."
.playwright-cli/page-2026-07-17T12-02-05-390Z.yml,14181,aa5e64f364c0f209bd1410b773f29b0ff4ce2d2b42b5b540d1028cc604acbc95,.yml,93,BROWSER_PROFILE,EXCLUDE_SENSITIVE,"Machine-specific browser cache/profile may contain cookies, login state, history, databases, or device identifiers."
.playwright-cli/page-2026-07-17T12-02-35-347Z.png,76479,706bb4ec663d9ef48b3991ed5561b18678c427e6253f95d181f2b9d0c0576ff5,.png,489,BROWSER_PROFILE,EXCLUDE_SENSITIVE,"Machine-specific browser cache/profile may contain cookies, login state, history, databases, or device identifiers."
.playwright-cli/page-2026-07-17T12-03-41-789Z.yml,4424,4cb90b1cc8d0eb0fe64f13bab4a44ea6553432f2848c0f5762858e99168d3daf,.yml,88,BROWSER_PROFILE,EXCLUDE_SENSITIVE,"Machine-specific browser cache/profile may contain cookies, login state, history, databases, or device identifiers."
.playwright-cli/page-2026-07-17T12-04-36-881Z.yml,4424,92ad17fbfb57c3295303526fb984e77a8d3d6ed0d77450175af6b2438e408766,.yml,88,BROWSER_PROFILE,EXCLUDE_SENSITIVE,"Machine-specific browser cache/profile may contain cookies, login state, history, databases, or device identifiers."
.playwright-cli/page-2026-07-17T12-04-54-767Z.yml,17926,873bd3db20eb07151e213c57e0ad3c87cfe5d096372a32c12b2d7b83f723777a,.yml,158,BROWSER_PROFILE,EXCLUDE_SENSITIVE,"Machine-specific browser cache/profile may contain cookies, login state, history, databases, or device identifiers."
.playwright-cli/page-2026-07-17T12-08-56-184Z.yml,4636,32fce9fbc8fc133e426fb729f4bfc8c93495e89c362550ed61e2e1726c32540c,.yml,91,BROWSER_PROFILE,EXCLUDE_SENSITIVE,"Machine-specific browser cache/profile may contain cookies, login state, history, databases, or device identifiers."
.playwright-cli/page-2026-07-17T12-13-27-676Z.yml,3891,7c66011d37691b444b66f085f2bfc15dfbb9c900c0a8dbfde5dc96d25f2243c2,.yml,78,BROWSER_PROFILE,EXCLUDE_SENSITIVE,"Machine-specific browser cache/profile may contain cookies, login state, history, databases, or device identifiers."
.playwright-cli/page-2026-07-17T12-14-07-254Z.yml,3960,5d416872d5efa96115bf0e96d708ea687c9e507689ceb355894b5d3d4927b6b3,.yml,78,BROWSER_PROFILE,EXCLUDE_SENSITIVE,"Machine-specific browser cache/profile may contain cookies, login state, history, databases, or device identifiers."
.playwright-cli/page-2026-07-17T14-55-12-283Z.yml,0,e3b0c44298fc1c149afbf4c8996fb92427ae41e4649b934ca495991b7852b855,.yml,0,BROWSER_PROFILE,EXCLUDE_SENSITIVE,"Machine-specific browser cache/profile may contain cookies, login state, history, databases, or device identifiers."
.playwright-cli/page-2026-07-17T22-30-00-900Z.yml,15797,e10ea06c4b45fae18bb3ff0a8ba445b5abbaba7acf5b7a44535ab485393bc0f7,.yml,112,BROWSER_PROFILE,EXCLUDE_SENSITIVE,"Machine-specific browser cache/profile may contain cookies, login state, history, databases, or device identifiers."
.playwright-cli/page-2026-07-17T22-32-02-500Z.yml,3852,986f0f1dfbaf4fbd8626d0868d618d3a58a69b4dcc31367b04bbe1114e891ef7,.yml,77,BROWSER_PROFILE,EXCLUDE_SENSITIVE,"Machine-specific browser cache/profile may contain cookies, login state, history, databases, or device identifiers."
.playwright-cli/page-2026-07-17T22-35-57-881Z.yml,3852,106534bfce7fbf9528d826d51f1272c44ba6330caac37ecac320106257b63d48,.yml,77,BROWSER_PROFILE,EXCLUDE_SENSITIVE,"Machine-specific browser cache/profile may contain cookies, login state, history, databases, or device identifiers."
.playwright-cli/page-2026-07-17T22-47-05-667Z.yml,3852,82ab56d8b4fce6c4aa04977a3fc6ac1657f04f4e3437d8bd5e859beae82c29ef,.yml,77,BROWSER_PROFILE,EXCLUDE_SENSITIVE,"Machine-specific browser cache/profile may contain cookies, login state, history, databases, or device identifiers."
.playwright-cli/page-2026-07-17T23-09-48-142Z.yml,3852,f2177e6d2e6fd5ca5a17d2b39d74d1bc3208f1756f05450cb53d9aadfb8c5a3d,.yml,77,BROWSER_PROFILE,EXCLUDE_SENSITIVE,"Machine-specific browser cache/profile may contain cookies, login state, history, databases, or device identifiers."
.playwright-cli/page-2026-07-17T23-24-03-745Z.yml,7074,ca4c154be1cfad37875ab7761f80477e6fad20c170593444613e8d9ebddae031,.yml,124,BROWSER_PROFILE,EXCLUDE_SENSITIVE,"Machine-specific browser cache/profile may contain cookies, login state, history, databases, or device identifiers."
.playwright-cli/page-2026-07-17T23-24-16-036Z.yml,17228,c85a4d58d62454363e7befd9d8c6af5949eac9aa580f85e29ab59621973979c2,.yml,131,BROWSER_PROFILE,EXCLUDE_SENSITIVE,"Machine-specific browser cache/profile may contain cookies, login state, history, databases, or device identifiers."
.playwright-cli/page-2026-07-17T23-27-50-022Z.yml,3899,f4d186f2406fc7eaceab10ab42d1b17eddbc023bf08c947f9f49afa4a77bafa0,.yml,78,BROWSER_PROFILE,EXCLUDE_SENSITIVE,"Machine-specific browser cache/profile may contain cookies, login state, history, databases, or device identifiers."
.playwright-cli/page-2026-07-17T23-38-14-085Z.yml,17281,f05a50c0fbd00f963a92d6d0e53dde5db3a365e615ce12947c7495731478f956,.yml,130,BROWSER_PROFILE,EXCLUDE_SENSITIVE,"Machine-specific browser cache/profile may contain cookies, login state, history, databases, or device identifiers."
.playwright-cli/page-2026-07-17T23-39-43-753Z.yml,3899,f4d186f2406fc7eaceab10ab42d1b17eddbc023bf08c947f9f49afa4a77bafa0,.yml,78,BROWSER_PROFILE,EXCLUDE_SENSITIVE,"Machine-specific browser cache/profile may contain cookies, login state, history, databases, or device identifiers."
.playwright-cli/page-2026-07-17T23-41-11-808Z.yml,3915,b382851745426808f64d1f1f43fbf894ceb018d5979264d54a9bb3b9dfdf1b47,.yml,78,BROWSER_PROFILE,EXCLUDE_SENSITIVE,"Machine-specific browser cache/profile may contain cookies, login state, history, databases, or device identifiers."
.playwright-cli/page-2026-07-17T23-43-11-743Z.yml,7560,8c884cd98b9427c88fd58312b0e5657e9a2cdfa328ea147834f89a8aa66bb2f7,.yml,130,BROWSER_PROFILE,EXCLUDE_SENSITIVE,"Machine-specific browser cache/profile may contain cookies, login state, history, databases, or device identifiers."
.playwright-cli/page-2026-07-17T23-43-35-597Z.yml,37600,749612a0f32260de65edd38599e0ca92c31edfe024838cbb38cd4b9c2f0967a8,.yml,360,BROWSER_PROFILE,EXCLUDE_SENSITIVE,"Machine-specific browser cache/profile may contain cookies, login state, history, databases, or device identifiers."
.playwright-cli/page-2026-07-18T02-40-25-879Z.yml,42028,89da7808e66f36be0a505a463a0b0800a3f6ad843ac58922f585ba4baca54364,.yml,355,BROWSER_PROFILE,EXCLUDE_SENSITIVE,"Machine-specific browser cache/profile may contain cookies, login state, history, databases, or device identifiers."
A2A#Uc2dc#Uc2a4#Ud15c#Uc758 #Uc885#Ud569 #Uc544#Ud0a4#Ud14d#Ucc98.png,1746589,6e681a7035c4c699b452de0fe135452593f136fece657355a8175bb6dc3c8de6,.png,12803,LEGACY_IMAGE,EXCLUDE,Legacy screenshots/diagrams are not required for plugin runtime and may contain project-specific material.
a2a_brain/learnings/00886ca6-862f-4f50-a49c-9e2d68c9f7b8/learnings.json,1718,b34b65901dc8e85a0af6f7be75da66fda6bdb550701c38075cbde8fd1f88040d,.json,27,LOCAL_MEMORY_DATA,EXCLUDE_SENSITIVE,Local preferences and learned state are user-specific and not distributable.
a2a_brain/learnings/19b5d163-f8f7-416d-a858-fb94176c7e90/learnings.json,2431,ac3d6f8b401c462172e02e79b0ce564bc537fd837244d2ea4e889ce457362e34,.json,34,LOCAL_MEMORY_DATA,EXCLUDE_SENSITIVE,Local preferences and learned state are user-specific and not distributable.
a2a_brain/learnings/2b9f83f6-48ab-44ed-b3b6-9a7c0c5b4baf/learnings.json,12497,dc5453c6b67b4749aa1ebd4d18a9a3c0c29a857073c359ccf92bed2dddd33c7a,.json,165,LOCAL_MEMORY_DATA,EXCLUDE_SENSITIVE,Local preferences and learned state are user-specific and not distributable.
a2a_brain/learnings/2b9f83f6-48ab-44ed-b3b6-9a7c0c5b4baf/learnings.json.last-good.bak,12045,5eb00b0a5934d062cdb57273075cf76622ee718d1d5de96a7cff00de7b90d4ab,.bak,158,BACKUP_COPY,EXCLUDE,Backup/corrupt copies are inventoried but excluded from active package.
a2a_brain/learnings/c34e035d-a629-47e2-b144-1133bbc578b8/learnings.json,2249,db7876968fef6e7253c7fb75b8665781c87ce15cebfceb6d584994fa669a14a1,.json,34,LOCAL_MEMORY_DATA,EXCLUDE_SENSITIVE,Local preferences and learned state are user-specific and not distributable.
a2a_brain/learnings/f1b0d010-e3ac-4537-bc5f-cd6cce7b7f6d/learnings.json,2382,c83f88686e525aac4ae88a71e1af72e669783a8287f5815139c99834dd8f2a4b,.json,34,LOCAL_MEMORY_DATA,EXCLUDE_SENSITIVE,Local preferences and learned state are user-specific and not distributable.
a2a_brain/learnings/f453abff-dc4d-441b-bcfb-b01522e9bd36/learnings.json,3688,e3ca4ca5dbb614156ef20cb6f936b4ebe1120230e5bdc7b800d6ba7febed0e9c,.json,41,LOCAL_MEMORY_DATA,EXCLUDE_SENSITIVE,Local preferences and learned state are user-specific and not distributable.
a2a_brain/main_db.json,3567,1f1f0c10643721e35f5747dfb53ea2adc0ec7c327583149f8c5f780565641fc3,.json,108,LOCAL_MEMORY_DATA,EXCLUDE_SENSITIVE,Local preferences and learned state are user-specific and not distributable.
a2a_brain/main_db.json.last-good.bak,3567,1f1f0c10643721e35f5747dfb53ea2adc0ec7c327583149f8c5f780565641fc3,.bak,108,BACKUP_COPY,EXCLUDE,Backup/corrupt copies are inventoried but excluded from active package.
a2a_brain/user_prefs.json,125,008e295b6250a97bfb64235bb6cfd660037756ac8b0609a6d61fc0c8c440a8fa,.json,7,LOCAL_MEMORY_DATA,EXCLUDE_SENSITIVE,Local preferences and learned state are user-specific and not distributable.
Antigravity CLI #Uae30#Ubc18 #Uc571#Uc6f9 #Uc804#Uc6a9 A2A #Ud558#Ub124#Uc2a4 #Uad6c#Ucd95.txt,10623,36a059226088b533b42348902ae94d3354cd7c0a04cae772bf28360febbf9d44,.txt,83,OTHER_PROJECT_FILE,REVIEWED_EXCLUDE_OR_REPLACED,Accounted for in audit and omitted unless required by the new marketplace plugin.
backend/agy-bridge.mjs,86581,3e9d9782c234017d37a742de14e7ba96b25659774b3ac1b7c3d09d06c2480308,.mjs,1971,LEGACY_BACKEND_CORE,REENGINEER,"Behavior is mapped into a web-compatible plugin state machine, evidence gates, protected analysis mode, and nonterminal repair loop."
backend/agy-bridge.mjs.bak-20260712-093316,31479,e11defc23654b6d6bf7f6a11593b4896c38bfd3fbd4531eb565e6b07911fe256,.bak-20260712-093316,869,BACKUP_COPY,EXCLUDE,Backup/corrupt copies are inventoried but excluded from active package.
backend/ai-providers.mjs,6297,bfd8fddb55c61ffa4a20e6c81b5348c22eb1ec98cc05c730e3fab4d92301beda,.mjs,195,LEGACY_BACKEND_CORE,REENGINEER,"Behavior is mapped into a web-compatible plugin state machine, evidence gates, protected analysis mode, and nonterminal repair loop."
backend/artifact-guard.mjs,5098,5ee7b4fedb920c8eeec359363e3e5cc9a47080df9549e60831e194b454a4d70f,.mjs,174,LEGACY_BACKEND_CORE,REENGINEER,"Behavior is mapped into a web-compatible plugin state machine, evidence gates, protected analysis mode, and nonterminal repair loop."
backend/artifact-writer.mjs,8777,c7f5a8fcedd2e22286a8b6e2c958947a863e9d12218267c00f46bbd780860dda,.mjs,255,LEGACY_BACKEND_CORE,REENGINEER,"Behavior is mapped into a web-compatible plugin state machine, evidence gates, protected analysis mode, and nonterminal repair loop."
backend/auto-repair.mjs,97788,b0152cbfc2b2932e800863898e3266a521527e4f42903ce41472b378e8131511,.mjs,2607,LEGACY_BACKEND_CORE,REENGINEER,"Behavior is mapped into a web-compatible plugin state machine, evidence gates, protected analysis mode, and nonterminal repair loop."
backend/file-handler.mjs,7098,98d5553e5113d768434d1571d5f29a620f9e227321a245577ed722ecfc167a50,.mjs,237,LEGACY_BACKEND_CORE,REENGINEER,"Behavior is mapped into a web-compatible plugin state machine, evidence gates, protected analysis mode, and nonterminal repair loop."
backend/pipeline.mjs,135387,dde879176b3e174f3286144ddcb839d1a9a422a491474697678d9646eef4977c,.mjs,3501,LEGACY_BACKEND_CORE,REENGINEER,"Behavior is mapped into a web-compatible plugin state machine, evidence gates, protected analysis mode, and nonterminal repair loop."
backend/pipeline.mjs.bak-20260712-093316,85385,4a41f0bf5c20fd353d7b20d3d4aac4a0bc5348c1249e6eea6810e11009062fc0,.bak-20260712-093316,2376,BACKUP_COPY,EXCLUDE,Backup/corrupt copies are inventoried but excluded from active package.
backend/production-contract.mjs,29939,e5ce3062597258bcf6d85a59107f15831f6db1b4f6413d35df162a0bffcd6f05,.mjs,244,LEGACY_BACKEND_CORE,REENGINEER,"Behavior is mapped into a web-compatible plugin state machine, evidence gates, protected analysis mode, and nonterminal repair loop."
backend/production-validator.mjs,122363,852864786ac563c65095b67c7ca6581e1a2afb18d0f464f5440c6d770179e9a3,.mjs,2617,LEGACY_BACKEND_CORE,REENGINEER,"Behavior is mapped into a web-compatible plugin state machine, evidence gates, protected analysis mode, and nonterminal repair loop."
backend/production-validator.mjs.bak-20260712-093316,34593,3d1963236641997591bc51697976fef508d5ca963dd4b60f852939882e71cc87,.bak-20260712-093316,896,BACKUP_COPY,EXCLUDE,Backup/corrupt copies are inventoried but excluded from active package.
backend/project-manager.mjs,34636,b58a2565e1de257bbd5c8d630dfce19f36506adc01531d7bed0243d9dc34436e,.mjs,942,LEGACY_BACKEND_CORE,REENGINEER,"Behavior is mapped into a web-compatible plugin state machine, evidence gates, protected analysis mode, and nonterminal repair loop."
backend/project-manager.mjs.bak-20260712-093316,26827,757da7962f24e0c2b171770d729bb851271714664b1467c938f5c24f032915d1,.bak-20260712-093316,762,BACKUP_COPY,EXCLUDE,Backup/corrupt copies are inventoried but excluded from active package.
backend/runtime-resource-loader.mjs,3038,cb0c5559cdda7fb2575aafca1cc7d45881411d0f2da640301932ffc025c4b38b,.mjs,92,LEGACY_BACKEND_CORE,REENGINEER,"Behavior is mapped into a web-compatible plugin state machine, evidence gates, protected analysis mode, and nonterminal repair loop."
backend/server.mjs,19000,236feda30c5fc203ed4f45cfeab6cd591477043ee209990ae35c70e5f72aae24,.mjs,572,LEGACY_BACKEND_CORE,REENGINEER,"Behavior is mapped into a web-compatible plugin state machine, evidence gates, protected analysis mode, and nonterminal repair loop."
backend/stage-tasklist.mjs,12276,d64f6c38101db6bf1a069dd8f53ffd2e0592e303a927a3505674861cef2aa73b,.mjs,209,LEGACY_BACKEND_CORE,REENGINEER,"Behavior is mapped into a web-compatible plugin state machine, evidence gates, protected analysis mode, and nonterminal repair loop."
backend/state-recovery.mjs,21545,745d31c5028873f1455907740ea1b8fdc12a755fc6414bc8b779bc418363d5f6,.mjs,604,LEGACY_BACKEND_CORE,REENGINEER,"Behavior is mapped into a web-compatible plugin state machine, evidence gates, protected analysis mode, and nonterminal repair loop."
backend/tasklist-protocol.mjs,26055,9226ae3356f4b37422233b8b0615d41d8d22930632e01a52221bd88b62fa912f,.mjs,550,LEGACY_BACKEND_CORE,REENGINEER,"Behavior is mapped into a web-compatible plugin state machine, evidence gates, protected analysis mode, and nonterminal repair loop."
backend/taste-skill.mjs,1502,f94840ea4f49d33b12e01d7e430b46713875f0074ddec57e0718a245bb4e7088,.mjs,37,LEGACY_BACKEND_CORE,REENGINEER,"Behavior is mapped into a web-compatible plugin state machine, evidence gates, protected analysis mode, and nonterminal repair loop."
backend/token-limit.mjs,3009,7f6ee4e61fa3fa30bcd68eba63d06d8a743e55977e131b1dd3bcf829400bb764,.mjs,75,LEGACY_BACKEND_CORE,REENGINEER,"Behavior is mapped into a web-compatible plugin state machine, evidence gates, protected analysis mode, and nonterminal repair loop."
backend/web-research.mjs,21466,334e72aa6ef1ae27b07ce497da19c3ffaa5c662d4652f7ae20d10dd705c1b565,.mjs,587,LEGACY_BACKEND_CORE,REENGINEER,"Behavior is mapped into a web-compatible plugin state machine, evidence gates, protected analysis mode, and nonterminal repair loop."
CONCEPT/concept_library/100_bg_image/manifest.json,208,5865da903f6ea49121a6fcb23eb44c8003b6f608432f2b1d218630e6eb143353,.json,9,OTHER_PROJECT_FILE,REVIEWED_EXCLUDE_OR_REPLACED,Accounted for in audit and omitted unless required by the new marketplace plugin.
CONCEPT/concept_library/100_bg_image/preview.html,1672,496ab70134dde34d408f7f58ce43b4ab1bbcbe17f71d75804d8d5638c31360be,.html,47,OTHER_PROJECT_FILE,REVIEWED_EXCLUDE_OR_REPLACED,Accounted for in audit and omitted unless required by the new marketplace plugin.
CONCEPT/concept_library/100_bg_image/tokens.json,1212,a2ca9bb5be0eb2bbc847a148ab6743815c347cdb0a37175140f9f3ee470b7140,.json,56,OTHER_PROJECT_FILE,REVIEWED_EXCLUDE_OR_REPLACED,Accounted for in audit and omitted unless required by the new marketplace plugin.
CONCEPT/concept_library/2tone_gradation/manifest.json,229,37b7e8c41f9a1a7494a2ca097cb031c4b3bdd5be98c7d79d503bd88ff8e5c1c4,.json,9,OTHER_PROJECT_FILE,REVIEWED_EXCLUDE_OR_REPLACED,Accounted for in audit and omitted unless required by the new marketplace plugin.
CONCEPT/concept_library/2tone_gradation/preview.html,1595,24fd112b7638df60ac7c4c63a0ac4ad31ab8ce0a83acd5b0773f21c7efdba2b1,.html,47,OTHER_PROJECT_FILE,REVIEWED_EXCLUDE_OR_REPLACED,Accounted for in audit and omitted unless required by the new marketplace plugin.
CONCEPT/concept_library/2tone_gradation/tokens.json,1212,a2ca9bb5be0eb2bbc847a148ab6743815c347cdb0a37175140f9f3ee470b7140,.json,56,OTHER_PROJECT_FILE,REVIEWED_EXCLUDE_OR_REPLACED,Accounted for in audit and omitted unless required by the new marketplace plugin.
CONCEPT/concept_library/3d_force_touch/manifest.json,201,34588426da8f8e0d8b4cc45e6ea131162647bf66ab50a74d6fec27f3fc812965,.json,10,OTHER_PROJECT_FILE,REVIEWED_EXCLUDE_OR_REPLACED,Accounted for in audit and omitted unless required by the new marketplace plugin.
CONCEPT/concept_library/3d_force_touch/preview.html,1620,3cae74a847a34f38f5c5056b12d74636331eba40362ccd384891cc3a7328416d,.html,47,OTHER_PROJECT_FILE,REVIEWED_EXCLUDE_OR_REPLACED,Accounted for in audit and omitted unless required by the new marketplace plugin.
CONCEPT/concept_library/3d_force_touch/tokens.json,1212,a2ca9bb5be0eb2bbc847a148ab6743815c347cdb0a37175140f9f3ee470b7140,.json,56,OTHER_PROJECT_FILE,REVIEWED_EXCLUDE_OR_REPLACED,Accounted for in audit and omitted unless required by the new marketplace plugin.
CONCEPT/concept_library/affordance_design/manifest.json,224,57c4b1b3edd193a2619d19f918144b680f30df93dac8c74743fa87fb6f021b61,.json,9,OTHER_PROJECT_FILE,REVIEWED_EXCLUDE_OR_REPLACED,Accounted for in audit and omitted unless required by the new marketplace plugin.
CONCEPT/concept_library/affordance_design/preview.html,1633,6349dd888fab3494c5b37e1f8f86e6086685d28f58ef1c0ff44de42f66988d49,.html,47,OTHER_PROJECT_FILE,REVIEWED_EXCLUDE_OR_REPLACED,Accounted for in audit and omitted unless required by the new marketplace plugin.
CONCEPT/concept_library/affordance_design/tokens.json,1212,a2ca9bb5be0eb2bbc847a148ab6743815c347cdb0a37175140f9f3ee470b7140,.json,56,OTHER_PROJECT_FILE,REVIEWED_EXCLUDE_OR_REPLACED,Accounted for in audit and omitted unless required by the new marketplace plugin.
CONCEPT/concept_library/aurora_gradient/manifest.json,268,eee5e8538f700609e0fc45521ce7f3e67c1a7c7854fb2aa4e79394aae0ac5b1b,.json,6,OTHER_PROJECT_FILE,REVIEWED_EXCLUDE_OR_REPLACED,Accounted for in audit and omitted unless required by the new marketplace plugin.
CONCEPT/concept_library/aurora_gradient/preview.html,4046,e9b78252e0c3c1be5e7c2ccd7df59a7e489357597c23308a800ea5d5e33b18c8,.html,42,OTHER_PROJECT_FILE,REVIEWED_EXCLUDE_OR_REPLACED,Accounted for in audit and omitted unless required by the new marketplace plugin.
CONCEPT/concept_library/aurora_gradient/tokens.json,1527,c6de8dea7a9f7a451a212afae3d19b5c69701be4afbad4cdf52a8cdbdb79ae8e,.json,30,OTHER_PROJECT_FILE,REVIEWED_EXCLUDE_OR_REPLACED,Accounted for in audit and omitted unless required by the new marketplace plugin.
CONCEPT/concept_library/bottom_sheet__/manifest.json,192,3528b3e4fe4fb2bba2603c3f06804a5b60269ab4f05a544e9f6cf6d5701e19fd,.json,9,OTHER_PROJECT_FILE,REVIEWED_EXCLUDE_OR_REPLACED,Accounted for in audit and omitted unless required by the new marketplace plugin.
CONCEPT/concept_library/bottom_sheet__/preview.html,1851,b90377835810fb7a942ab67f49d11ba42b682bdb8fa66f896e9c4bd419ee473d,.html,47,OTHER_PROJECT_FILE,REVIEWED_EXCLUDE_OR_REPLACED,Accounted for in audit and omitted unless required by the new marketplace plugin.
CONCEPT/concept_library/bottom_sheet__/tokens.json,1212,a2ca9bb5be0eb2bbc847a148ab6743815c347cdb0a37175140f9f3ee470b7140,.json,56,OTHER_PROJECT_FILE,REVIEWED_EXCLUDE_OR_REPLACED,Accounted for in audit and omitted unless required by the new marketplace plugin.
CONCEPT/concept_library/breadcrumbs_/manifest.json,206,24a996a901f75f7a58d971b8b97622a710a2c91c6711cddf25264fa1caea42c7,.json,9,OTHER_PROJECT_FILE,REVIEWED_EXCLUDE_OR_REPLACED,Accounted for in audit and omitted unless required by the new marketplace plugin.
CONCEPT/concept_library/breadcrumbs_/preview.html,1566,810a7bf25226f68c14c490ab5f7fd0f58137d5b3550b1c29039e84f0ab7c7edb,.html,47,OTHER_PROJECT_FILE,REVIEWED_EXCLUDE_OR_REPLACED,Accounted for in audit and omitted unless required by the new marketplace plugin.
CONCEPT/concept_library/breadcrumbs_/tokens.json,1212,a2ca9bb5be0eb2bbc847a148ab6743815c347cdb0a37175140f9f3ee470b7140,.json,56,OTHER_PROJECT_FILE,REVIEWED_EXCLUDE_OR_REPLACED,Accounted for in audit and omitted unless required by the new marketplace plugin.
CONCEPT/concept_library/broken_grid/manifest.json,223,3648ae27f3bfae4ed053c8c2091fb25d81065d9f587e8015b5ccc783a724ff64,.json,9,OTHER_PROJECT_FILE,REVIEWED_EXCLUDE_OR_REPLACED,Accounted for in audit and omitted unless required by the new marketplace plugin.
CONCEPT/concept_library/broken_grid/preview.html,1809,af08b98aef90641d71f71827c0590b63d416614f024b728de35c27e2c72db1a7,.html,47,OTHER_PROJECT_FILE,REVIEWED_EXCLUDE_OR_REPLACED,Accounted for in audit and omitted unless required by the new marketplace plugin.
CONCEPT/concept_library/broken_grid/tokens.json,1212,a2ca9bb5be0eb2bbc847a148ab6743815c347cdb0a37175140f9f3ee470b7140,.json,56,OTHER_PROJECT_FILE,REVIEWED_EXCLUDE_OR_REPLACED,Accounted for in audit and omitted unless required by the new marketplace plugin.
CONCEPT/concept_library/card_and_grid_ui/manifest.json,213,6057d4bb0a42aa3292565d337d69ebe523ae3a899e93b70cd5b2f92b4d18670a,.json,9,OTHER_PROJECT_FILE,REVIEWED_EXCLUDE_OR_REPLACED,Accounted for in audit and omitted unless required by the new marketplace plugin.
CONCEPT/concept_library/card_and_grid_ui/preview.html,1983,94bc7ba0ab09b7edaecfd6fb5a06136ef51c77c69cde8cca949a7df9bd618b12,.html,47,OTHER_PROJECT_FILE,REVIEWED_EXCLUDE_OR_REPLACED,Accounted for in audit and omitted unless required by the new marketplace plugin.
CONCEPT/concept_library/card_and_grid_ui/tokens.json,1212,a2ca9bb5be0eb2bbc847a148ab6743815c347cdb0a37175140f9f3ee470b7140,.json,56,OTHER_PROJECT_FILE,REVIEWED_EXCLUDE_OR_REPLACED,Accounted for in audit and omitted unless required by the new marketplace plugin.
CONCEPT/concept_library/chat_bot_ui/manifest.json,195,9b51759d4408382f4bc82017e9b0cd4e012a501461dc8d5b3a9f94b194af3f47,.json,9,OTHER_PROJECT_FILE,REVIEWED_EXCLUDE_OR_REPLACED,Accounted for in audit and omitted unless required by the new marketplace plugin.
CONCEPT/concept_library/chat_bot_ui/preview.html,1729,8fd9a7358563af3a4c2f1cccc4e6e45b8d9b06e0384827f28e2c536c42db59fb,.html,47,OTHER_PROJECT_FILE,REVIEWED_EXCLUDE_OR_REPLACED,Accounted for in audit and omitted unless required by the new marketplace plugin.
CONCEPT/concept_library/chat_bot_ui/tokens.json,1212,a2ca9bb5be0eb2bbc847a148ab6743815c347cdb0a37175140f9f3ee470b7140,.json,56,OTHER_PROJECT_FILE,REVIEWED_EXCLUDE_OR_REPLACED,Accounted for in audit and omitted unless required by the new marketplace plugin.
CONCEPT/concept_library/chips_/manifest.json,196,7a50ae07a9dc46932787e0c85d9591ca379f7b12b902c5f167ac86c0cf441ac9,.json,9,OTHER_PROJECT_FILE,REVIEWED_EXCLUDE_OR_REPLACED,Accounted for in audit and omitted unless required by the new marketplace plugin.
CONCEPT/concept_library/chips_/preview.html,1819,7279b41eceeaef704a466c5c69ec8c5841565e9f40e8b9f6b491ae7c4f90346d,.html,47,OTHER_PROJECT_FILE,REVIEWED_EXCLUDE_OR_REPLACED,Accounted for in audit and omitted unless required by the new marketplace plugin.
CONCEPT/concept_library/chips_/tokens.json,1212,a2ca9bb5be0eb2bbc847a148ab6743815c347cdb0a37175140f9f3ee470b7140,.json,56,OTHER_PROJECT_FILE,REVIEWED_EXCLUDE_OR_REPLACED,Accounted for in audit and omitted unless required by the new marketplace plugin.
CONCEPT/concept_library/circular_design/manifest.json,216,6a0e4c8651b9b126f3997fe3798d78c414ca582621e4fddfadf7628a0dda2b7f,.json,9,OTHER_PROJECT_FILE,REVIEWED_EXCLUDE_OR_REPLACED,Accounted for in audit and omitted unless required by the new marketplace plugin.
CONCEPT/concept_library/circular_design/preview.html,1611,f07f6dbb0dbead3be1db68fc3188e13a784e1587c37b02adf9e3929697364b12,.html,47,OTHER_PROJECT_FILE,REVIEWED_EXCLUDE_OR_REPLACED,Accounted for in audit and omitted unless required by the new marketplace plugin.
CONCEPT/concept_library/circular_design/tokens.json,1212,a2ca9bb5be0eb2bbc847a148ab6743815c347cdb0a37175140f9f3ee470b7140,.json,56,OTHER_PROJECT_FILE,REVIEWED_EXCLUDE_OR_REPLACED,Accounted for in audit and omitted unless required by the new marketplace plugin.
CONCEPT/concept_library/coachmark_/manifest.json,207,708f22b5889859f5b78900139bac4c6787119429c222e302c71b29e6c564163f,.json,9,OTHER_PROJECT_FILE,REVIEWED_EXCLUDE_OR_REPLACED,Accounted for in audit and omitted unless required by the new marketplace plugin.
CONCEPT/concept_library/coachmark_/preview.html,1803,c05a3ccc2407894426ed8ccfed729c252a79919a4985ba2722f0465bb022d750,.html,47,OTHER_PROJECT_FILE,REVIEWED_EXCLUDE_OR_REPLACED,Accounted for in audit and omitted unless required by the new marketplace plugin.
CONCEPT/concept_library/coachmark_/tokens.json,1212,a2ca9bb5be0eb2bbc847a148ab6743815c347cdb0a37175140f9f3ee470b7140,.json,56,OTHER_PROJECT_FILE,REVIEWED_EXCLUDE_OR_REPLACED,Accounted for in audit and omitted unless required by the new marketplace plugin.
CONCEPT/concept_library/collection_ui/manifest.json,214,841282916d05248b54063fb51e65f40737dd94d5b730cf8ee266852d7d77cb50,.json,9,OTHER_PROJECT_FILE,REVIEWED_EXCLUDE_OR_REPLACED,Accounted for in audit and omitted unless required by the new marketplace plugin.
CONCEPT/concept_library/collection_ui/preview.html,1812,9dc262760f5f2eda3ff7658659feceb35aaa48d0a6ef5187c8cf413b853bb0d9,.html,47,OTHER_PROJECT_FILE,REVIEWED_EXCLUDE_OR_REPLACED,Accounted for in audit and omitted unless required by the new marketplace plugin.
CONCEPT/concept_library/collection_ui/tokens.json,1212,a2ca9bb5be0eb2bbc847a148ab6743815c347cdb0a37175140f9f3ee470b7140,.json,56,OTHER_PROJECT_FILE,REVIEWED_EXCLUDE_OR_REPLACED,Accounted for in audit and omitted unless required by the new marketplace plugin.
CONCEPT/concept_library/combobox_/manifest.json,184,cc7dd1a774dedf8957a144c5a164566b5e4bb9293b448a327d88a7af0fb99249,.json,9,OTHER_PROJECT_FILE,REVIEWED_EXCLUDE_OR_REPLACED,Accounted for in audit and omitted unless required by the new marketplace plugin.
CONCEPT/concept_library/combobox_/preview.html,1655,fc18429386892c1f24834c493d8b1a536261139bc5fa1a86e17c3273493c3d66,.html,47,OTHER_PROJECT_FILE,REVIEWED_EXCLUDE_OR_REPLACED,Accounted for in audit and omitted unless required by the new marketplace plugin.
CONCEPT/concept_library/combobox_/tokens.json,1212,a2ca9bb5be0eb2bbc847a148ab6743815c347cdb0a37175140f9f3ee470b7140,.json,56,OTHER_PROJECT_FILE,REVIEWED_EXCLUDE_OR_REPLACED,Accounted for in audit and omitted unless required by the new marketplace plugin.
CONCEPT/concept_library/context_ui/manifest.json,205,7e3da2df781cf31a82e5439130cdacb816b222ef0858ad4a1b419dda67e4ee8b,.json,9,OTHER_PROJECT_FILE,REVIEWED_EXCLUDE_OR_REPLACED,Accounted for in audit and omitted unless required by the new marketplace plugin.
CONCEPT/concept_library/context_ui/preview.html,1528,793074b1384c4e7998e5769d9d4e2b416b28fcedc45722237e2655cd493b53f6,.html,47,OTHER_PROJECT_FILE,REVIEWED_EXCLUDE_OR_REPLACED,Accounted for in audit and omitted unless required by the new marketplace plugin.
CONCEPT/concept_library/context_ui/tokens.json,1212,a2ca9bb5be0eb2bbc847a148ab6743815c347cdb0a37175140f9f3ee470b7140,.json,56,OTHER_PROJECT_FILE,REVIEWED_EXCLUDE_OR_REPLACED,Accounted for in audit and omitted unless required by the new marketplace plugin.
CONCEPT/concept_library/coverflow_ui/manifest.json,203,98e2a9b373d0ec8d7eb6c26f1891ef6f184f197a9e4d669ab15edd80b0679e5e,.json,9,OTHER_PROJECT_FILE,REVIEWED_EXCLUDE_OR_REPLACED,Accounted for in audit and omitted unless required by the new marketplace plugin.
CONCEPT/concept_library/coverflow_ui/preview.html,1817,547b000470aa0a405e20a3f4494cea3a87bb86ba4fb66392c64397a2fa873e87,.html,47,OTHER_PROJECT_FILE,REVIEWED_EXCLUDE_OR_REPLACED,Accounted for in audit and omitted unless required by the new marketplace plugin.
CONCEPT/concept_library/coverflow_ui/tokens.json,1212,a2ca9bb5be0eb2bbc847a148ab6743815c347cdb0a37175140f9f3ee470b7140,.json,56,OTHER_PROJECT_FILE,REVIEWED_EXCLUDE_OR_REPLACED,Accounted for in audit and omitted unless required by the new marketplace plugin.
CONCEPT/concept_library/cyberpunk_neon/manifest.json,279,d1ddca49cfdd5bac8585e9bce0f8b65c869a01b328ddfc4bcd33b9b90cc469e2,.json,6,OTHER_PROJECT_FILE,REVIEWED_EXCLUDE_OR_REPLACED,Accounted for in audit and omitted unless required by the new marketplace plugin.
CONCEPT/concept_library/cyberpunk_neon/preview.html,4459,6deedfa343f084dd2593a89649eb605bdd1c6b229f35b75f802a95fb07f41d59,.html,51,OTHER_PROJECT_FILE,REVIEWED_EXCLUDE_OR_REPLACED,Accounted for in audit and omitted unless required by the new marketplace plugin.
CONCEPT/concept_library/cyberpunk_neon/tokens.json,1659,ae9c33420f3ca3d7425c3faffcf83052dad7be66ccf91fc5036d803398a651bd,.json,30,OTHER_PROJECT_FILE,REVIEWED_EXCLUDE_OR_REPLACED,Accounted for in audit and omitted unless required by the new marketplace plugin.
CONCEPT/concept_library/dark_glassmorphism/manifest.json,293,b65f1b8ad5bdd8a52288e6be42202637d243d77e843aed4a34c206ae156cbc13,.json,6,OTHER_PROJECT_FILE,REVIEWED_EXCLUDE_OR_REPLACED,Accounted for in audit and omitted unless required by the new marketplace plugin.
CONCEPT/concept_library/dark_glassmorphism/preview.html,4023,e818c881d80500ee7f1853d300f32de323a4fa4be7b7aa386d94b9b0daf3b7fb,.html,49,OTHER_PROJECT_FILE,REVIEWED_EXCLUDE_OR_REPLACED,Accounted for in audit and omitted unless required by the new marketplace plugin.
CONCEPT/concept_library/dark_glassmorphism/tokens.json,2238,1ec12a772b9a62cfef344f095dcde5ae806f83c23925612e67c6bdf86464bc16,.json,38,OTHER_PROJECT_FILE,REVIEWED_EXCLUDE_OR_REPLACED,Accounted for in audit and omitted unless required by the new marketplace plugin.
CONCEPT/concept_library/dash_board/manifest.json,182,b579048098b7b8667102ccdeea8d3573a476a933adb3fb6c19a60a0d7cbb0ad1,.json,9,OTHER_PROJECT_FILE,REVIEWED_EXCLUDE_OR_REPLACED,Accounted for in audit and omitted unless required by the new marketplace plugin.
CONCEPT/concept_library/dash_board/preview.html,1913,0bea70a6207a0ed6732cbd7a574f646512f3eb48c8c0b8b6979446caf0f0d2f5,.html,47,OTHER_PROJECT_FILE,REVIEWED_EXCLUDE_OR_REPLACED,Accounted for in audit and omitted unless required by the new marketplace plugin.
CONCEPT/concept_library/dash_board/tokens.json,1212,a2ca9bb5be0eb2bbc847a148ab6743815c347cdb0a37175140f9f3ee470b7140,.json,56,OTHER_PROJECT_FILE,REVIEWED_EXCLUDE_OR_REPLACED,Accounted for in audit and omitted unless required by the new marketplace plugin.
CONCEPT/concept_library/date_picker__/manifest.json,190,3393ab8f70b4d28e96e110c54bfcf674076d9091be731b55696783c81b02fea3,.json,9,OTHER_PROJECT_FILE,REVIEWED_EXCLUDE_OR_REPLACED,Accounted for in audit and omitted unless required by the new marketplace plugin.
CONCEPT/concept_library/date_picker__/preview.html,1932,9424a81b7b3ae6c72f1e139e87759d1687af4f19af5dbf3bea4f84af76f4cc0f,.html,47,OTHER_PROJECT_FILE,REVIEWED_EXCLUDE_OR_REPLACED,Accounted for in audit and omitted unless required by the new marketplace plugin.
CONCEPT/concept_library/date_picker__/tokens.json,1212,a2ca9bb5be0eb2bbc847a148ab6743815c347cdb0a37175140f9f3ee470b7140,.json,56,OTHER_PROJECT_FILE,REVIEWED_EXCLUDE_OR_REPLACED,Accounted for in audit and omitted unless required by the new marketplace plugin.
CONCEPT/concept_library/drawer_/manifest.json,186,6378609c5162f4f82a049988149eb3a8f7e9935a8190cd740145ca734bf4795d,.json,9,OTHER_PROJECT_FILE,REVIEWED_EXCLUDE_OR_REPLACED,Accounted for in audit and omitted unless required by the new marketplace plugin.
CONCEPT/concept_library/drawer_/preview.html,1641,e5f540a795b51a3a90e699e1216e4ba20018e75755b998e2f88e28ea9d209ce9,.html,47,OTHER_PROJECT_FILE,REVIEWED_EXCLUDE_OR_REPLACED,Accounted for in audit and omitted unless required by the new marketplace plugin.
CONCEPT/concept_library/drawer_/tokens.json,1212,a2ca9bb5be0eb2bbc847a148ab6743815c347cdb0a37175140f9f3ee470b7140,.json,56,OTHER_PROJECT_FILE,REVIEWED_EXCLUDE_OR_REPLACED,Accounted for in audit and omitted unless required by the new marketplace plugin.
CONCEPT/concept_library/flat_ui/manifest.json,207,805128ffe2d6ed3a213e41312aa95cbff0506fa6569a35197956db3cec491e60,.json,10,OTHER_PROJECT_FILE,REVIEWED_EXCLUDE_OR_REPLACED,Accounted for in audit and omitted unless required by the new marketplace plugin.
CONCEPT/concept_library/flat_ui/preview.html,1662,3462df2910b298f4c7feb2b4e0fc3b849f8f18cdf0648c20a41ca2c5f9094043,.html,47,OTHER_PROJECT_FILE,REVIEWED_EXCLUDE_OR_REPLACED,Accounted for in audit and omitted unless required by the new marketplace plugin.
CONCEPT/concept_library/flat_ui/tokens.json,1077,b93a861878ef0ce0217c4f051dc3dd6c1fbb5cc54af2ad91965863b14385d9d2,.json,56,OTHER_PROJECT_FILE,REVIEWED_EXCLUDE_OR_REPLACED,Accounted for in audit and omitted unless required by the new marketplace plugin.
CONCEPT/concept_library/folding_ui/manifest.json,185,e820e76e02edb868980570a3edf81a7404e485316a6182c1e3616394d2e6a2e1,.json,9,OTHER_PROJECT_FILE,REVIEWED_EXCLUDE_OR_REPLACED,Accounted for in audit and omitted unless required by the new marketplace plugin.
CONCEPT/concept_library/folding_ui/preview.html,1692,f77544c92671d03cf34b53a4fbfbc21a4ac4bc5dbaf2540a094d68a4c85233fc,.html,47,OTHER_PROJECT_FILE,REVIEWED_EXCLUDE_OR_REPLACED,Accounted for in audit and omitted unless required by the new marketplace plugin.
CONCEPT/concept_library/folding_ui/tokens.json,1212,a2ca9bb5be0eb2bbc847a148ab6743815c347cdb0a37175140f9f3ee470b7140,.json,56,OTHER_PROJECT_FILE,REVIEWED_EXCLUDE_OR_REPLACED,Accounted for in audit and omitted unless required by the new marketplace plugin.
CONCEPT/concept_library/gamification_ui/manifest.json,209,2395fb771448ecebd34b4d46484285da0aab21bf2287e6ae21a5111e4ee0908e,.json,9,OTHER_PROJECT_FILE,REVIEWED_EXCLUDE_OR_REPLACED,Accounted for in audit and omitted unless required by the new marketplace plugin.
CONCEPT/concept_library/gamification_ui/preview.html,1597,d1b5706791e68fa00fe73ada9eb80931609aaaec2168295796eaf13bc36b29d0,.html,47,OTHER_PROJECT_FILE,REVIEWED_EXCLUDE_OR_REPLACED,Accounted for in audit and omitted unless required by the new marketplace plugin.
CONCEPT/concept_library/gamification_ui/tokens.json,1212,a2ca9bb5be0eb2bbc847a148ab6743815c347cdb0a37175140f9f3ee470b7140,.json,56,OTHER_PROJECT_FILE,REVIEWED_EXCLUDE_OR_REPLACED,Accounted for in audit and omitted unless required by the new marketplace plugin.
CONCEPT/concept_library/glasscn_frosted/manifest.json,294,26d19680071e2ecbf5384c12ff5452cdafeccf7ee0d361bcd01bed6bac0177ec,.json,6,OTHER_PROJECT_FILE,REVIEWED_EXCLUDE_OR_REPLACED,Accounted for in audit and omitted unless required by the new marketplace plugin.
CONCEPT/concept_library/glasscn_frosted/preview.html,4536,e0e5e8f40dcf657f275c73bbd845a3bd332faa66cf529b0464aafc454587c8b7,.html,55,OTHER_PROJECT_FILE,REVIEWED_EXCLUDE_OR_REPLACED,Accounted for in audit and omitted unless required by the new marketplace plugin.
CONCEPT/concept_library/glasscn_frosted/tokens.json,1841,c17e9665181a0965fea47e16d4a90860f5e49287dae84107adc1c27d8b16c6f6,.json,32,OTHER_PROJECT_FILE,REVIEWED_EXCLUDE_OR_REPLACED,Accounted for in audit and omitted unless required by the new marketplace plugin.
CONCEPT/concept_library/illust_graphic/manifest.json,202,08762a07f5bb263c703b77e4dc7c54d428d3da24828aa514105d1a30101652f7,.json,9,OTHER_PROJECT_FILE,REVIEWED_EXCLUDE_OR_REPLACED,Accounted for in audit and omitted unless required by the new marketplace plugin.
CONCEPT/concept_library/illust_graphic/preview.html,1757,0d323f7095f19a3f3031388e643f5d5968c6c7ae09ba4ca5523bdd55385a4af1,.html,47,OTHER_PROJECT_FILE,REVIEWED_EXCLUDE_OR_REPLACED,Accounted for in audit and omitted unless required by the new marketplace plugin.
CONCEPT/concept_library/illust_graphic/tokens.json,1212,a2ca9bb5be0eb2bbc847a148ab6743815c347cdb0a37175140f9f3ee470b7140,.json,56,OTHER_PROJECT_FILE,REVIEWED_EXCLUDE_OR_REPLACED,Accounted for in audit and omitted unless required by the new marketplace plugin.
CONCEPT/concept_library/in_line_action/manifest.json,193,36704776678d4e7116551f6bcee2df1a0d540ad4041a942de030d4ff1b85809c,.json,9,OTHER_PROJECT_FILE,REVIEWED_EXCLUDE_OR_REPLACED,Accounted for in audit and omitted unless required by the new marketplace plugin.
CONCEPT/concept_library/in_line_action/preview.html,1695,6a702db0854a8abc74679469884951e99cae54c20577347681754c8ad1b66592,.html,47,OTHER_PROJECT_FILE,REVIEWED_EXCLUDE_OR_REPLACED,Accounted for in audit and omitted unless required by the new marketplace plugin.
CONCEPT/concept_library/in_line_action/tokens.json,1212,a2ca9bb5be0eb2bbc847a148ab6743815c347cdb0a37175140f9f3ee470b7140,.json,56,OTHER_PROJECT_FILE,REVIEWED_EXCLUDE_OR_REPLACED,Accounted for in audit and omitted unless required by the new marketplace plugin.
CONCEPT/concept_library/INDEX.json,15312,546191f559d241acbce3464bfcadf05224210cf6f9667d255c89752cab89b1e1,.json,626,OTHER_PROJECT_FILE,REVIEWED_EXCLUDE_OR_REPLACED,Accounted for in audit and omitted unless required by the new marketplace plugin.
CONCEPT/concept_library/infographic/manifest.json,197,babf5efaabeef04ea7839d29f1020262200624a1fd99add0c925c7af2be4b7b0,.json,9,OTHER_PROJECT_FILE,REVIEWED_EXCLUDE_OR_REPLACED,Accounted for in audit and omitted unless required by the new marketplace plugin.
CONCEPT/concept_library/infographic/preview.html,1848,ab0c4f22ea6a6b0be0f40428272a7029b2e49a2919f76e18d4a28afd02523b23,.html,47,OTHER_PROJECT_FILE,REVIEWED_EXCLUDE_OR_REPLACED,Accounted for in audit and omitted unless required by the new marketplace plugin.
CONCEPT/concept_library/infographic/tokens.json,1212,a2ca9bb5be0eb2bbc847a148ab6743815c347cdb0a37175140f9f3ee470b7140,.json,56,OTHER_PROJECT_FILE,REVIEWED_EXCLUDE_OR_REPLACED,Accounted for in audit and omitted unless required by the new marketplace plugin.
CONCEPT/concept_library/inlay_tool/manifest.json,191,6f0bb4e5e4bc3f11b4922efcb8e38a44deb68812758c4a9b6768e32dbdf10afe,.json,9,OTHER_PROJECT_FILE,REVIEWED_EXCLUDE_OR_REPLACED,Accounted for in audit and omitted unless required by the new marketplace plugin.
CONCEPT/concept_library/inlay_tool/preview.html,1697,58e5c065517f54fb3773e5f51975188b8944a704a28656764b9152ebad5dfd3e,.html,47,OTHER_PROJECT_FILE,REVIEWED_EXCLUDE_OR_REPLACED,Accounted for in audit and omitted unless required by the new marketplace plugin.
CONCEPT/concept_library/inlay_tool/tokens.json,1212,a2ca9bb5be0eb2bbc847a148ab6743815c347cdb0a37175140f9f3ee470b7140,.json,56,OTHER_PROJECT_FILE,REVIEWED_EXCLUDE_OR_REPLACED,Accounted for in audit and omitted unless required by the new marketplace plugin.
CONCEPT/concept_library/label_/manifest.json,182,1fe001ce59dc0f3a7d476f480680c0011ffd2b5ebc394ed246b97ce3336ba192,.json,9,OTHER_PROJECT_FILE,REVIEWED_EXCLUDE_OR_REPLACED,Accounted for in audit and omitted unless required by the new marketplace plugin.
CONCEPT/concept_library/label_/preview.html,1694,974fd19325456f06a8979be71a3904e1d06710393c9b76626335c987fc05b52c,.html,47,OTHER_PROJECT_FILE,REVIEWED_EXCLUDE_OR_REPLACED,Accounted for in audit and omitted unless required by the new marketplace plugin.
CONCEPT/concept_library/label_/tokens.json,1212,a2ca9bb5be0eb2bbc847a148ab6743815c347cdb0a37175140f9f3ee470b7140,.json,56,OTHER_PROJECT_FILE,REVIEWED_EXCLUDE_OR_REPLACED,Accounted for in audit and omitted unless required by the new marketplace plugin.
CONCEPT/concept_library/landing_page/manifest.json,204,53479797aeaace501676ade6a027ecae739865e59b50beaeb6add87b41c48f70,.json,9,OTHER_PROJECT_FILE,REVIEWED_EXCLUDE_OR_REPLACED,Accounted for in audit and omitted unless required by the new marketplace plugin.
CONCEPT/concept_library/landing_page/preview.html,1751,a215b3af0f0d595c8778c95822732351d24f67c31c1674e2e1f01a6bdf1517bb,.html,47,OTHER_PROJECT_FILE,REVIEWED_EXCLUDE_OR_REPLACED,Accounted for in audit and omitted unless required by the new marketplace plugin.
CONCEPT/concept_library/landing_page/tokens.json,1212,a2ca9bb5be0eb2bbc847a148ab6743815c347cdb0a37175140f9f3ee470b7140,.json,56,OTHER_PROJECT_FILE,REVIEWED_EXCLUDE_OR_REPLACED,Accounted for in audit and omitted unless required by the new marketplace plugin.
CONCEPT/concept_library/LEGACY_ISOLATION.json,387,5e3183e44a2a7bb28f0d3527a639d51170a3b1ca6e9229f3e2fef7536f743710,.json,12,OTHER_PROJECT_FILE,REVIEWED_EXCLUDE_OR_REPLACED,Accounted for in audit and omitted unless required by the new marketplace plugin.
CONCEPT/concept_library/list_menu/manifest.json,165,33eadb98ac23293d705b2ae2dc064659a8de991b77f688d2d8ff3a2cdadc06cb,.json,9,OTHER_PROJECT_FILE,REVIEWED_EXCLUDE_OR_REPLACED,Accounted for in audit and omitted unless required by the new marketplace plugin.
CONCEPT/concept_library/list_menu/preview.html,1646,5fdacd8ab893568fbe9f3eae4e26d2e5c718aa549fcb267f81cb6e3756fb351e,.html,47,OTHER_PROJECT_FILE,REVIEWED_EXCLUDE_OR_REPLACED,Accounted for in audit and omitted unless required by the new marketplace plugin.
CONCEPT/concept_library/list_menu/tokens.json,1212,a2ca9bb5be0eb2bbc847a148ab6743815c347cdb0a37175140f9f3ee470b7140,.json,56,OTHER_PROJECT_FILE,REVIEWED_EXCLUDE_OR_REPLACED,Accounted for in audit and omitted unless required by the new marketplace plugin.
CONCEPT/concept_library/loading_spinner_/manifest.json,202,42fccd103718f713baef1eb251b8d71a95a710e1fb9d9115019304762e0311d9,.json,9,OTHER_PROJECT_FILE,REVIEWED_EXCLUDE_OR_REPLACED,Accounted for in audit and omitted unless required by the new marketplace plugin.
CONCEPT/concept_library/loading_spinner_/preview.html,1613,b1ad9166402c03274aa498c93e9b20966d224f0fd6d35a6d50ee82731c1f361d,.html,47,OTHER_PROJECT_FILE,REVIEWED_EXCLUDE_OR_REPLACED,Accounted for in audit and omitted unless required by the new marketplace plugin.
CONCEPT/concept_library/loading_spinner_/tokens.json,1212,a2ca9bb5be0eb2bbc847a148ab6743815c347cdb0a37175140f9f3ee470b7140,.json,56,OTHER_PROJECT_FILE,REVIEWED_EXCLUDE_OR_REPLACED,Accounted for in audit and omitted unless required by the new marketplace plugin.
CONCEPT/concept_library/long_pages/manifest.json,191,a31bbe7a116ac13897ca8d6621cb419092a8e6b2d58d9ba74042df86159c42c8,.json,9,OTHER_PROJECT_FILE,REVIEWED_EXCLUDE_OR_REPLACED,Accounted for in audit and omitted unless required by the new marketplace plugin.
CONCEPT/concept_library/long_pages/preview.html,1728,3117aa3127f4d808c9820fbda9aed651736fee17823b92c7b13c32f9b1eb3758,.html,47,OTHER_PROJECT_FILE,REVIEWED_EXCLUDE_OR_REPLACED,Accounted for in audit and omitted unless required by the new marketplace plugin.
CONCEPT/concept_library/long_pages/tokens.json,1212,a2ca9bb5be0eb2bbc847a148ab6743815c347cdb0a37175140f9f3ee470b7140,.json,56,OTHER_PROJECT_FILE,REVIEWED_EXCLUDE_OR_REPLACED,Accounted for in audit and omitted unless required by the new marketplace plugin.
CONCEPT/concept_library/magnetic_design/manifest.json,167,fbf8ae0c41fed256d3e734ca960c32abe440539ef8075dc0e3ba2dc85dcd6105,.json,9,OTHER_PROJECT_FILE,REVIEWED_EXCLUDE_OR_REPLACED,Accounted for in audit and omitted unless required by the new marketplace plugin.
CONCEPT/concept_library/magnetic_design/preview.html,1540,af33015ec08a96835082e80399300e64da0b084ccce62fb6d1e303efab8d6f66,.html,47,OTHER_PROJECT_FILE,REVIEWED_EXCLUDE_OR_REPLACED,Accounted for in audit and omitted unless required by the new marketplace plugin.
CONCEPT/concept_library/magnetic_design/tokens.json,1212,a2ca9bb5be0eb2bbc847a148ab6743815c347cdb0a37175140f9f3ee470b7140,.json,56,OTHER_PROJECT_FILE,REVIEWED_EXCLUDE_OR_REPLACED,Accounted for in audit and omitted unless required by the new marketplace plugin.
CONCEPT/concept_library/material_design/manifest.json,204,114dd1e678159ae55b22c6e351314428c088e42008e670b3d3d47890fbe32cd3,.json,9,OTHER_PROJECT_FILE,REVIEWED_EXCLUDE_OR_REPLACED,Accounted for in audit and omitted unless required by the new marketplace plugin.
CONCEPT/concept_library/material_design/preview.html,1826,9f23464e47ee7bfea7741a3e9c4df659ff73c09b8a442dd0acbf534344638ff4,.html,47,OTHER_PROJECT_FILE,REVIEWED_EXCLUDE_OR_REPLACED,Accounted for in audit and omitted unless required by the new marketplace plugin.
CONCEPT/concept_library/material_design/tokens.json,1197,cce4719661073d258c0a85f7cdd30069ee77f159a35e388c48722fd2e46483a6,.json,56,OTHER_PROJECT_FILE,REVIEWED_EXCLUDE_OR_REPLACED,Accounted for in audit and omitted unless required by the new marketplace plugin.
CONCEPT/concept_library/mega_menu/manifest.json,176,4efe6fdb94bdedc8d8cdbabf2e305eb173c808fa1cd0279fc0ad9bb65e6121f2,.json,9,OTHER_PROJECT_FILE,REVIEWED_EXCLUDE_OR_REPLACED,Accounted for in audit and omitted unless required by the new marketplace plugin.
CONCEPT/concept_library/mega_menu/preview.html,1807,64194f03b262315ee197679c17716ba330d67e6bd4d71299d066a715629cb02e,.html,47,OTHER_PROJECT_FILE,REVIEWED_EXCLUDE_OR_REPLACED,Accounted for in audit and omitted unless required by the new marketplace plugin.
CONCEPT/concept_library/mega_menu/tokens.json,1212,a2ca9bb5be0eb2bbc847a148ab6743815c347cdb0a37175140f9f3ee470b7140,.json,56,OTHER_PROJECT_FILE,REVIEWED_EXCLUDE_OR_REPLACED,Accounted for in audit and omitted unless required by the new marketplace plugin.
CONCEPT/concept_library/menu_icons__/manifest.json,222,401d1000897eb85003dcf773456b4acc9f05296a6f719cbeec360ee9b96cfd31,.json,9,OTHER_PROJECT_FILE,REVIEWED_EXCLUDE_OR_REPLACED,Accounted for in audit and omitted unless required by the new marketplace plugin.
CONCEPT/concept_library/menu_icons__/preview.html,1552,cfdbf03368a9dfbb4704bc83b2a8b2fc7b7eefab71ba618e40aede02b4bc47a3,.html,47,OTHER_PROJECT_FILE,REVIEWED_EXCLUDE_OR_REPLACED,Accounted for in audit and omitted unless required by the new marketplace plugin.
CONCEPT/concept_library/menu_icons__/tokens.json,1212,a2ca9bb5be0eb2bbc847a148ab6743815c347cdb0a37175140f9f3ee470b7140,.json,56,OTHER_PROJECT_FILE,REVIEWED_EXCLUDE_OR_REPLACED,Accounted for in audit and omitted unless required by the new marketplace plugin.
CONCEPT/concept_library/metaphor/manifest.json,178,9270211600e9cc70b39c59116fb880aab63988dbd4436c271f46bab447970524,.json,9,OTHER_PROJECT_FILE,REVIEWED_EXCLUDE_OR_REPLACED,Accounted for in audit and omitted unless required by the new marketplace plugin.
CONCEPT/concept_library/metaphor/preview.html,1409,0bdd26a91d72e58e96b39f24bab60ad66de5ed5e797054b4ff8e235602518cbd,.html,47,OTHER_PROJECT_FILE,REVIEWED_EXCLUDE_OR_REPLACED,Accounted for in audit and omitted unless required by the new marketplace plugin.
CONCEPT/concept_library/metaphor/tokens.json,1212,a2ca9bb5be0eb2bbc847a148ab6743815c347cdb0a37175140f9f3ee470b7140,.json,56,OTHER_PROJECT_FILE,REVIEWED_EXCLUDE_OR_REPLACED,Accounted for in audit and omitted unless required by the new marketplace plugin.
CONCEPT/concept_library/micro_interaction/manifest.json,190,dbeeaaf09e56a293b86b6c210a47ceed4291e5bad3c5e15e5b22d2ff9583306b,.json,9,OTHER_PROJECT_FILE,REVIEWED_EXCLUDE_OR_REPLACED,Accounted for in audit and omitted unless required by the new marketplace plugin.
CONCEPT/concept_library/micro_interaction/preview.html,1616,2c8a5c963f241e6ad4c2fee2095e64cd4aadb1d78af90be93eeed787922b48bf,.html,47,OTHER_PROJECT_FILE,REVIEWED_EXCLUDE_OR_REPLACED,Accounted for in audit and omitted unless required by the new marketplace plugin.
CONCEPT/concept_library/micro_interaction/tokens.json,1212,a2ca9bb5be0eb2bbc847a148ab6743815c347cdb0a37175140f9f3ee470b7140,.json,56,OTHER_PROJECT_FILE,REVIEWED_EXCLUDE_OR_REPLACED,Accounted for in audit and omitted unless required by the new marketplace plugin.
CONCEPT/concept_library/midnight_aurora/manifest.json,293,98d26b84ba2fb7b1b9d85a266863138fe99c6c9982927a03e9afb54bc760070b,.json,6,OTHER_PROJECT_FILE,REVIEWED_EXCLUDE_OR_REPLACED,Accounted for in audit and omitted unless required by the new marketplace plugin.
CONCEPT/concept_library/midnight_aurora/preview.html,5083,8c6e31a469703c4804e40155cb2a9c27d9276ae4b376f045831110f841329075,.html,71,OTHER_PROJECT_FILE,REVIEWED_EXCLUDE_OR_REPLACED,Accounted for in audit and omitted unless required by the new marketplace plugin.
CONCEPT/concept_library/midnight_aurora/tokens.json,2007,c29e24bcf75f900d4ea71c9a0f700b8ea764f389aad0edca98db0d2c679b55c9,.json,33,OTHER_PROJECT_FILE,REVIEWED_EXCLUDE_OR_REPLACED,Accounted for in audit and omitted unless required by the new marketplace plugin.
CONCEPT/concept_library/nav_bar___tab_bar/manifest.json,199,d605ef6619759afdad4e778b4c5366806855b2657ceb935a72e82fd6dfb95314,.json,9,OTHER_PROJECT_FILE,REVIEWED_EXCLUDE_OR_REPLACED,Accounted for in audit and omitted unless required by the new marketplace plugin.
CONCEPT/concept_library/nav_bar___tab_bar/preview.html,1821,5bf7d8867d614512969bdd6274ab835cd97f965ab8e1dcc284f1d0bc37cf11c3,.html,47,OTHER_PROJECT_FILE,REVIEWED_EXCLUDE_OR_REPLACED,Accounted for in audit and omitted unless required by the new marketplace plugin.
CONCEPT/concept_library/nav_bar___tab_bar/tokens.json,1212,a2ca9bb5be0eb2bbc847a148ab6743815c347cdb0a37175140f9f3ee470b7140,.json,56,OTHER_PROJECT_FILE,REVIEWED_EXCLUDE_OR_REPLACED,Accounted for in audit and omitted unless required by the new marketplace plugin.
CONCEPT/concept_library/nav_drawer/manifest.json,170,0d43228c0e3a00e21d5e9346c836d428307828e0a2d74f949ad2a3ca43b4e8e3,.json,9,OTHER_PROJECT_FILE,REVIEWED_EXCLUDE_OR_REPLACED,Accounted for in audit and omitted unless required by the new marketplace plugin.
CONCEPT/concept_library/nav_drawer/preview.html,1671,614c4e52dd3ccf3b85a6d020c0d1133b00543531af5b04bc4529b2fa661a72d6,.html,47,OTHER_PROJECT_FILE,REVIEWED_EXCLUDE_OR_REPLACED,Accounted for in audit and omitted unless required by the new marketplace plugin.
CONCEPT/concept_library/nav_drawer/tokens.json,1212,a2ca9bb5be0eb2bbc847a148ab6743815c347cdb0a37175140f9f3ee470b7140,.json,56,OTHER_PROJECT_FILE,REVIEWED_EXCLUDE_OR_REPLACED,Accounted for in audit and omitted unless required by the new marketplace plugin.
CONCEPT/concept_library/neobrutalism/manifest.json,284,9ebec2a339ddb999435d669fec93d733f53bee5c83e9647387c0aa0a4b791208,.json,6,OTHER_PROJECT_FILE,REVIEWED_EXCLUDE_OR_REPLACED,Accounted for in audit and omitted unless required by the new marketplace plugin.
CONCEPT/concept_library/neobrutalism/preview.html,3858,f1949a9f5ae63aedccbef693ad00369f4c623a04a9a8a84c1af9cb3a252e54c0,.html,49,OTHER_PROJECT_FILE,REVIEWED_EXCLUDE_OR_REPLACED,Accounted for in audit and omitted unless required by the new marketplace plugin.
CONCEPT/concept_library/neobrutalism/tokens.json,1346,7488ce43c732341d116bbca741af1647642a8f505a9f1cf58575e7b73f3c4338,.json,29,OTHER_PROJECT_FILE,REVIEWED_EXCLUDE_OR_REPLACED,Accounted for in audit and omitted unless required by the new marketplace plugin.
CONCEPT/concept_library/parallax_scroll/manifest.json,201,be3b2cce67c7a2c84cdadc6afd1292f6e55c6134533166a73990d91f31341352,.json,9,OTHER_PROJECT_FILE,REVIEWED_EXCLUDE_OR_REPLACED,Accounted for in audit and omitted unless required by the new marketplace plugin.
CONCEPT/concept_library/parallax_scroll/preview.html,1744,a1486dcf927dfc3fe919479483a90e9f7f972d571c4a658d991557ddefe3f229,.html,47,OTHER_PROJECT_FILE,REVIEWED_EXCLUDE_OR_REPLACED,Accounted for in audit and omitted unless required by the new marketplace plugin.
CONCEPT/concept_library/parallax_scroll/tokens.json,1212,a2ca9bb5be0eb2bbc847a148ab6743815c347cdb0a37175140f9f3ee470b7140,.json,56,OTHER_PROJECT_FILE,REVIEWED_EXCLUDE_OR_REPLACED,Accounted for in audit and omitted unless required by the new marketplace plugin.
CONCEPT/concept_library/placeholder__/manifest.json,206,e7a01b2f3799a1a2a88b0636be3b4994baeab01a76d8f022b791b861219ac30c,.json,9,OTHER_PROJECT_FILE,REVIEWED_EXCLUDE_OR_REPLACED,Accounted for in audit and omitted unless required by the new marketplace plugin.
CONCEPT/concept_library/placeholder__/preview.html,1542,f53712be3055fb1866fb24161da18574345dd0face91dbf9e5ceb7f920a26abf,.html,47,OTHER_PROJECT_FILE,REVIEWED_EXCLUDE_OR_REPLACED,Accounted for in audit and omitted unless required by the new marketplace plugin.
CONCEPT/concept_library/placeholder__/tokens.json,1212,a2ca9bb5be0eb2bbc847a148ab6743815c347cdb0a37175140f9f3ee470b7140,.json,56,OTHER_PROJECT_FILE,REVIEWED_EXCLUDE_OR_REPLACED,Accounted for in audit and omitted unless required by the new marketplace plugin.
CONCEPT/concept_library/responsive_design/manifest.json,209,29f54dbeb88a55129c70319866e6dc5c95fb0100cf5de0bebaf0f45ac40a3579,.json,9,OTHER_PROJECT_FILE,REVIEWED_EXCLUDE_OR_REPLACED,Accounted for in audit and omitted unless required by the new marketplace plugin.
CONCEPT/concept_library/responsive_design/preview.html,1649,9c04393cdb5a636b45cae506b3b905d9ac1291583631fb24cbf46651b3ed0716,.html,47,OTHER_PROJECT_FILE,REVIEWED_EXCLUDE_OR_REPLACED,Accounted for in audit and omitted unless required by the new marketplace plugin.
CONCEPT/concept_library/responsive_design/tokens.json,1212,a2ca9bb5be0eb2bbc847a148ab6743815c347cdb0a37175140f9f3ee470b7140,.json,56,OTHER_PROJECT_FILE,REVIEWED_EXCLUDE_OR_REPLACED,Accounted for in audit and omitted unless required by the new marketplace plugin.
CONCEPT/concept_library/retro_synthwave/manifest.json,273,f6cbc00b38f049441f9b4b3c060fcc17492fcf0696bce22ab5849b29de9c8cef,.json,6,OTHER_PROJECT_FILE,REVIEWED_EXCLUDE_OR_REPLACED,Accounted for in audit and omitted unless required by the new marketplace plugin.
CONCEPT/concept_library/retro_synthwave/preview.html,5315,e01c16bd6fceb01bc15cb3ab1fb9ada184d94b239aecaf26adb2b26db7d87b67,.html,52,OTHER_PROJECT_FILE,REVIEWED_EXCLUDE_OR_REPLACED,Accounted for in audit and omitted unless required by the new marketplace plugin.
CONCEPT/concept_library/retro_synthwave/tokens.json,1895,2dae8266670ed146221ed1f42d048d4a3d167d0e4bbefa9bac754d7e15313ba6,.json,32,OTHER_PROJECT_FILE,REVIEWED_EXCLUDE_OR_REPLACED,Accounted for in audit and omitted unless required by the new marketplace plugin.
CONCEPT/concept_library/rich_animation/manifest.json,185,97e4bbba2f8f1fddae5dae5dd4609d6f63fc8fb20a5852477ab7a045de4aa80b,.json,9,OTHER_PROJECT_FILE,REVIEWED_EXCLUDE_OR_REPLACED,Accounted for in audit and omitted unless required by the new marketplace plugin.
CONCEPT/concept_library/rich_animation/preview.html,1621,a5d5bdb0db1abe6e5c0806d99c43513a076e319b9d1d591d926e9feb1b348ac9,.html,47,OTHER_PROJECT_FILE,REVIEWED_EXCLUDE_OR_REPLACED,Accounted for in audit and omitted unless required by the new marketplace plugin.
CONCEPT/concept_library/rich_animation/tokens.json,1212,a2ca9bb5be0eb2bbc847a148ab6743815c347cdb0a37175140f9f3ee470b7140,.json,56,OTHER_PROJECT_FILE,REVIEWED_EXCLUDE_OR_REPLACED,Accounted for in audit and omitted unless required by the new marketplace plugin.
CONCEPT/concept_library/scrim___dim/manifest.json,189,8bae361fa9b9a6fb4b5a7a56f4ed1330415c7a6842962c528d0ff53f902fe100,.json,9,OTHER_PROJECT_FILE,REVIEWED_EXCLUDE_OR_REPLACED,Accounted for in audit and omitted unless required by the new marketplace plugin.
CONCEPT/concept_library/scrim___dim/preview.html,1751,846431f6206ecf3c66009dba2e967d3777aa4eba89888d938b22a2e00c33e4dc,.html,47,OTHER_PROJECT_FILE,REVIEWED_EXCLUDE_OR_REPLACED,Accounted for in audit and omitted unless required by the new marketplace plugin.
CONCEPT/concept_library/scrim___dim/tokens.json,1212,a2ca9bb5be0eb2bbc847a148ab6743815c347cdb0a37175140f9f3ee470b7140,.json,56,OTHER_PROJECT_FILE,REVIEWED_EXCLUDE_OR_REPLACED,Accounted for in audit and omitted unless required by the new marketplace plugin.
CONCEPT/concept_library/snackbar___toast/manifest.json,207,d8962acff9b7e9dead2ca94e8308360d8585240386838b324c189f9bedc3d4ec,.json,9,OTHER_PROJECT_FILE,REVIEWED_EXCLUDE_OR_REPLACED,Accounted for in audit and omitted unless required by the new marketplace plugin.
CONCEPT/concept_library/snackbar___toast/preview.html,1817,b6b227d0de4cb854d11b84f022b40606fdb7e016d037c372122300d20150e96c,.html,47,OTHER_PROJECT_FILE,REVIEWED_EXCLUDE_OR_REPLACED,Accounted for in audit and omitted unless required by the new marketplace plugin.
CONCEPT/concept_library/snackbar___toast/tokens.json,1212,a2ca9bb5be0eb2bbc847a148ab6743815c347cdb0a37175140f9f3ee470b7140,.json,56,OTHER_PROJECT_FILE,REVIEWED_EXCLUDE_OR_REPLACED,Accounted for in audit and omitted unless required by the new marketplace plugin.
CONCEPT/concept_library/soft_pastel_tech/manifest.json,301,64d44e177293b1c2017c7cdd542918270870279c3274a95838485d6804d3928e,.json,6,OTHER_PROJECT_FILE,REVIEWED_EXCLUDE_OR_REPLACED,Accounted for in audit and omitted unless required by the new marketplace plugin.
CONCEPT/concept_library/soft_pastel_tech/preview.html,4188,46deb5d0037df1b84541b255ad9d0fbc60884ff419eb3971be07a66feaa78390,.html,58,OTHER_PROJECT_FILE,REVIEWED_EXCLUDE_OR_REPLACED,Accounted for in audit and omitted unless required by the new marketplace plugin.
CONCEPT/concept_library/soft_pastel_tech/tokens.json,1443,14008503b91c1aecddb95d1c1574916a29ac42904315cdcc160bd16570bcd4f9,.json,30,OTHER_PROJECT_FILE,REVIEWED_EXCLUDE_OR_REPLACED,Accounted for in audit and omitted unless required by the new marketplace plugin.
CONCEPT/concept_library/spinner_control__/manifest.json,203,fc368c8dc6e86de479a737000a7e5fc24a3859382d657a9863dda1d14249c232,.json,9,OTHER_PROJECT_FILE,REVIEWED_EXCLUDE_OR_REPLACED,Accounted for in audit and omitted unless required by the new marketplace plugin.
CONCEPT/concept_library/spinner_control__/preview.html,1831,de18c410149c6fd3659aa375eeaa8434450e166ee0daf16db759b79171a6179d,.html,47,OTHER_PROJECT_FILE,REVIEWED_EXCLUDE_OR_REPLACED,Accounted for in audit and omitted unless required by the new marketplace plugin.
CONCEPT/concept_library/spinner_control__/tokens.json,1212,a2ca9bb5be0eb2bbc847a148ab6743815c347cdb0a37175140f9f3ee470b7140,.json,56,OTHER_PROJECT_FILE,REVIEWED_EXCLUDE_OR_REPLACED,Accounted for in audit and omitted unless required by the new marketplace plugin.
CONCEPT/concept_library/splash_screen__/manifest.json,209,20bfdc17346f4de0ec861404cadd8f6545369a25f628f2c20446445d4807e847,.json,9,OTHER_PROJECT_FILE,REVIEWED_EXCLUDE_OR_REPLACED,Accounted for in audit and omitted unless required by the new marketplace plugin.
CONCEPT/concept_library/splash_screen__/preview.html,1757,5158a6a3bffd8f2875d7521772c76ad87d5712b84f7acd80c712dad3901b16e9,.html,47,OTHER_PROJECT_FILE,REVIEWED_EXCLUDE_OR_REPLACED,Accounted for in audit and omitted unless required by the new marketplace plugin.
CONCEPT/concept_library/splash_screen__/tokens.json,1212,a2ca9bb5be0eb2bbc847a148ab6743815c347cdb0a37175140f9f3ee470b7140,.json,56,OTHER_PROJECT_FILE,REVIEWED_EXCLUDE_OR_REPLACED,Accounted for in audit and omitted unless required by the new marketplace plugin.
CONCEPT/concept_library/spring_board/manifest.json,187,0600cd6be7aaf7dfade4efa6e4da066b36b9939f33f930937afab9fc07625296,.json,9,OTHER_PROJECT_FILE,REVIEWED_EXCLUDE_OR_REPLACED,Accounted for in audit and omitted unless required by the new marketplace plugin.
CONCEPT/concept_library/spring_board/preview.html,1955,17f4477a5c74254fb4cb1404bb557033c4b5c82e4aef5a208e6835d71828182b,.html,47,OTHER_PROJECT_FILE,REVIEWED_EXCLUDE_OR_REPLACED,Accounted for in audit and omitted unless required by the new marketplace plugin.
CONCEPT/concept_library/spring_board/tokens.json,1212,a2ca9bb5be0eb2bbc847a148ab6743815c347cdb0a37175140f9f3ee470b7140,.json,56,OTHER_PROJECT_FILE,REVIEWED_EXCLUDE_OR_REPLACED,Accounted for in audit and omitted unless required by the new marketplace plugin.
CONCEPT/concept_library/stack_ui/manifest.json,186,fe51daa7248e9f7a35614ec8ca6be77669d36a2420d37938beae9b896c59b10d,.json,9,OTHER_PROJECT_FILE,REVIEWED_EXCLUDE_OR_REPLACED,Accounted for in audit and omitted unless required by the new marketplace plugin.
CONCEPT/concept_library/stack_ui/preview.html,1919,b917f390472ddc8e19b1da6c6f36c0837242b228bcd0145060fd5f76e8786767,.html,47,OTHER_PROJECT_FILE,REVIEWED_EXCLUDE_OR_REPLACED,Accounted for in audit and omitted unless required by the new marketplace plugin.
CONCEPT/concept_library/stack_ui/tokens.json,1212,a2ca9bb5be0eb2bbc847a148ab6743815c347cdb0a37175140f9f3ee470b7140,.json,56,OTHER_PROJECT_FILE,REVIEWED_EXCLUDE_OR_REPLACED,Accounted for in audit and omitted unless required by the new marketplace plugin.
CONCEPT/concept_library/stepper_/manifest.json,199,b5a2e9997cffe7baa6de8e57b5f5835801740d4f20db9b710eee69fd7750c28b,.json,9,OTHER_PROJECT_FILE,REVIEWED_EXCLUDE_OR_REPLACED,Accounted for in audit and omitted unless required by the new marketplace plugin.
CONCEPT/concept_library/stepper_/preview.html,2092,248b0983e2174d9f32b03b9b9e9e399f490e55cc5eb0aa61b7d63e6807960b7a,.html,47,OTHER_PROJECT_FILE,REVIEWED_EXCLUDE_OR_REPLACED,Accounted for in audit and omitted unless required by the new marketplace plugin.
CONCEPT/concept_library/stepper_/tokens.json,1212,a2ca9bb5be0eb2bbc847a148ab6743815c347cdb0a37175140f9f3ee470b7140,.json,56,OTHER_PROJECT_FILE,REVIEWED_EXCLUDE_OR_REPLACED,Accounted for in audit and omitted unless required by the new marketplace plugin.
CONCEPT/concept_library/tab_bar_menu/manifest.json,178,e5e88aa72fca739070f7ece806b72e6e5ab699c01b1d2aa579748f0d40a9bc6b,.json,9,OTHER_PROJECT_FILE,REVIEWED_EXCLUDE_OR_REPLACED,Accounted for in audit and omitted unless required by the new marketplace plugin.
CONCEPT/concept_library/tab_bar_menu/preview.html,1681,9e431cfbae1d55a0d63f8b40edac71a7a5c250c978bad97d938c0ca4371114a2,.html,47,OTHER_PROJECT_FILE,REVIEWED_EXCLUDE_OR_REPLACED,Accounted for in audit and omitted unless required by the new marketplace plugin.
CONCEPT/concept_library/tab_bar_menu/tokens.json,1212,a2ca9bb5be0eb2bbc847a148ab6743815c347cdb0a37175140f9f3ee470b7140,.json,56,OTHER_PROJECT_FILE,REVIEWED_EXCLUDE_OR_REPLACED,Accounted for in audit and omitted unless required by the new marketplace plugin.
CONCEPT/concept_library/timeline/manifest.json,175,1fd951bbc4055c5b8ec5d4e5adc1b3f96c87ca9e1446d55a22f41143058f7961,.json,9,OTHER_PROJECT_FILE,REVIEWED_EXCLUDE_OR_REPLACED,Accounted for in audit and omitted unless required by the new marketplace plugin.
CONCEPT/concept_library/timeline/preview.html,2027,3f02124481f9860993efe631d52ed0d7e23ec167b5033856fec50e09377ce77d,.html,47,OTHER_PROJECT_FILE,REVIEWED_EXCLUDE_OR_REPLACED,Accounted for in audit and omitted unless required by the new marketplace plugin.
CONCEPT/concept_library/timeline/tokens.json,1212,a2ca9bb5be0eb2bbc847a148ab6743815c347cdb0a37175140f9f3ee470b7140,.json,56,OTHER_PROJECT_FILE,REVIEWED_EXCLUDE_OR_REPLACED,Accounted for in audit and omitted unless required by the new marketplace plugin.
CONCEPT/concept_library/tooltip_/manifest.json,188,76f50e6aece10607c14d4e04e517edccbe55bbfa6a320ddab62aa95c54bbb2d3,.json,9,OTHER_PROJECT_FILE,REVIEWED_EXCLUDE_OR_REPLACED,Accounted for in audit and omitted unless required by the new marketplace plugin.
CONCEPT/concept_library/tooltip_/preview.html,1986,86aaaa3dac13f5dc49bf839b8d23156b867f4b1b1e1a34e834382a5c86364aec,.html,47,OTHER_PROJECT_FILE,REVIEWED_EXCLUDE_OR_REPLACED,Accounted for in audit and omitted unless required by the new marketplace plugin.
CONCEPT/concept_library/tooltip_/tokens.json,1212,a2ca9bb5be0eb2bbc847a148ab6743815c347cdb0a37175140f9f3ee470b7140,.json,56,OTHER_PROJECT_FILE,REVIEWED_EXCLUDE_OR_REPLACED,Accounted for in audit and omitted unless required by the new marketplace plugin.
CONCEPT/concept_library/tweening/manifest.json,185,730c94943631507151c989a3cbec7620401fa52e17f677140edc82e1b7c93a7e,.json,9,OTHER_PROJECT_FILE,REVIEWED_EXCLUDE_OR_REPLACED,Accounted for in audit and omitted unless required by the new marketplace plugin.
CONCEPT/concept_library/tweening/preview.html,1627,5c01af9ae438020b049b071bbe9c8d1fef94e762b980697fd3897081e88eafdd,.html,47,OTHER_PROJECT_FILE,REVIEWED_EXCLUDE_OR_REPLACED,Accounted for in audit and omitted unless required by the new marketplace plugin.
CONCEPT/concept_library/tweening/tokens.json,1212,a2ca9bb5be0eb2bbc847a148ab6743815c347cdb0a37175140f9f3ee470b7140,.json,56,OTHER_PROJECT_FILE,REVIEWED_EXCLUDE_OR_REPLACED,Accounted for in audit and omitted unless required by the new marketplace plugin.
CONCEPT/concept_library/visualization/manifest.json,191,a9fcdfea813280b8d0088591116566eb38b30c65957a0ad4f6ca765ac32b72cc,.json,9,OTHER_PROJECT_FILE,REVIEWED_EXCLUDE_OR_REPLACED,Accounted for in audit and omitted unless required by the new marketplace plugin.
CONCEPT/concept_library/visualization/preview.html,1709,79d307ba39f0eb9cf9a2716463f71e08d4fff07b1c65811d62dd3509e659438f,.html,47,OTHER_PROJECT_FILE,REVIEWED_EXCLUDE_OR_REPLACED,Accounted for in audit and omitted unless required by the new marketplace plugin.
CONCEPT/concept_library/visualization/tokens.json,1212,a2ca9bb5be0eb2bbc847a148ab6743815c347cdb0a37175140f9f3ee470b7140,.json,56,OTHER_PROJECT_FILE,REVIEWED_EXCLUDE_OR_REPLACED,Accounted for in audit and omitted unless required by the new marketplace plugin.
CONCEPT/concept_library/walkthrough/manifest.json,196,9458e4f1df0eecbf33b3b935a177d652901580a5c2c0653c1300a2093885e218,.json,9,OTHER_PROJECT_FILE,REVIEWED_EXCLUDE_OR_REPLACED,Accounted for in audit and omitted unless required by the new marketplace plugin.
CONCEPT/concept_library/walkthrough/preview.html,1764,39144cc11437f6c9c2f4d55bf4b9ba59b2fa376aa2149c56863184e35ab4e18f,.html,47,OTHER_PROJECT_FILE,REVIEWED_EXCLUDE_OR_REPLACED,Accounted for in audit and omitted unless required by the new marketplace plugin.
CONCEPT/concept_library/walkthrough/tokens.json,1212,a2ca9bb5be0eb2bbc847a148ab6743815c347cdb0a37175140f9f3ee470b7140,.json,56,OTHER_PROJECT_FILE,REVIEWED_EXCLUDE_OR_REPLACED,Accounted for in audit and omitted unless required by the new marketplace plugin.
CONCEPT/concept_library/walkthrough_and_onboarding/manifest.json,234,e11c8d270227ee1b8c06273a658ca2f7d5e68110febbace577ee046dc00d739d,.json,9,OTHER_PROJECT_FILE,REVIEWED_EXCLUDE_OR_REPLACED,Accounted for in audit and omitted unless required by the new marketplace plugin.
CONCEPT/concept_library/walkthrough_and_onboarding/preview.html,2081,ac396a3b7beb579aedc8331b0416f9c86d1ee70584ae2413bf4aed29c8237c26,.html,47,OTHER_PROJECT_FILE,REVIEWED_EXCLUDE_OR_REPLACED,Accounted for in audit and omitted unless required by the new marketplace plugin.
CONCEPT/concept_library/walkthrough_and_onboarding/tokens.json,1212,a2ca9bb5be0eb2bbc847a148ab6743815c347cdb0a37175140f9f3ee470b7140,.json,56,OTHER_PROJECT_FILE,REVIEWED_EXCLUDE_OR_REPLACED,Accounted for in audit and omitted unless required by the new marketplace plugin.
CONCEPT/template_concept/app_concept/1mobile_suite/accounts_screen.html,14870,b051bbaec975fc2c999563ed0f01dad0df8709ec5d3d79dd0679ada5015187db,.html,255,OTHER_PROJECT_FILE,REVIEWED_EXCLUDE_OR_REPLACED,Accounted for in audit and omitted unless required by the new marketplace plugin.
CONCEPT/template_concept/app_concept/1mobile_suite/card_management.html,20739,01991f42aa745af44e96a3fd1d417ba5b9ca1736d67dd523f598768c295124f3,.html,374,OTHER_PROJECT_FILE,REVIEWED_EXCLUDE_OR_REPLACED,Accounted for in audit and omitted unless required by the new marketplace plugin.
CONCEPT/template_concept/app_concept/1mobile_suite/DESIGN.md,8322,4436658527ef39fd5defa36f0a30d3a954eca0c19155c2b6913b795088d8f253,.md,185,OTHER_PROJECT_FILE,REVIEWED_EXCLUDE_OR_REPLACED,Accounted for in audit and omitted unless required by the new marketplace plugin.
CONCEPT/template_concept/app_concept/1mobile_suite/home_screen.html,14783,91930f18c9590ed6a8e6259d320a0289bf75ce2982725dc60573c7935a483448,.html,257,OTHER_PROJECT_FILE,REVIEWED_EXCLUDE_OR_REPLACED,Accounted for in audit and omitted unless required by the new marketplace plugin.
CONCEPT/template_concept/app_concept/1mobile_suite/notifications_center.html,13447,5aec5f844670940d9032bade6c63ec8fe93da010e33532e7422183d13654fb64,.html,224,OTHER_PROJECT_FILE,REVIEWED_EXCLUDE_OR_REPLACED,Accounted for in audit and omitted unless required by the new marketplace plugin.
CONCEPT/template_concept/app_concept/1mobile_suite/open_new_account.html,15056,6ca9e9a6f486f27964e979aaa69327036a4b4f9ae930b63176ae1cc4dd952e82,.html,264,OTHER_PROJECT_FILE,REVIEWED_EXCLUDE_OR_REPLACED,Accounted for in audit and omitted unless required by the new marketplace plugin.
CONCEPT/template_concept/app_concept/1mobile_suite/settings_screen.html,16282,7acc793db8c5bfe0c8c32f7bb34032271118a2fa4a6a5cc001d2197974a15977,.html,276,OTHER_PROJECT_FILE,REVIEWED_EXCLUDE_OR_REPLACED,Accounted for in audit and omitted unless required by the new marketplace plugin.
CONCEPT/template_concept/app_concept/1mobile_suite/transaction_detail.html,13568,9c8162d336b03bbcf1dc4df5ac937fdce4015806089e86fde889e27ca7202dab,.html,231,OTHER_PROJECT_FILE,REVIEWED_EXCLUDE_OR_REPLACED,Accounted for in audit and omitted unless required by the new marketplace plugin.
CONCEPT/template_concept/app_concept/1mobile_suite/transaction_history.html,19872,955ca10300a605f2c4bb1fcc1bc8df64347e11aa9afa1b5b9e5dc7f9d77f9ea1,.html,375,OTHER_PROJECT_FILE,REVIEWED_EXCLUDE_OR_REPLACED,Accounted for in audit and omitted unless required by the new marketplace plugin.
CONCEPT/template_concept/app_concept/1mobile_suite/transfer_screen.html,18092,91442bbea9b3fea4f1e1677522e97e2c1045697c19032a3b36abfa500c05ada1,.html,251,OTHER_PROJECT_FILE,REVIEWED_EXCLUDE_OR_REPLACED,Accounted for in audit and omitted unless required by the new marketplace plugin.
CONCEPT/template_concept/app_concept/2mobile_suite/delivery_tracking_screen.html,7463,8b3b2fd9b092c4cfe78904f344eacfd7637794cf9323708964feff8ff7b556f9,.html,144,OTHER_PROJECT_FILE,REVIEWED_EXCLUDE_OR_REPLACED,Accounted for in audit and omitted unless required by the new marketplace plugin.
CONCEPT/template_concept/app_concept/2mobile_suite/DESIGN.md,7195,ec7bc981741215b482fc1b582c3807a0645a3d92ecc233a66c3a7c6120d3e6bc,.md,173,OTHER_PROJECT_FILE,REVIEWED_EXCLUDE_OR_REPLACED,Accounted for in audit and omitted unless required by the new marketplace plugin.
CONCEPT/template_concept/app_concept/2mobile_suite/home_screen.html,16396,945e75f7480c125663c5561462093aea2a9f9b55b90bc34e29a234bc9be36fdb,.html,266,OTHER_PROJECT_FILE,REVIEWED_EXCLUDE_OR_REPLACED,Accounted for in audit and omitted unless required by the new marketplace plugin.
CONCEPT/template_concept/app_concept/2mobile_suite/onboarding_screen.html,7513,a6e4240384ded7fb2e310178184adb97b01d63ed2ac6acdbe24318348f29c9d4,.html,145,OTHER_PROJECT_FILE,REVIEWED_EXCLUDE_OR_REPLACED,Accounted for in audit and omitted unless required by the new marketplace plugin.
CONCEPT/template_concept/app_concept/2mobile_suite/order_review_screen.html,9042,3e8600017be2c52bc20cc0d2509cf08f5c72c2751d13a9fd352598ac0b4214e8,.html,175,OTHER_PROJECT_FILE,REVIEWED_EXCLUDE_OR_REPLACED,Accounted for in audit and omitted unless required by the new marketplace plugin.
CONCEPT/template_concept/app_concept/2mobile_suite/product_detail_screen.html,5053,bf203f87a506ac5237bc914750f27dae3aebf43e41e5b6b47af642a6bbd98a60,.html,117,OTHER_PROJECT_FILE,REVIEWED_EXCLUDE_OR_REPLACED,Accounted for in audit and omitted unless required by the new marketplace plugin.
CONCEPT/template_concept/app_concept/3mobile_suite/cart_screen.html,13498,9ee938c20379f0150a15d05a30dae50c3e4710441b13ea742834ba1d50bbe3c0,.html,233,OTHER_PROJECT_FILE,REVIEWED_EXCLUDE_OR_REPLACED,Accounted for in audit and omitted unless required by the new marketplace plugin.
CONCEPT/template_concept/app_concept/3mobile_suite/dashboard_statistics.html,19610,77b8eb801b5670328840ef529bc9537bd09870da6fbf1dfbf8b824bab9890ee1,.html,300,OTHER_PROJECT_FILE,REVIEWED_EXCLUDE_OR_REPLACED,Accounted for in audit and omitted unless required by the new marketplace plugin.
CONCEPT/template_concept/app_concept/3mobile_suite/DESIGN.md,7148,fe255cb88cde430e4c77eb8033a18b517e865505a6be35a87f2217ac48048288,.md,181,OTHER_PROJECT_FILE,REVIEWED_EXCLUDE_OR_REPLACED,Accounted for in audit and omitted unless required by the new marketplace plugin.
CONCEPT/template_concept/app_concept/3mobile_suite/home_screen.html,14151,fcc9c15b9ed07c48e069bb527f6f5d06e4b5a0196393dd2eba2dbc3f9de88069,.html,247,OTHER_PROJECT_FILE,REVIEWED_EXCLUDE_OR_REPLACED,Accounted for in audit and omitted unless required by the new marketplace plugin.
CONCEPT/template_concept/app_concept/3mobile_suite/order_tracking.html,10029,e93cb3ff5ddce3a89de4bb1565bae57a9eaacc18385e3b479e8282f39d4e8e32,.html,175,OTHER_PROJECT_FILE,REVIEWED_EXCLUDE_OR_REPLACED,Accounted for in audit and omitted unless required by the new marketplace plugin.
CONCEPT/template_concept/app_concept/3mobile_suite/restaurant_view.html,18394,8a1148833d97727363c5fa2529b24ff62287b0271a6a6ec3802852d9df04895e,.html,258,OTHER_PROJECT_FILE,REVIEWED_EXCLUDE_OR_REPLACED,Accounted for in audit and omitted unless required by the new marketplace plugin.
CONCEPT/template_concept/app_concept/3mobile_suite/sign_up_screen.html,11875,d14c003c0811073cf8c02cb850177d2cacfdffb99802f82688c3904acac4d11a,.html,234,OTHER_PROJECT_FILE,REVIEWED_EXCLUDE_OR_REPLACED,Accounted for in audit and omitted unless required by the new marketplace plugin.
CONCEPT/template_concept/web_concept/1web_multi_page_html_site/component_library.html,15527,6966a2af52b15f1dee2d490ecf40c78f1b7417bd38a4fffd82c23e3a913fd38b,.html,300,OTHER_PROJECT_FILE,REVIEWED_EXCLUDE_OR_REPLACED,Accounted for in audit and omitted unless required by the new marketplace plugin.
CONCEPT/template_concept/web_concept/1web_multi_page_html_site/DESIGN.md,7181,7106bebf7442476279a978f4009e1c95c3f443ac1e9a4b4c655bc4133b581323,.md,180,OTHER_PROJECT_FILE,REVIEWED_EXCLUDE_OR_REPLACED,Accounted for in audit and omitted unless required by the new marketplace plugin.
CONCEPT/template_concept/web_concept/1web_multi_page_html_site/help_support.html,17577,d07f2a0c2e32cc735cf0bad150aa4f3e7fcc504429b4bac4b624df6af042586d,.html,284,OTHER_PROJECT_FILE,REVIEWED_EXCLUDE_OR_REPLACED,Accounted for in audit and omitted unless required by the new marketplace plugin.
CONCEPT/template_concept/web_concept/1web_multi_page_html_site/home_dashboard.html,23190,e7497224c6656a52a2512b59b2868b1f070d32df142190ac1bd178fa57d762d2,.html,391,OTHER_PROJECT_FILE,REVIEWED_EXCLUDE_OR_REPLACED,Accounted for in audit and omitted unless required by the new marketplace plugin.
CONCEPT/template_concept/web_concept/1web_multi_page_html_site/login.html,13042,1570ea409bb62f16730f3310b51175fea2f860b483371994370677807afff0cc,.html,257,OTHER_PROJECT_FILE,REVIEWED_EXCLUDE_OR_REPLACED,Accounted for in audit and omitted unless required by the new marketplace plugin.
CONCEPT/template_concept/web_concept/1web_multi_page_html_site/my_assets.html,22813,19fe50a72927b87cc297eda2cda88efd9f45b863bd72e0090be400a0db32d98b,.html,436,OTHER_PROJECT_FILE,REVIEWED_EXCLUDE_OR_REPLACED,Accounted for in audit and omitted unless required by the new marketplace plugin.
CONCEPT/template_concept/web_concept/1web_multi_page_html_site/secure_pin_access.html,11974,b96729a8ef5617a3ae45d3cef42d41e879fd9e4af4dc4a8b49b8b511a1fc30f9,.html,218,OTHER_PROJECT_FILE,REVIEWED_EXCLUDE_OR_REPLACED,Accounted for in audit and omitted unless required by the new marketplace plugin.
CONCEPT/template_concept/web_concept/1web_multi_page_html_site/transaction_history.html,14779,11d9a533e070a0b2599c910d63c52e9d9d680122426c91ab30e445d3b798de8e,.html,256,OTHER_PROJECT_FILE,REVIEWED_EXCLUDE_OR_REPLACED,Accounted for in audit and omitted unless required by the new marketplace plugin.
CONCEPT/template_concept/web_concept/1web_multi_page_html_site/transfer_money.html,15869,0777922d26a954639f882bd888a042923f3579d3ebddd9166f25db8a90a21d03,.html,245,OTHER_PROJECT_FILE,REVIEWED_EXCLUDE_OR_REPLACED,Accounted for in audit and omitted unless required by the new marketplace plugin.
config/default.json,311,3de3ac56c11b8cd9354f8d5809530561a5c98c684febbe2184546c492e74f5a8,.json,15,LEGACY_PROMPT_CONFIG,REPLACE,Prompt-heavy contracts are replaced by JSON artifacts and executable validators.
config/stages.json,21882,7aeebc1ae2ac1078d295f85ae942d2ed744fbdeffd81ce8c8960253da185831f,.json,132,LEGACY_PROMPT_CONFIG,REPLACE,Prompt-heavy contracts are replaced by JSON artifacts and executable validators.
config/translations.json,4803,b28892e7e8eb1650f269015e0db6028b301c22879d6216cc2c870578515daef7,.json,154,LEGACY_PROMPT_CONFIG,REPLACE,Prompt-heavy contracts are replaced by JSON artifacts and executable validators.
data/analysis/todolist/index.html,18295,5030b5aa4b8919b34e59c10a0268d110a7d124aa53ff9be8316e8bf72eb140a4,.html,684,RUNTIME_USER_DATA,EXCLUDE_SENSITIVE,"Prior project states, prompts, logs, checkpoints, and user data must not enter a public plugin."
data/analysis/todolist/README.md,325,01e23f09b962e3f12068ef483da5100c8a58573ab5d76f6d61a0b67aa6b3ab61,.md,16,RUNTIME_USER_DATA,EXCLUDE_SENSITIVE,"Prior project states, prompts, logs, checkpoints, and user data must not enter a public plugin."
data/checkpoints/1dede44e-dcf5-496e-a0c1-7d0368fa56b1/checkpoint_analyze_iter1.json,477,8fb8f18ce8ea2c72124111324bcafe9506fd5ff4e833dbabf765bdcf14e6e467,.json,17,RUNTIME_USER_DATA,EXCLUDE_SENSITIVE,"Prior project states, prompts, logs, checkpoints, and user data must not enter a public plugin."
data/checkpoints/1dede44e-dcf5-496e-a0c1-7d0368fa56b1/checkpoint_analyze_iter1.json.last-good.bak,338,a4d70ac766fe4f852a547167f11c6ffe941cfba7e712b0a8209d48612da5756b,.bak,14,RUNTIME_USER_DATA,EXCLUDE_SENSITIVE,"Prior project states, prompts, logs, checkpoints, and user data must not enter a public plugin."
data/checkpoints/1dede44e-dcf5-496e-a0c1-7d0368fa56b1/index.json,492,cef4d28d32d8fd477ca8a52cb05fb5bf8d5a54b782f50c904afafe8a68b9d811,.json,20,RUNTIME_USER_DATA,EXCLUDE_SENSITIVE,"Prior project states, prompts, logs, checkpoints, and user data must not enter a public plugin."
data/checkpoints/1dede44e-dcf5-496e-a0c1-7d0368fa56b1/index.json.last-good.bak,309,99e77ec08e679e58e89caa0c7bf90dc17508c3844c4eb2067e391699e0b97751,.bak,13,RUNTIME_USER_DATA,EXCLUDE_SENSITIVE,"Prior project states, prompts, logs, checkpoints, and user data must not enter a public plugin."
data/checkpoints/209ffd3e-cedb-4314-bbc8-b7a589092876/checkpoint_analyze_iter1.json,471,435c7f98078ea3ae0e3865d82dd3d09a4ddfb0a70ad1315195889df914645d52,.json,17,RUNTIME_USER_DATA,EXCLUDE_SENSITIVE,"Prior project states, prompts, logs, checkpoints, and user data must not enter a public plugin."
data/checkpoints/209ffd3e-cedb-4314-bbc8-b7a589092876/checkpoint_analyze_iter1.json.last-good.bak,338,5fd54f9763a017c84a0910e6c6cd7ff6809d7654bf6aa9ca19f57ce6984c82f7,.bak,14,RUNTIME_USER_DATA,EXCLUDE_SENSITIVE,"Prior project states, prompts, logs, checkpoints, and user data must not enter a public plugin."
data/checkpoints/209ffd3e-cedb-4314-bbc8-b7a589092876/index.json,492,4a6cfc2ed33c676ca3ed7da0ea5e4855238049e16c60bdc7b79ce58c38b98093,.json,20,RUNTIME_USER_DATA,EXCLUDE_SENSITIVE,"Prior project states, prompts, logs, checkpoints, and user data must not enter a public plugin."
data/checkpoints/209ffd3e-cedb-4314-bbc8-b7a589092876/index.json.last-good.bak,309,ad5c0ac44c20b840aef0538195a1f10918aa7c66e8fb5af0a50d4f30632c7498,.bak,13,RUNTIME_USER_DATA,EXCLUDE_SENSITIVE,"Prior project states, prompts, logs, checkpoints, and user data must not enter a public plugin."
data/checkpoints/2309aec0-d40b-4c73-a692-3640549c4ffc/checkpoint_analyze_iter1.json,338,1481088fcd443746ea05a6360f5b7e8b695635e962827714ee9da391770b6495,.json,14,RUNTIME_USER_DATA,EXCLUDE_SENSITIVE,"Prior project states, prompts, logs, checkpoints, and user data must not enter a public plugin."
data/checkpoints/2309aec0-d40b-4c73-a692-3640549c4ffc/checkpoint_analyze_iter1.json.last-good.bak,545,3318f61b91579cf102c3d7c134fe0bfa35475ceff0342c3c2d6448c549be6044,.bak,17,RUNTIME_USER_DATA,EXCLUDE_SENSITIVE,"Prior project states, prompts, logs, checkpoints, and user data must not enter a public plugin."
data/checkpoints/2309aec0-d40b-4c73-a692-3640549c4ffc/index.json,492,2f2257739b6709c9fbf35284bef0307d6e599774a7e09d8b04eca036f32e647b,.json,20,RUNTIME_USER_DATA,EXCLUDE_SENSITIVE,"Prior project states, prompts, logs, checkpoints, and user data must not enter a public plugin."
data/checkpoints/2309aec0-d40b-4c73-a692-3640549c4ffc/index.json.last-good.bak,308,5a3639813c59bc98995cf5a3fe764f6f73038145e3c7d105a63cc6f1b88a8fc8,.bak,13,RUNTIME_USER_DATA,EXCLUDE_SENSITIVE,"Prior project states, prompts, logs, checkpoints, and user data must not enter a public plugin."
data/checkpoints/2b00018f-a2f9-4d91-89d2-ead4b8d6c0ff/checkpoint_analyze_iter1.json,471,505b2c390ab6ead19109cf45c8d4bf74c73c0549a0cc328fe9c0f98ea4a82edb,.json,17,RUNTIME_USER_DATA,EXCLUDE_SENSITIVE,"Prior project states, prompts, logs, checkpoints, and user data must not enter a public plugin."
data/checkpoints/2b00018f-a2f9-4d91-89d2-ead4b8d6c0ff/checkpoint_analyze_iter1.json.last-good.bak,338,72684dd0c92d1a63883b0baf67a616820ec8f79037e48c70282c7bb38ff7e357,.bak,14,RUNTIME_USER_DATA,EXCLUDE_SENSITIVE,"Prior project states, prompts, logs, checkpoints, and user data must not enter a public plugin."
data/checkpoints/2b00018f-a2f9-4d91-89d2-ead4b8d6c0ff/index.json,492,e1460e9f74d2d51398d73730ab919156cdc4a3ad839a1b2912df8ff1970f1674,.json,20,RUNTIME_USER_DATA,EXCLUDE_SENSITIVE,"Prior project states, prompts, logs, checkpoints, and user data must not enter a public plugin."
data/checkpoints/2b00018f-a2f9-4d91-89d2-ead4b8d6c0ff/index.json.last-good.bak,309,1d8bd01ce31f1e1a227c8031cccd8ec2c39420315dda0f64e7a073b4356493bd,.bak,13,RUNTIME_USER_DATA,EXCLUDE_SENSITIVE,"Prior project states, prompts, logs, checkpoints, and user data must not enter a public plugin."
data/checkpoints/2b9f83f6-48ab-44ed-b3b6-9a7c0c5b4baf/checkpoint_analyze_iter1.json,90222,60f5119c072e255a2b6a989a8ea42447a2fcf551aef5c482862049905513aabc,.json,1773,RUNTIME_USER_DATA,EXCLUDE_SENSITIVE,"Prior project states, prompts, logs, checkpoints, and user data must not enter a public plugin."
data/checkpoints/2b9f83f6-48ab-44ed-b3b6-9a7c0c5b4baf/checkpoint_design_iter1.json,162349,ef04648f5d768fccb2bbbd156404219a380f97a32b81bde7b85af9404cc100aa,.json,3465,RUNTIME_USER_DATA,EXCLUDE_SENSITIVE,"Prior project states, prompts, logs, checkpoints, and user data must not enter a public plugin."
data/checkpoints/2b9f83f6-48ab-44ed-b3b6-9a7c0c5b4baf/checkpoint_implement_iter1.json,217290,23de13a3826eac8af43c7d42cf6661d05d26f239346bafbfdee887ebfb6b85a0,.json,3954,RUNTIME_USER_DATA,EXCLUDE_SENSITIVE,"Prior project states, prompts, logs, checkpoints, and user data must not enter a public plugin."
data/checkpoints/2b9f83f6-48ab-44ed-b3b6-9a7c0c5b4baf/checkpoint_implement_iter2.json,4788,8ff8ec693f692fb67987234f51aed5866bbf1c6a165fb85adf4bdbba13a8d7dc,.json,48,RUNTIME_USER_DATA,EXCLUDE_SENSITIVE,"Prior project states, prompts, logs, checkpoints, and user data must not enter a public plugin."
data/checkpoints/2b9f83f6-48ab-44ed-b3b6-9a7c0c5b4baf/checkpoint_implement_iter2.json.last-good.bak,342,d233c35e1c53e877d01d06e9ffe9f2d80f8711258ace51bffa8e710e9b60b459,.bak,14,RUNTIME_USER_DATA,EXCLUDE_SENSITIVE,"Prior project states, prompts, logs, checkpoints, and user data must not enter a public plugin."
data/checkpoints/2b9f83f6-48ab-44ed-b3b6-9a7c0c5b4baf/checkpoint_learn_iter1.json,39478,1448b5e513acc4b1c5da9635cd41400e4a6f070cb7d83085754c40e42d0c2a50,.json,898,RUNTIME_USER_DATA,EXCLUDE_SENSITIVE,"Prior project states, prompts, logs, checkpoints, and user data must not enter a public plugin."
data/checkpoints/2b9f83f6-48ab-44ed-b3b6-9a7c0c5b4baf/checkpoint_repair_implement_iter1_attempt1.json,16872,73fa7d2be276cf26797e258facbe972cf28580e9ee16963dcdeeeb3bf96d4a70,.json,216,RUNTIME_USER_DATA,EXCLUDE_SENSITIVE,"Prior project states, prompts, logs, checkpoints, and user data must not enter a public plugin."
data/checkpoints/2b9f83f6-48ab-44ed-b3b6-9a7c0c5b4baf/checkpoint_repair_learn_iter1_attempt1.json,14702,ad3f05c426304e9bb225fbd8e9c1a436faeb04bdbe63a33e3fb7cb5144eb3dd1,.json,199,RUNTIME_USER_DATA,EXCLUDE_SENSITIVE,"Prior project states, prompts, logs, checkpoints, and user data must not enter a public plugin."
data/checkpoints/2b9f83f6-48ab-44ed-b3b6-9a7c0c5b4baf/checkpoint_review_iter1.json,55509,4ee825a5f75351f9661805c3183827f75b8cf9593a08ee58f410af1220e12147,.json,1152,RUNTIME_USER_DATA,EXCLUDE_SENSITIVE,"Prior project states, prompts, logs, checkpoints, and user data must not enter a public plugin."
data/checkpoints/2b9f83f6-48ab-44ed-b3b6-9a7c0c5b4baf/checkpoint_test_iter1.json,52941,219ec7769dd73a1bf2b917d031ba33a9a9c03f404b7f173256617f08feb55ad0,.json,1188,RUNTIME_USER_DATA,EXCLUDE_SENSITIVE,"Prior project states, prompts, logs, checkpoints, and user data must not enter a public plugin."
data/checkpoints/2b9f83f6-48ab-44ed-b3b6-9a7c0c5b4baf/index.json,2016,beba9e6f79ac2c79a0e0400d67ac63a0d4e20dd8809b5cfb13f381005cb0fc98,.json,76,RUNTIME_USER_DATA,EXCLUDE_SENSITIVE,"Prior project states, prompts, logs, checkpoints, and user data must not enter a public plugin."
data/checkpoints/2b9f83f6-48ab-44ed-b3b6-9a7c0c5b4baf/index.json.last-good.bak,1829,8da14055a0f11d99e513ef3792db32c6dd52f77ae053f2740e89a3a79eb0974d,.bak,69,RUNTIME_USER_DATA,EXCLUDE_SENSITIVE,"Prior project states, prompts, logs, checkpoints, and user data must not enter a public plugin."
data/checkpoints/2e3b4b27-6740-437b-af35-04efc377842b/checkpoint_analyze_iter1.json,65030,0f34b766135506fafda33acc3cd9ad5323eda41b99de0ea32e4c8594ce500600,.json,1314,RUNTIME_USER_DATA,EXCLUDE_SENSITIVE,"Prior project states, prompts, logs, checkpoints, and user data must not enter a public plugin."
data/checkpoints/2e3b4b27-6740-437b-af35-04efc377842b/checkpoint_design_iter1.json,80591,e1eeb426b179d7f36ae3f8de5b044102e535a591d6ea9861f19d52f8f2949339,.json,1659,RUNTIME_USER_DATA,EXCLUDE_SENSITIVE,"Prior project states, prompts, logs, checkpoints, and user data must not enter a public plugin."
data/checkpoints/2e3b4b27-6740-437b-af35-04efc377842b/checkpoint_design_iter1.json.last-good.bak,1261,96277c6b7461159a02c0acd6769a18b4fd86a21a5ecfa7f78341cd6f1b78db7d,.bak,23,RUNTIME_USER_DATA,EXCLUDE_SENSITIVE,"Prior project states, prompts, logs, checkpoints, and user data must not enter a public plugin."
data/checkpoints/2e3b4b27-6740-437b-af35-04efc377842b/checkpoint_implement_iter1.json,2044,e3635380026afe43bbd257b7920bacd05c7d7f56e7793230f22cebd23d7879d5,.json,28,RUNTIME_USER_DATA,EXCLUDE_SENSITIVE,"Prior project states, prompts, logs, checkpoints, and user data must not enter a public plugin."
data/checkpoints/2e3b4b27-6740-437b-af35-04efc377842b/checkpoint_implement_iter1.json.last-good.bak,2044,0d9b1e45d1fec602fdd23699358bb824ddd12e15274ead8e2c11327941f3d0ed,.bak,28,RUNTIME_USER_DATA,EXCLUDE_SENSITIVE,"Prior project states, prompts, logs, checkpoints, and user data must not enter a public plugin."
data/checkpoints/2e3b4b27-6740-437b-af35-04efc377842b/checkpoint_repair_design_iter1_attempt1.json,15732,b3e0da86feba7c51e0f524caaca35cbdd09830034c72b862702419c3e47ca578,.json,228,RUNTIME_USER_DATA,EXCLUDE_SENSITIVE,"Prior project states, prompts, logs, checkpoints, and user data must not enter a public plugin."
data/checkpoints/2e3b4b27-6740-437b-af35-04efc377842b/checkpoint_repair_design_iter1_attempt2.json,15777,82e6a8be17eb0b5c7b119dcf85f94f255956806e76eb50a9fd803c73536b95bd,.json,230,RUNTIME_USER_DATA,EXCLUDE_SENSITIVE,"Prior project states, prompts, logs, checkpoints, and user data must not enter a public plugin."
data/checkpoints/2e3b4b27-6740-437b-af35-04efc377842b/checkpoint_repair_design_iter1_attempt3.json,18815,62878cb8d0424ba4032b68dfdcb3fdb7bebf43e58362eeabe1044b646ec2bda8,.json,252,RUNTIME_USER_DATA,EXCLUDE_SENSITIVE,"Prior project states, prompts, logs, checkpoints, and user data must not enter a public plugin."
data/checkpoints/2e3b4b27-6740-437b-af35-04efc377842b/checkpoint_repair_implement_iter1_attempt1.json,21419,7b6147753f2f3fb3962bb28a9616791bba64c4adae6ab9450061bb89591a6081,.json,290,RUNTIME_USER_DATA,EXCLUDE_SENSITIVE,"Prior project states, prompts, logs, checkpoints, and user data must not enter a public plugin."
data/checkpoints/2e3b4b27-6740-437b-af35-04efc377842b/index.json,1649,8035f9262cefb63728430bd939d666232138ba36058e9cb97d30b95a33fa4f8d,.json,62,RUNTIME_USER_DATA,EXCLUDE_SENSITIVE,"Prior project states, prompts, logs, checkpoints, and user data must not enter a public plugin."
data/checkpoints/2e3b4b27-6740-437b-af35-04efc377842b/index.json.last-good.bak,1649,f626c64f91567043e4977080c8e9860d7fe3ded23c203ca5d87534db3a95a131,.bak,62,RUNTIME_USER_DATA,EXCLUDE_SENSITIVE,"Prior project states, prompts, logs, checkpoints, and user data must not enter a public plugin."
data/checkpoints/42aadd20-a49e-44ce-9733-dbfba470ff45/checkpoint_analyze_iter1.json,487,c9064395d74fede161f1c0706d006c488cb8c405bb7de61781d5d776cd2f7639,.json,17,RUNTIME_USER_DATA,EXCLUDE_SENSITIVE,"Prior project states, prompts, logs, checkpoints, and user data must not enter a public plugin."
data/checkpoints/42aadd20-a49e-44ce-9733-dbfba470ff45/checkpoint_analyze_iter1.json.last-good.bak,338,7a0857e663c11a385498cd3d72d026563dd16f69dcd15ea8b21791dfc86ca12f,.bak,14,RUNTIME_USER_DATA,EXCLUDE_SENSITIVE,"Prior project states, prompts, logs, checkpoints, and user data must not enter a public plugin."
data/checkpoints/42aadd20-a49e-44ce-9733-dbfba470ff45/index.json,502,d3f56bbf0dbf145d8097336688cd6dd10093cc77505b1b3f75c57e711755f860,.json,20,RUNTIME_USER_DATA,EXCLUDE_SENSITIVE,"Prior project states, prompts, logs, checkpoints, and user data must not enter a public plugin."
data/checkpoints/42aadd20-a49e-44ce-9733-dbfba470ff45/index.json.last-good.bak,309,5666f7178731581c80eb5a82aa994d2a498d45e559c198ceddabb89c3a9359e7,.bak,13,RUNTIME_USER_DATA,EXCLUDE_SENSITIVE,"Prior project states, prompts, logs, checkpoints, and user data must not enter a public plugin."
data/checkpoints/46926404-cd03-4ec5-af0b-ed0429392a1e/checkpoint_analyze_iter1.json,477,d5985a17773c5e815ed99ab50694ea2a47690b092896f375c0f06092882f7194,.json,17,RUNTIME_USER_DATA,EXCLUDE_SENSITIVE,"Prior project states, prompts, logs, checkpoints, and user data must not enter a public plugin."
data/checkpoints/46926404-cd03-4ec5-af0b-ed0429392a1e/checkpoint_analyze_iter1.json.last-good.bak,338,d3571da93b28a46cc3a3cca1b612f16972dc5dcae91671fb2afeb7c5961dd8ce,.bak,14,RUNTIME_USER_DATA,EXCLUDE_SENSITIVE,"Prior project states, prompts, logs, checkpoints, and user data must not enter a public plugin."
data/checkpoints/46926404-cd03-4ec5-af0b-ed0429392a1e/index.json,492,c243a8d12ce99ba8d4c6da52e03b571778f0459db57b41e04788c536d79bcb65,.json,20,RUNTIME_USER_DATA,EXCLUDE_SENSITIVE,"Prior project states, prompts, logs, checkpoints, and user data must not enter a public plugin."
data/checkpoints/46926404-cd03-4ec5-af0b-ed0429392a1e/index.json.last-good.bak,309,5b5e0223cd995d11f7c85d166d427e1e670175215bec9434e447f4f263ee0682,.bak,13,RUNTIME_USER_DATA,EXCLUDE_SENSITIVE,"Prior project states, prompts, logs, checkpoints, and user data must not enter a public plugin."
data/checkpoints/61f772f2-7a8e-4c07-8323-0057563d62cb/checkpoint_analyze_iter1.json,338,fd98cac61a67cd2a6b8995d71dfd1622f71e098ffccaed7c0835be6e84fb260a,.json,14,RUNTIME_USER_DATA,EXCLUDE_SENSITIVE,"Prior project states, prompts, logs, checkpoints, and user data must not enter a public plugin."
data/checkpoints/61f772f2-7a8e-4c07-8323-0057563d62cb/checkpoint_analyze_iter1.json.last-good.bak,555,3111936982cc85dcbd7623f968ebd36c7ed78399595d4538e79921114bc8b13b,.bak,17,RUNTIME_USER_DATA,EXCLUDE_SENSITIVE,"Prior project states, prompts, logs, checkpoints, and user data must not enter a public plugin."
data/checkpoints/61f772f2-7a8e-4c07-8323-0057563d62cb/checkpoint_analyze_iter1_paused.json,338,2bf9e1e5f6b9a9f8fe2c286f5d216414e5fe3a77ae1b9691fdf88587f50a7aa4,.json,14,RUNTIME_USER_DATA,EXCLUDE_SENSITIVE,"Prior project states, prompts, logs, checkpoints, and user data must not enter a public plugin."
data/checkpoints/61f772f2-7a8e-4c07-8323-0057563d62cb/checkpoint_analyze_iter1_repair_required.json,487,9745f8b6838305d6adc3d9b80f811a1c5f9e3caa42153db60cfc203b1850206a,.json,17,RUNTIME_USER_DATA,EXCLUDE_SENSITIVE,"Prior project states, prompts, logs, checkpoints, and user data must not enter a public plugin."
data/checkpoints/61f772f2-7a8e-4c07-8323-0057563d62cb/checkpoint_analyze_iter2.json,640190,6d8d6ea2179c062ec835183d3a9e5f62c2962bb6ada3033f53a854fb6a3899db,.json,12332,RUNTIME_USER_DATA,EXCLUDE_SENSITIVE,"Prior project states, prompts, logs, checkpoints, and user data must not enter a public plugin."
data/checkpoints/61f772f2-7a8e-4c07-8323-0057563d62cb/checkpoint_analyze_iter2_paused.json,338,fa8ddba4052ec6b9c06f2fa4d64e16dfc39dbcffa467c655f698674616d3a951,.json,14,RUNTIME_USER_DATA,EXCLUDE_SENSITIVE,"Prior project states, prompts, logs, checkpoints, and user data must not enter a public plugin."
data/checkpoints/61f772f2-7a8e-4c07-8323-0057563d62cb/checkpoint_analyze_iter2_paused.json.last-good.bak,338,c6924062a4dd62c721b984db841734587c33f0ffae822e52fb950623bd2d5017,.bak,14,RUNTIME_USER_DATA,EXCLUDE_SENSITIVE,"Prior project states, prompts, logs, checkpoints, and user data must not enter a public plugin."
data/checkpoints/61f772f2-7a8e-4c07-8323-0057563d62cb/checkpoint_analyze_iter2_repair_required.json,479,00873857e5922fa7580dda0a71ccef3f3c5e2463fdad385394c3b7c44a60095b,.json,17,RUNTIME_USER_DATA,EXCLUDE_SENSITIVE,"Prior project states, prompts, logs, checkpoints, and user data must not enter a public plugin."
data/checkpoints/61f772f2-7a8e-4c07-8323-0057563d62cb/checkpoint_analyze_iter2_repair_required.json.last-good.bak,487,74b6677357521ccbee0169139139f75c5f097ecc885c21e21f8dd1640d0a37e0,.bak,17,RUNTIME_USER_DATA,EXCLUDE_SENSITIVE,"Prior project states, prompts, logs, checkpoints, and user data must not enter a public plugin."
data/checkpoints/61f772f2-7a8e-4c07-8323-0057563d62cb/checkpoint_analyze_iter2_repair_waiting_retry.json,3887,6fe85aefaee8cc6ed411666a4987e2d1646355569baf73e964cf17562293da10,.json,60,RUNTIME_USER_DATA,EXCLUDE_SENSITIVE,"Prior project states, prompts, logs, checkpoints, and user data must not enter a public plugin."
data/checkpoints/61f772f2-7a8e-4c07-8323-0057563d62cb/checkpoint_analyze_iter2_repair_waiting_retry.json.last-good.bak,3275,f1dc6f473cd1ebd07d0734146fa88f4701c7cee0ccf3f61bbb135955515268b8,.bak,53,RUNTIME_USER_DATA,EXCLUDE_SENSITIVE,"Prior project states, prompts, logs, checkpoints, and user data must not enter a public plugin."
data/checkpoints/61f772f2-7a8e-4c07-8323-0057563d62cb/checkpoint_design_iter2_paused.json,336,d18a0cf4bb8e6899a1db02c492176b1e86394c6d1ba8b41aa40a3a5f6edcc99a,.json,14,RUNTIME_USER_DATA,EXCLUDE_SENSITIVE,"Prior project states, prompts, logs, checkpoints, and user data must not enter a public plugin."
data/checkpoints/61f772f2-7a8e-4c07-8323-0057563d62cb/checkpoint_design_iter2_repair_required.json,2940,d511cbf11dd438f4336a74bae1da0613ef7ae678a7a92b449d1926921790a662,.json,22,RUNTIME_USER_DATA,EXCLUDE_SENSITIVE,"Prior project states, prompts, logs, checkpoints, and user data must not enter a public plugin."
data/checkpoints/61f772f2-7a8e-4c07-8323-0057563d62cb/checkpoint_design_iter2_repair_waiting_retry.json,2902,99aa5343cd05d512dd827c37c145dff229a3f435c15d85988f3731ef1121a81e,.json,22,RUNTIME_USER_DATA,EXCLUDE_SENSITIVE,"Prior project states, prompts, logs, checkpoints, and user data must not enter a public plugin."
data/checkpoints/61f772f2-7a8e-4c07-8323-0057563d62cb/checkpoint_design_iter2_repair_waiting_retry.json.last-good.bak,5154,8e89816449226d6c371d7004a6e170a8a31d2e18a62ed1baf38add748700af31,.bak,46,RUNTIME_USER_DATA,EXCLUDE_SENSITIVE,"Prior project states, prompts, logs, checkpoints, and user data must not enter a public plugin."
data/checkpoints/61f772f2-7a8e-4c07-8323-0057563d62cb/index.json,2124,1bc446f131ba1a87ba9c38537c5a822871dead97496d3a025279eb989a183c1b,.json,76,RUNTIME_USER_DATA,EXCLUDE_SENSITIVE,"Prior project states, prompts, logs, checkpoints, and user data must not enter a public plugin."
data/checkpoints/61f772f2-7a8e-4c07-8323-0057563d62cb/index.json.last-good.bak,2124,5be687b070eb9aeb13f3eb0ec5d8a9118b1715264e01e286a0cf462bf193ce1c,.bak,76,RUNTIME_USER_DATA,EXCLUDE_SENSITIVE,"Prior project states, prompts, logs, checkpoints, and user data must not enter a public plugin."
data/checkpoints/6a79da57-72ec-4bcc-8629-48139b7ebbe1/checkpoint_analyze_iter1.json,477,b86acabbc3048539e2221d6af71f56e5714b352f77070993bae2196d27d06cd6,.json,17,RUNTIME_USER_DATA,EXCLUDE_SENSITIVE,"Prior project states, prompts, logs, checkpoints, and user data must not enter a public plugin."
data/checkpoints/6a79da57-72ec-4bcc-8629-48139b7ebbe1/checkpoint_analyze_iter1.json.last-good.bak,338,9e7836e77258f214668dfe4befa40f0bee02e0c1a88f67f747a85dfab9a56399,.bak,14,RUNTIME_USER_DATA,EXCLUDE_SENSITIVE,"Prior project states, prompts, logs, checkpoints, and user data must not enter a public plugin."
data/checkpoints/6a79da57-72ec-4bcc-8629-48139b7ebbe1/index.json,492,f61197ca1f7321bcbbc52509e65577a222944e670777e1f0f4baf4de079b420a,.json,20,RUNTIME_USER_DATA,EXCLUDE_SENSITIVE,"Prior project states, prompts, logs, checkpoints, and user data must not enter a public plugin."
data/checkpoints/6a79da57-72ec-4bcc-8629-48139b7ebbe1/index.json.last-good.bak,309,6fd67217b099a4b3bf77b605bc8f3ed29879e85a8c7b3fcbc38d98dd762c631a,.bak,13,RUNTIME_USER_DATA,EXCLUDE_SENSITIVE,"Prior project states, prompts, logs, checkpoints, and user data must not enter a public plugin."
data/checkpoints/77052dc2-0e72-4427-ae2e-ec1ccc757920/checkpoint_analyze_iter1.json,471,c40f538468f46c387e47c0ee8ce43505830018415376676513407b373093ce17,.json,17,RUNTIME_USER_DATA,EXCLUDE_SENSITIVE,"Prior project states, prompts, logs, checkpoints, and user data must not enter a public plugin."
data/checkpoints/77052dc2-0e72-4427-ae2e-ec1ccc757920/checkpoint_analyze_iter1.json.last-good.bak,338,f302369f8e709abfebac9b98505b6131325a16df2df4403e27e6fbe3ea1d5a6b,.bak,14,RUNTIME_USER_DATA,EXCLUDE_SENSITIVE,"Prior project states, prompts, logs, checkpoints, and user data must not enter a public plugin."
data/checkpoints/77052dc2-0e72-4427-ae2e-ec1ccc757920/index.json,492,fcac49ad4077de2b51cc6c3fb922e19be948b8e9d164ccdd9d8d6a1684addb17,.json,20,RUNTIME_USER_DATA,EXCLUDE_SENSITIVE,"Prior project states, prompts, logs, checkpoints, and user data must not enter a public plugin."
data/checkpoints/77052dc2-0e72-4427-ae2e-ec1ccc757920/index.json.last-good.bak,309,b60e756bc42f82050477ac0f641a1e88e2ed608f1282b279891c04c74e24728e,.bak,13,RUNTIME_USER_DATA,EXCLUDE_SENSITIVE,"Prior project states, prompts, logs, checkpoints, and user data must not enter a public plugin."
data/checkpoints/7a845814-0f56-4ebd-bac3-9a5fae782320/checkpoint_analyze_iter1.json,11847,bc65a5472526bdaac504954d2baf6e3cd97c1ef9cdfce5b3e5c4e15c370a3aea,.json,151,RUNTIME_USER_DATA,EXCLUDE_SENSITIVE,"Prior project states, prompts, logs, checkpoints, and user data must not enter a public plugin."
data/checkpoints/7a845814-0f56-4ebd-bac3-9a5fae782320/checkpoint_design_iter1.json,29306,3ca587a6191fffc58d5d56f4b2ea1ae2772a9b4b48859323995d2db9495f7d73,.json,548,RUNTIME_USER_DATA,EXCLUDE_SENSITIVE,"Prior project states, prompts, logs, checkpoints, and user data must not enter a public plugin."
data/checkpoints/7a845814-0f56-4ebd-bac3-9a5fae782320/checkpoint_implement_iter1.json,11912,9256de41f03e96e8ef553f1d61c94aa4870ea444195c1961492cc33ffcefdbc5,.json,229,RUNTIME_USER_DATA,EXCLUDE_SENSITIVE,"Prior project states, prompts, logs, checkpoints, and user data must not enter a public plugin."
data/checkpoints/7a845814-0f56-4ebd-bac3-9a5fae782320/checkpoint_review_iter1.json,16831,90d46f2e1cab7e1cdc3c41320a99ceb0b1e22d1b4fee28dd55021a57cc03eb75,.json,233,RUNTIME_USER_DATA,EXCLUDE_SENSITIVE,"Prior project states, prompts, logs, checkpoints, and user data must not enter a public plugin."
data/checkpoints/7a845814-0f56-4ebd-bac3-9a5fae782320/checkpoint_test_iter1.json,3375,c889d860a6ff07650f3bc4958f1daf01f653c2cb20b9ca10c54cbad45ff50e2a,.json,38,RUNTIME_USER_DATA,EXCLUDE_SENSITIVE,"Prior project states, prompts, logs, checkpoints, and user data must not enter a public plugin."
data/checkpoints/7a845814-0f56-4ebd-bac3-9a5fae782320/index.json,1042,fef2f4dd5fd8b3f6a49f2cfa3c9e8feccdb3eaca643a185ea29dabbfb32b13ec,.json,41,RUNTIME_USER_DATA,EXCLUDE_SENSITIVE,"Prior project states, prompts, logs, checkpoints, and user data must not enter a public plugin."
data/checkpoints/7df350f5-6e99-40a5-9bdd-61dd46112d76/checkpoint_analyze_iter1.json,97755,d167d66616e0765f83fc261e6e461d9162e618d70598c1065b4d878f478d9c09,.json,1868,RUNTIME_USER_DATA,EXCLUDE_SENSITIVE,"Prior project states, prompts, logs, checkpoints, and user data must not enter a public plugin."
data/checkpoints/7df350f5-6e99-40a5-9bdd-61dd46112d76/checkpoint_design_iter1.json,104557,9ba7c3c6d0cb3ac0abd7b7493eefffd862cb5239e9a90d09930d7398c1b94cc8,.json,2367,RUNTIME_USER_DATA,EXCLUDE_SENSITIVE,"Prior project states, prompts, logs, checkpoints, and user data must not enter a public plugin."
data/checkpoints/7df350f5-6e99-40a5-9bdd-61dd46112d76/checkpoint_implement_iter1.json,342,4fe8b7210cb536b5c2a9de278d468a3bdc156846ebd7039e28b9fb60b1041a09,.json,14,RUNTIME_USER_DATA,EXCLUDE_SENSITIVE,"Prior project states, prompts, logs, checkpoints, and user data must not enter a public plugin."
data/checkpoints/7df350f5-6e99-40a5-9bdd-61dd46112d76/checkpoint_implement_iter1.json.last-good.bak,2680,bc0532ecf10623e9468a3b110a2a4cbbe63506b49901d1972facfbdc4071b221,.bak,28,RUNTIME_USER_DATA,EXCLUDE_SENSITIVE,"Prior project states, prompts, logs, checkpoints, and user data must not enter a public plugin."
data/checkpoints/7df350f5-6e99-40a5-9bdd-61dd46112d76/index.json,868,81e72e4cd0a293bbf37c5ddee39b8eb26d4859c9b6335e982ed77b182199f96a,.json,34,RUNTIME_USER_DATA,EXCLUDE_SENSITIVE,"Prior project states, prompts, logs, checkpoints, and user data must not enter a public plugin."
data/checkpoints/7df350f5-6e99-40a5-9bdd-61dd46112d76/index.json.last-good.bak,868,21a92cc4158c151b604a5f1d80210427a39a2a4cc48e016a528d8869797745ac,.bak,34,RUNTIME_USER_DATA,EXCLUDE_SENSITIVE,"Prior project states, prompts, logs, checkpoints, and user data must not enter a public plugin."
data/checkpoints/7ed94273-5b26-40ce-9315-b500b38647a5/checkpoint_analyze_iter1.json,477,92379a2da5d8a1c0741268099aed3992c0a2204354914488e06ecb6f5326d31b,.json,17,RUNTIME_USER_DATA,EXCLUDE_SENSITIVE,"Prior project states, prompts, logs, checkpoints, and user data must not enter a public plugin."
data/checkpoints/7ed94273-5b26-40ce-9315-b500b38647a5/checkpoint_analyze_iter1.json.last-good.bak,338,84c5739129504f4e051e2fc732d1d84d861a880b91080a51f36eca65588e0210,.bak,14,RUNTIME_USER_DATA,EXCLUDE_SENSITIVE,"Prior project states, prompts, logs, checkpoints, and user data must not enter a public plugin."
data/checkpoints/7ed94273-5b26-40ce-9315-b500b38647a5/index.json,492,196cdd7c3c0fc491a2267d4319db331ccf7d4157d647b4113aae8fc9c20b9b9f,.json,20,RUNTIME_USER_DATA,EXCLUDE_SENSITIVE,"Prior project states, prompts, logs, checkpoints, and user data must not enter a public plugin."
data/checkpoints/7ed94273-5b26-40ce-9315-b500b38647a5/index.json.last-good.bak,309,35389876353466e6cd20d4770ca8c558465a20d6e9861d6b5b32519a2647f6f2,.bak,13,RUNTIME_USER_DATA,EXCLUDE_SENSITIVE,"Prior project states, prompts, logs, checkpoints, and user data must not enter a public plugin."
data/checkpoints/8291d6aa-d717-4cf0-b930-2838919fd4a3/checkpoint_analyze_iter1.json,471,1a236e70f1e7a9573e61923c7068afb70de82958b0764101fcd18ed3d755933c,.json,17,RUNTIME_USER_DATA,EXCLUDE_SENSITIVE,"Prior project states, prompts, logs, checkpoints, and user data must not enter a public plugin."
data/checkpoints/8291d6aa-d717-4cf0-b930-2838919fd4a3/checkpoint_analyze_iter1.json.last-good.bak,338,ca5fe5c9f63a02f7ece4c765d491a861ef382c5b3fb4d988e07a4d263ce3ce4f,.bak,14,RUNTIME_USER_DATA,EXCLUDE_SENSITIVE,"Prior project states, prompts, logs, checkpoints, and user data must not enter a public plugin."
data/checkpoints/8291d6aa-d717-4cf0-b930-2838919fd4a3/index.json,492,ee75d2c37d9a954e480d57828b1f98ffc49b3bb13f2486b4848bff321f51bbaa,.json,20,RUNTIME_USER_DATA,EXCLUDE_SENSITIVE,"Prior project states, prompts, logs, checkpoints, and user data must not enter a public plugin."
data/checkpoints/8291d6aa-d717-4cf0-b930-2838919fd4a3/index.json.last-good.bak,309,17162511e99e808fadf2d78e4dd11d23a830973247585b83d812b55f56c7b7e9,.bak,13,RUNTIME_USER_DATA,EXCLUDE_SENSITIVE,"Prior project states, prompts, logs, checkpoints, and user data must not enter a public plugin."
data/checkpoints/b13d1ead-0816-4524-a136-5a7bcf3a9b33/checkpoint_analyze_iter1.json,471,ed537ea91df622e7afd2dd2283dd6c7f737278730c0ba39a22b6aa2ac6dc11cc,.json,17,RUNTIME_USER_DATA,EXCLUDE_SENSITIVE,"Prior project states, prompts, logs, checkpoints, and user data must not enter a public plugin."
data/checkpoints/b13d1ead-0816-4524-a136-5a7bcf3a9b33/checkpoint_analyze_iter1.json.last-good.bak,338,4c98f16ee37b76f237f96216caa0a174acecf76e37ad74005a3c410e63cc2ed0,.bak,14,RUNTIME_USER_DATA,EXCLUDE_SENSITIVE,"Prior project states, prompts, logs, checkpoints, and user data must not enter a public plugin."
data/checkpoints/b13d1ead-0816-4524-a136-5a7bcf3a9b33/index.json,492,c1c3e2956e1b176b8f4309bf715b5e7b5819782f346c9e86399a25960f9c6c45,.json,20,RUNTIME_USER_DATA,EXCLUDE_SENSITIVE,"Prior project states, prompts, logs, checkpoints, and user data must not enter a public plugin."
data/checkpoints/b13d1ead-0816-4524-a136-5a7bcf3a9b33/index.json.last-good.bak,309,59f7eb6436ba5275bafe73874d4d921d3154bfbad44ed875d3a19870e52eabbc,.bak,13,RUNTIME_USER_DATA,EXCLUDE_SENSITIVE,"Prior project states, prompts, logs, checkpoints, and user data must not enter a public plugin."
data/checkpoints/c9277857-41c7-474c-b2b1-58926eec8175/checkpoint_analyze_iter1.json,471,60e06c158f1c390d4f033676c447cdbf7eba1cff600ddb0e21fd53e044ba992a,.json,17,RUNTIME_USER_DATA,EXCLUDE_SENSITIVE,"Prior project states, prompts, logs, checkpoints, and user data must not enter a public plugin."
data/checkpoints/c9277857-41c7-474c-b2b1-58926eec8175/checkpoint_analyze_iter1.json.last-good.bak,338,5a1b2b556fd62887f3f6df7cb4d070d81e544312513d28a0966f7fbf2a028b8f,.bak,14,RUNTIME_USER_DATA,EXCLUDE_SENSITIVE,"Prior project states, prompts, logs, checkpoints, and user data must not enter a public plugin."
data/checkpoints/c9277857-41c7-474c-b2b1-58926eec8175/index.json,492,8963c5dc33d0571850217fc70727156fbb5c5792ef63ef7b810f53e416b6c057,.json,20,RUNTIME_USER_DATA,EXCLUDE_SENSITIVE,"Prior project states, prompts, logs, checkpoints, and user data must not enter a public plugin."
data/checkpoints/c9277857-41c7-474c-b2b1-58926eec8175/index.json.last-good.bak,309,9dcd0b1c508c7d68272674418a6ee1b5ece72d9ca2002218708556c4b5278db3,.bak,13,RUNTIME_USER_DATA,EXCLUDE_SENSITIVE,"Prior project states, prompts, logs, checkpoints, and user data must not enter a public plugin."
data/checkpoints/d9126ba7-d511-4ecf-8469-0d95265b9143/checkpoint_analyze_iter1.json,477,bbd4ad6e16f3bf2500f24446674e028be273b047969273e7fa5f4f296bb73bb3,.json,17,RUNTIME_USER_DATA,EXCLUDE_SENSITIVE,"Prior project states, prompts, logs, checkpoints, and user data must not enter a public plugin."
data/checkpoints/d9126ba7-d511-4ecf-8469-0d95265b9143/checkpoint_analyze_iter1.json.last-good.bak,338,3613f4a22ff2dbc3c02456576f28095f930e09a91f7b37bd4729144231be88a0,.bak,14,RUNTIME_USER_DATA,EXCLUDE_SENSITIVE,"Prior project states, prompts, logs, checkpoints, and user data must not enter a public plugin."
data/checkpoints/d9126ba7-d511-4ecf-8469-0d95265b9143/index.json,492,ea6a00975f305a753ea7f302f0254f4cabed3ee09471311047e17cf18232e415,.json,20,RUNTIME_USER_DATA,EXCLUDE_SENSITIVE,"Prior project states, prompts, logs, checkpoints, and user data must not enter a public plugin."
data/checkpoints/d9126ba7-d511-4ecf-8469-0d95265b9143/index.json.last-good.bak,309,d3790bb953c6b034dee67f3d761a7289450734a8c4e0a65b87e5996bc9b474ed,.bak,13,RUNTIME_USER_DATA,EXCLUDE_SENSITIVE,"Prior project states, prompts, logs, checkpoints, and user data must not enter a public plugin."
data/checkpoints/fd0269d1-12bd-4c03-a922-325ec7d1539e/checkpoint_analyze_iter1.json,471,3d8ff31b99732c2a986a98c4eb9bd0b11a5cf1b4ad3bf23ea554b34b9d9ec016,.json,17,RUNTIME_USER_DATA,EXCLUDE_SENSITIVE,"Prior project states, prompts, logs, checkpoints, and user data must not enter a public plugin."
data/checkpoints/fd0269d1-12bd-4c03-a922-325ec7d1539e/checkpoint_analyze_iter1.json.last-good.bak,338,5900239060da5c8b9998ab95a0d6ccc335a0c5c49e2d1bcf8c3c0467975e5cca,.bak,14,RUNTIME_USER_DATA,EXCLUDE_SENSITIVE,"Prior project states, prompts, logs, checkpoints, and user data must not enter a public plugin."
data/checkpoints/fd0269d1-12bd-4c03-a922-325ec7d1539e/index.json,492,579ef8154ea131df395ea9554694e19357f4b0ca01416d07a310b3044c8d92d6,.json,20,RUNTIME_USER_DATA,EXCLUDE_SENSITIVE,"Prior project states, prompts, logs, checkpoints, and user data must not enter a public plugin."
data/checkpoints/fd0269d1-12bd-4c03-a922-325ec7d1539e/index.json.last-good.bak,309,08c7975c4aaf0582fdcce240057a24ce31666ded00bd66932285af93484a3f3d,.bak,13,RUNTIME_USER_DATA,EXCLUDE_SENSITIVE,"Prior project states, prompts, logs, checkpoints, and user data must not enter a public plugin."
data/projects/1727273f-9684-476b-8973-51fae49c074e.json.last-good.bak,184630,7ea3f5a7b34ebead76d3b4ca7cb512de3a1c22007a7c09e57a64fca113679b58,.bak,3365,RUNTIME_USER_DATA,EXCLUDE_SENSITIVE,"Prior project states, prompts, logs, checkpoints, and user data must not enter a public plugin."
data/projects/1dede44e-dcf5-496e-a0c1-7d0368fa56b1.json,12592,6d6bea4b2e341fa60a63b870cb04d1190ce32a2828a73d316dd726f5d3b07398,.json,81,RUNTIME_USER_DATA,EXCLUDE_SENSITIVE,"Prior project states, prompts, logs, checkpoints, and user data must not enter a public plugin."
data/projects/1dede44e-dcf5-496e-a0c1-7d0368fa56b1.json.last-good.bak,12140,ca36cc41607f1965e0114ff1df122867a45056536be2d56c838eb35ab4d188b0,.bak,68,RUNTIME_USER_DATA,EXCLUDE_SENSITIVE,"Prior project states, prompts, logs, checkpoints, and user data must not enter a public plugin."
data/projects/209ffd3e-cedb-4314-bbc8-b7a589092876.json,12567,6e85114624419cb30b485c4c6260a464e863a6ec7097845945ace33ad3ca5be2,.json,81,RUNTIME_USER_DATA,EXCLUDE_SENSITIVE,"Prior project states, prompts, logs, checkpoints, and user data must not enter a public plugin."
data/projects/209ffd3e-cedb-4314-bbc8-b7a589092876.json.last-good.bak,12115,2fb6260eab94c4af65e777fc18b489b20b72e253bc65f911b49576a1d5289119,.bak,68,RUNTIME_USER_DATA,EXCLUDE_SENSITIVE,"Prior project states, prompts, logs, checkpoints, and user data must not enter a public plugin."
data/projects/2309aec0-d40b-4c73-a692-3640549c4ffc.json,14694,3fc55af18d9a3805f7052b09a73cced5421e5474bd9ae9f53a040863bc53b086,.json,110,RUNTIME_USER_DATA,EXCLUDE_SENSITIVE,"Prior project states, prompts, logs, checkpoints, and user data must not enter a public plugin."
data/projects/2309aec0-d40b-4c73-a692-3640549c4ffc.json.last-good.bak,14375,2136ec42b0e91a1ca73ee48d516b83e7678783f8a53487afee4133a25eb75aa4,.bak,99,RUNTIME_USER_DATA,EXCLUDE_SENSITIVE,"Prior project states, prompts, logs, checkpoints, and user data must not enter a public plugin."
data/projects/2b00018f-a2f9-4d91-89d2-ead4b8d6c0ff.json,12393,e8b4b6571ff53e25c32ddc8bd116a9500d71e41a8704a8b031fc4f841e8a83c9,.json,81,RUNTIME_USER_DATA,EXCLUDE_SENSITIVE,"Prior project states, prompts, logs, checkpoints, and user data must not enter a public plugin."
data/projects/2b00018f-a2f9-4d91-89d2-ead4b8d6c0ff.json.last-good.bak,11941,4e9a5ecd6fa9cc02e8c8dd241ace9fe4fd5773ff5376986bd8cdcafa6eff20f2,.bak,68,RUNTIME_USER_DATA,EXCLUDE_SENSITIVE,"Prior project states, prompts, logs, checkpoints, and user data must not enter a public plugin."
data/projects/2b9f83f6-48ab-44ed-b3b6-9a7c0c5b4baf.json,54235,adcc6e5d25ac59fb0123868e4fd5ddf580182a81f4fa23a9c770797ba260fa02,.json,789,RUNTIME_USER_DATA,EXCLUDE_SENSITIVE,"Prior project states, prompts, logs, checkpoints, and user data must not enter a public plugin."
data/projects/2b9f83f6-48ab-44ed-b3b6-9a7c0c5b4baf.json.last-good.bak,53783,d25766efe3eb93edab06c72842726484bf308f5a4538e7e91a6376a9cf4b65a3,.bak,776,RUNTIME_USER_DATA,EXCLUDE_SENSITIVE,"Prior project states, prompts, logs, checkpoints, and user data must not enter a public plugin."
data/projects/2e3b4b27-6740-437b-af35-04efc377842b.json,81663,e8950f0bf30b00d84125613aa2942a5fcb6df7b49d88ff598f09b0949abcea06,.json,1454,RUNTIME_USER_DATA,EXCLUDE_SENSITIVE,"Prior project states, prompts, logs, checkpoints, and user data must not enter a public plugin."
data/projects/2e3b4b27-6740-437b-af35-04efc377842b.json.last-good.bak,81218,21cbbba942b73591e57bdc6509849ffa1c9dc8cd385b9968468d8359ebec2263,.bak,1441,RUNTIME_USER_DATA,EXCLUDE_SENSITIVE,"Prior project states, prompts, logs, checkpoints, and user data must not enter a public plugin."
data/projects/42aadd20-a49e-44ce-9733-dbfba470ff45.json,12026,724b9e396885b27183f9e40328a7fb582e692862c896e57811620eefaba1abeb,.json,68,RUNTIME_USER_DATA,EXCLUDE_SENSITIVE,"Prior project states, prompts, logs, checkpoints, and user data must not enter a public plugin."
data/projects/42aadd20-a49e-44ce-9733-dbfba470ff45.json.last-good.bak,11707,3412f0e4fef0935b71b9ca70406e868a9db74009793edbcac04f48c628093ec8,.bak,57,RUNTIME_USER_DATA,EXCLUDE_SENSITIVE,"Prior project states, prompts, logs, checkpoints, and user data must not enter a public plugin."
data/projects/46926404-cd03-4ec5-af0b-ed0429392a1e.json,12585,dc53381de9f9590d952aede6bae6877dbb632ccf155fff5ccfd79f16f2e84393,.json,81,RUNTIME_USER_DATA,EXCLUDE_SENSITIVE,"Prior project states, prompts, logs, checkpoints, and user data must not enter a public plugin."
data/projects/46926404-cd03-4ec5-af0b-ed0429392a1e.json.last-good.bak,12133,4f29bef09b12191eede2e73916fbec04c5f4a5e0123a76db1dbbf1b71d3b968b,.bak,68,RUNTIME_USER_DATA,EXCLUDE_SENSITIVE,"Prior project states, prompts, logs, checkpoints, and user data must not enter a public plugin."
data/projects/4bc723ed-9534-4377-95d7-84ed1e9b1f51.json,669,cbbe0b63c73b2c0224f04419ef003a699eaeac921b64f05179d718316221a2a1,.json,26,RUNTIME_USER_DATA,EXCLUDE_SENSITIVE,"Prior project states, prompts, logs, checkpoints, and user data must not enter a public plugin."
data/projects/61f772f2-7a8e-4c07-8323-0057563d62cb.json,210020,85ea93db7afc6c9638600d7341e4f73f1775fd4e66ae5dc2ab07a3dbc5c3cac0,.json,2650,RUNTIME_USER_DATA,EXCLUDE_SENSITIVE,"Prior project states, prompts, logs, checkpoints, and user data must not enter a public plugin."
data/projects/61f772f2-7a8e-4c07-8323-0057563d62cb.json.last-good.bak,208982,c04113e0e2a7fd8d6a860f0f16ad9e6a608b91aa0ec3c008134a8dc7ab1cf66b,.bak,2628,RUNTIME_USER_DATA,EXCLUDE_SENSITIVE,"Prior project states, prompts, logs, checkpoints, and user data must not enter a public plugin."
data/projects/62b26d0c-081c-485d-a0fb-5f049dffb22e.json.corrupt-2026-07-12T00-40-31-934Z.bak,2093241,d9535af02c05ef86412666a18ba7445768348448d999b706ff2b8df4dc05e563,.bak,4788,RUNTIME_USER_DATA,EXCLUDE_SENSITIVE,"Prior project states, prompts, logs, checkpoints, and user data must not enter a public plugin."
data/projects/62b26d0c-081c-485d-a0fb-5f049dffb22e.json.corrupt-2026-07-12T00-40-31-934Z.tail.txt,362,bb2393b6ec41e1d7db08697393f33e3e0f7cfe87c63bf5a92ed892c349662bb6,.txt,12,RUNTIME_USER_DATA,EXCLUDE_SENSITIVE,"Prior project states, prompts, logs, checkpoints, and user data must not enter a public plugin."
data/projects/62b26d0c-081c-485d-a0fb-5f049dffb22e.json.last-good.bak,2110582,ad460ca32677f5f76466df5a9c6f549fc08588c17103d8c7f2538fa713a23992,.bak,5103,RUNTIME_USER_DATA,EXCLUDE_SENSITIVE,"Prior project states, prompts, logs, checkpoints, and user data must not enter a public plugin."
data/projects/6a79da57-72ec-4bcc-8629-48139b7ebbe1.json,12580,c1344b52e1f2d67a16aa5e4c01502ee580d35913fb47d4f9c861d5dbf27102a9,.json,81,RUNTIME_USER_DATA,EXCLUDE_SENSITIVE,"Prior project states, prompts, logs, checkpoints, and user data must not enter a public plugin."
data/projects/6a79da57-72ec-4bcc-8629-48139b7ebbe1.json.last-good.bak,12128,6494d4002bae428bb69bd313bdf1ee05dac933e9329b885e6824837b60f72733,.bak,68,RUNTIME_USER_DATA,EXCLUDE_SENSITIVE,"Prior project states, prompts, logs, checkpoints, and user data must not enter a public plugin."
data/projects/77052dc2-0e72-4427-ae2e-ec1ccc757920.json,12572,357cf4fc2d4f5696fde57a4979fe65274ecbf25e5e98a8d1b6c4d12cfd423469,.json,81,RUNTIME_USER_DATA,EXCLUDE_SENSITIVE,"Prior project states, prompts, logs, checkpoints, and user data must not enter a public plugin."
data/projects/77052dc2-0e72-4427-ae2e-ec1ccc757920.json.last-good.bak,12120,f8669c1cdf17edb21560840a28d09b84716c4a1e60c4d5c832fa45125bff31e4,.bak,68,RUNTIME_USER_DATA,EXCLUDE_SENSITIVE,"Prior project states, prompts, logs, checkpoints, and user data must not enter a public plugin."
data/projects/7df350f5-6e99-40a5-9bdd-61dd46112d76.json,15083,fd66d0cc762e6480bbf7e4fe9b958f9db3aa20f72f21af656492bb8d772011b3,.json,112,RUNTIME_USER_DATA,EXCLUDE_SENSITIVE,"Prior project states, prompts, logs, checkpoints, and user data must not enter a public plugin."
data/projects/7df350f5-6e99-40a5-9bdd-61dd46112d76.json.last-good.bak,14762,f3b2a74c971f446320055e7e8192ca6b0bab87ea04697b213596dfdd1a194d2d,.bak,101,RUNTIME_USER_DATA,EXCLUDE_SENSITIVE,"Prior project states, prompts, logs, checkpoints, and user data must not enter a public plugin."
data/projects/7ed94273-5b26-40ce-9315-b500b38647a5.json,12589,fea2740c1bcffaeaf11458b60216367d6bb30be5da3759c3f5020003a3e6ffd4,.json,81,RUNTIME_USER_DATA,EXCLUDE_SENSITIVE,"Prior project states, prompts, logs, checkpoints, and user data must not enter a public plugin."
data/projects/7ed94273-5b26-40ce-9315-b500b38647a5.json.last-good.bak,12137,c00981d1c6a9bed5ef23cf120ad7627112944e6079ee2c7f8cf750f1eeaae53c,.bak,68,RUNTIME_USER_DATA,EXCLUDE_SENSITIVE,"Prior project states, prompts, logs, checkpoints, and user data must not enter a public plugin."
data/projects/8291d6aa-d717-4cf0-b930-2838919fd4a3.json,12736,339f0733210032da039397741ba27ddc57d11de9d5fea84063687d679b2b1011,.json,89,RUNTIME_USER_DATA,EXCLUDE_SENSITIVE,"Prior project states, prompts, logs, checkpoints, and user data must not enter a public plugin."
data/projects/8291d6aa-d717-4cf0-b930-2838919fd4a3.json.last-good.bak,12488,3f009398f368cd74f92eae55766f52c0074c0293340fac9840647ba76b32bac0,.bak,81,RUNTIME_USER_DATA,EXCLUDE_SENSITIVE,"Prior project states, prompts, logs, checkpoints, and user data must not enter a public plugin."
data/projects/8d9cdbd6-0a40-440c-a7da-366319b1c735.json.last-good.bak,12584,753d7e4014c691447711df980e414ed42e42ccc41f64e0f3c3c3105734e0a898,.bak,81,RUNTIME_USER_DATA,EXCLUDE_SENSITIVE,"Prior project states, prompts, logs, checkpoints, and user data must not enter a public plugin."
data/projects/b13d1ead-0816-4524-a136-5a7bcf3a9b33.json,12568,3f52480640249460a8b4a749d258974508ae2a67b9df1d92abcbd7dcb834dd29,.json,81,RUNTIME_USER_DATA,EXCLUDE_SENSITIVE,"Prior project states, prompts, logs, checkpoints, and user data must not enter a public plugin."
data/projects/b13d1ead-0816-4524-a136-5a7bcf3a9b33.json.last-good.bak,12116,26aceb91a6ce6fad36dc4e189570cbff8a2b58be172461652cb2fe67f37bc901,.bak,68,RUNTIME_USER_DATA,EXCLUDE_SENSITIVE,"Prior project states, prompts, logs, checkpoints, and user data must not enter a public plugin."
data/projects/c9277857-41c7-474c-b2b1-58926eec8175.json,12569,d8e3a6d45a3e2597d81bf7b859ecc55afdd10b90a0dd09bbe49a53c3df8b4bfd,.json,81,RUNTIME_USER_DATA,EXCLUDE_SENSITIVE,"Prior project states, prompts, logs, checkpoints, and user data must not enter a public plugin."
data/projects/c9277857-41c7-474c-b2b1-58926eec8175.json.last-good.bak,12117,e12ed102ebad178ee7b4fdd7fdd6ca6ad44836f5e4f19a711e55d990e0672d27,.bak,68,RUNTIME_USER_DATA,EXCLUDE_SENSITIVE,"Prior project states, prompts, logs, checkpoints, and user data must not enter a public plugin."
data/projects/d9126ba7-d511-4ecf-8469-0d95265b9143.json,12592,0e738944aec6e2baf18571504d5e69d6f15f6904751fa11891654f96e07a7e7d,.json,81,RUNTIME_USER_DATA,EXCLUDE_SENSITIVE,"Prior project states, prompts, logs, checkpoints, and user data must not enter a public plugin."
data/projects/d9126ba7-d511-4ecf-8469-0d95265b9143.json.last-good.bak,12140,55e3f4d35dd0ec2c6e6b22f34a030f8deae69f89eeb11e040ffcef7c4e77a1dc,.bak,68,RUNTIME_USER_DATA,EXCLUDE_SENSITIVE,"Prior project states, prompts, logs, checkpoints, and user data must not enter a public plugin."
data/projects/fd0269d1-12bd-4c03-a922-325ec7d1539e.json,12755,365b6985f9027b488062ff178112aedc5d5180e604070ebbd02e79a64cdf9df0,.json,89,RUNTIME_USER_DATA,EXCLUDE_SENSITIVE,"Prior project states, prompts, logs, checkpoints, and user data must not enter a public plugin."
data/projects/fd0269d1-12bd-4c03-a922-325ec7d1539e.json.last-good.bak,12507,cc9754e1964f5100ec51f2dd4f4f7d85dfdeea981fde4d8013d2fdde95c2b418,.bak,81,RUNTIME_USER_DATA,EXCLUDE_SENSITIVE,"Prior project states, prompts, logs, checkpoints, and user data must not enter a public plugin."
data/runtime-prompts/1783781112793_analyze.prompt.txt,176951,2a31fc3c42f1b1c7c4db992f0fab7a817e97bbcfc9de2362b40c78215fdc5fc6,.txt,3006,RUNTIME_USER_DATA,EXCLUDE_SENSITIVE,"Prior project states, prompts, logs, checkpoints, and user data must not enter a public plugin."
data/runtime-prompts/1783781325178_design.prompt.txt,306655,4cb29af7f6a972e60c84cb711562e38385fe3b3d552250a31d8762c27b6acf91,.txt,6137,RUNTIME_USER_DATA,EXCLUDE_SENSITIVE,"Prior project states, prompts, logs, checkpoints, and user data must not enter a public plugin."
data/runtime-prompts/1783781489997_repair.prompt.txt,159763,06a41ad361ed6075ff06613a83f4d5572e679d6f59ee605a76127383caf9b3d0,.txt,3310,RUNTIME_USER_DATA,EXCLUDE_SENSITIVE,"Prior project states, prompts, logs, checkpoints, and user data must not enter a public plugin."
data/runtime-prompts/1783781652162_repair.prompt.txt,162104,76f422aa948d9100444a4c670d7c8e941bfa97ad2cbe8b8963eeaf16e9295ba8,.txt,3401,RUNTIME_USER_DATA,EXCLUDE_SENSITIVE,"Prior project states, prompts, logs, checkpoints, and user data must not enter a public plugin."
data/runtime-prompts/1783810179791_analyze.prompt.txt,177232,e9a02b22ec6807f1e2cb4a678cfef6b651869fc793e23e15cc777bccfbb358d5,.txt,3006,RUNTIME_USER_DATA,EXCLUDE_SENSITIVE,"Prior project states, prompts, logs, checkpoints, and user data must not enter a public plugin."
data/runtime-prompts/1783810240284_analyze.prompt.txt,133274,2effed9c66d4f6367ba709e9197fab18ba83eefbb81d4d533929d6046bc2a24b,.txt,1795,RUNTIME_USER_DATA,EXCLUDE_SENSITIVE,"Prior project states, prompts, logs, checkpoints, and user data must not enter a public plugin."
data/runtime-prompts/1783810393882_design.prompt.txt,158089,2e11bea3d58663566f5ad41d6ba8ed9c508265d9989aa4bf39561749b83aef9d,.txt,2391,RUNTIME_USER_DATA,EXCLUDE_SENSITIVE,"Prior project states, prompts, logs, checkpoints, and user data must not enter a public plugin."
data/runtime-prompts/1783811872967_analyze.prompt.txt,170316,af5990053868f072a989c09e12fac902368e0b5917ef398a32d81d5d6b1d21a4,.txt,2782,RUNTIME_USER_DATA,EXCLUDE_SENSITIVE,"Prior project states, prompts, logs, checkpoints, and user data must not enter a public plugin."
data/runtime-prompts/1783811999018_design.prompt.txt,214267,c0e1a1e12ad0d2ae697a83cd3c4c9010f28783fa31ba8be51b76146121a287cc,.txt,3688,RUNTIME_USER_DATA,EXCLUDE_SENSITIVE,"Prior project states, prompts, logs, checkpoints, and user data must not enter a public plugin."
data/runtime-prompts/1783812114833_repair.prompt.txt,73586,dcf5b352485a591829497c1b09c56bca25a0b21706e0a4573c3636b849c72ed9,.txt,1097,RUNTIME_USER_DATA,EXCLUDE_SENSITIVE,"Prior project states, prompts, logs, checkpoints, and user data must not enter a public plugin."
data/runtime-prompts/1783812235138_design.prompt.txt,214267,e892170d62eeb333a8442b1c8aa80828f1e1b6fe99016943de54d9e2a36e5438,.txt,3688,RUNTIME_USER_DATA,EXCLUDE_SENSITIVE,"Prior project states, prompts, logs, checkpoints, and user data must not enter a public plugin."
data/runtime-prompts/1783813439761_implement.prompt.txt,229570,a51c55a1867005eecea6987ce538551e9b94d5dd16f174cb7c9e7f8c89722d2a,.txt,3815,RUNTIME_USER_DATA,EXCLUDE_SENSITIVE,"Prior project states, prompts, logs, checkpoints, and user data must not enter a public plugin."
data/runtime-prompts/1783813610822_repair.prompt.txt,127447,58029bcac5a62109c36831401d0bdea548b73073a4e1cde0e2a3fa1e44be0300,.txt,2139,RUNTIME_USER_DATA,EXCLUDE_SENSITIVE,"Prior project states, prompts, logs, checkpoints, and user data must not enter a public plugin."
data/runtime-prompts/1783815437795_analyze.prompt.txt,173397,b8846bf7c55cf78c089f2890a8c190bba31c1ab55601ee7d1914711e7b816ab1,.txt,2894,RUNTIME_USER_DATA,EXCLUDE_SENSITIVE,"Prior project states, prompts, logs, checkpoints, and user data must not enter a public plugin."
data/runtime-prompts/1783815547796_repair.prompt.txt,18667,7756f3749c3fb0ce64e89ad1c1e703fc7d6191513cee8cbb67ae842ab8cf48da,.txt,170,RUNTIME_USER_DATA,EXCLUDE_SENSITIVE,"Prior project states, prompts, logs, checkpoints, and user data must not enter a public plugin."
data/runtime-prompts/1783815646004_analyze.prompt.txt,173397,cc31382db52871a2180e762e5ee9588b2717e89d584653d426aa5cbd21484d40,.txt,2894,RUNTIME_USER_DATA,EXCLUDE_SENSITIVE,"Prior project states, prompts, logs, checkpoints, and user data must not enter a public plugin."
data/runtime-prompts/1783815744880_repair.prompt.txt,18572,02b5dfe983c44411bddee977e537a3bfd6a043abfb0c574ac884b2ba3a418bfe,.txt,169,RUNTIME_USER_DATA,EXCLUDE_SENSITIVE,"Prior project states, prompts, logs, checkpoints, and user data must not enter a public plugin."
data/runtime-prompts/1783817151639_analyze.prompt.txt,177294,cba330283d78a90abbaa55c30291a7d240eec19f9938c113b380d23efa5feff4,.txt,3007,RUNTIME_USER_DATA,EXCLUDE_SENSITIVE,"Prior project states, prompts, logs, checkpoints, and user data must not enter a public plugin."
data/runtime-prompts/1783817155693_repair.prompt.txt,17836,8d69241df63571054931190703f8999af2960809b5d72863039958ca5126f46b,.txt,155,RUNTIME_USER_DATA,EXCLUDE_SENSITIVE,"Prior project states, prompts, logs, checkpoints, and user data must not enter a public plugin."
data/runtime-prompts/1783817159626_repair.prompt.txt,17980,9d925da22089b769d3ebbe64d65ad2598513e0ea4d63479ee800e1b633c62e71,.txt,160,RUNTIME_USER_DATA,EXCLUDE_SENSITIVE,"Prior project states, prompts, logs, checkpoints, and user data must not enter a public plugin."
data/runtime-prompts/1783817163111_repair.prompt.txt,18134,90561849792305dff139b98c753234655d4ef5a365764154e36e5b7b5bfa9646,.txt,165,RUNTIME_USER_DATA,EXCLUDE_SENSITIVE,"Prior project states, prompts, logs, checkpoints, and user data must not enter a public plugin."
data/runtime-prompts/1783817167058_repair.prompt.txt,18298,6698a8496f4d05eb72a0ab5b4916af4b0dff5862898386dfde3cfd45e10a6dbc,.txt,170,RUNTIME_USER_DATA,EXCLUDE_SENSITIVE,"Prior project states, prompts, logs, checkpoints, and user data must not enter a public plugin."
data/runtime-prompts/1783817170543_repair.prompt.txt,18521,415de29d829c0dc92704c03cc1c4a9a525779ef385607c8e51f51a8d4816790a,.txt,175,RUNTIME_USER_DATA,EXCLUDE_SENSITIVE,"Prior project states, prompts, logs, checkpoints, and user data must not enter a public plugin."
data/runtime-prompts/1783817173661_repair.prompt.txt,18537,9bf6d257351dc0c1f4d0723a30dcbcbd45e707e8d54ab3f24c1f2adf18898071,.txt,175,RUNTIME_USER_DATA,EXCLUDE_SENSITIVE,"Prior project states, prompts, logs, checkpoints, and user data must not enter a public plugin."
data/runtime-prompts/1783817786161_analyze.prompt.txt,177294,9fc59720f00c0519ea27e16789085eacf41a464d2f78cc1972a50f759020caba,.txt,3007,RUNTIME_USER_DATA,EXCLUDE_SENSITIVE,"Prior project states, prompts, logs, checkpoints, and user data must not enter a public plugin."
data/runtime-prompts/1784290131642_analyze.prompt.txt,160327,2c3fcb1bfe0599789a2ac39c1cd82ac2a664723712a748b9db462597875d023a,.txt,2010,RUNTIME_USER_DATA,EXCLUDE_SENSITIVE,"Prior project states, prompts, logs, checkpoints, and user data must not enter a public plugin."
data/server-3847.err.log,362,97aa56ee682e8497741b23a1262db1c51362cff552bb9d55e8915cf5d60f3c0b,.log,2,RUNTIME_USER_DATA,EXCLUDE_SENSITIVE,"Prior project states, prompts, logs, checkpoints, and user data must not enter a public plugin."
data/server-3847.out.log,797,944fb9dd2570810681cad9b98a482f107ce426bd6b61a721b6f6fcdb8399d687,.log,7,RUNTIME_USER_DATA,EXCLUDE_SENSITIVE,"Prior project states, prompts, logs, checkpoints, and user data must not enter a public plugin."
data/uploads/2e3b4b27-6740-437b-af35-04efc377842b/documents/login_0266352d.html,11467,63ac2e4ce1f1f9ff29b8a24f9a9341f03bf175c112667cefa0622cce2be1fb1f,.html,219,RUNTIME_USER_DATA,EXCLUDE_SENSITIVE,"Prior project states, prompts, logs, checkpoints, and user data must not enter a public plugin."
data/uploads/2e3b4b27-6740-437b-af35-04efc377842b/documents/product_detail_screen_7832b009.html,5053,bf203f87a506ac5237bc914750f27dae3aebf43e41e5b6b47af642a6bbd98a60,.html,117,RUNTIME_USER_DATA,EXCLUDE_SENSITIVE,"Prior project states, prompts, logs, checkpoints, and user data must not enter a public plugin."
frontend/components/progress-bar.mjs,6502,572d5260d226b92716591456bdee5cd885b301495d91f6e0e6ddb98d2a543758,.mjs,175,STANDALONE_LOCAL_UI,EXCLUDE_TARGET_MISMATCH,Standalone Express/WebSocket UI is not needed for a Codex web marketplace skill-only plugin.
frontend/components/spec-table.mjs,3644,8fc8f5cd5cfc5ff8fffc24e8fd86f418fd610c7c63f9ecbf6341042a4c37ced6,.mjs,111,STANDALONE_LOCAL_UI,EXCLUDE_TARGET_MISMATCH,Standalone Express/WebSocket UI is not needed for a Codex web marketplace skill-only plugin.
frontend/components/task-tree.mjs,9878,8eeebe8eac71e78e3089b756014dd90d384e94f64529199d57125b4f952ed006,.mjs,310,STANDALONE_LOCAL_UI,EXCLUDE_TARGET_MISMATCH,Standalone Express/WebSocket UI is not needed for a Codex web marketplace skill-only plugin.
frontend/components/toast.mjs,3874,7be2007f3e43342802f5a1f7df0b00d15165e9563d2de77a1c3f6ac9b0df4b9e,.mjs,107,STANDALONE_LOCAL_UI,EXCLUDE_TARGET_MISMATCH,Standalone Express/WebSocket UI is not needed for a Codex web marketplace skill-only plugin.
frontend/css/animations.css,5774,8b69f7bf1a33b588f366891e79ea62153da65dc5f219ddb8d2e1f1fd54cf872b,.css,324,STANDALONE_LOCAL_UI,EXCLUDE_TARGET_MISMATCH,Standalone Express/WebSocket UI is not needed for a Codex web marketplace skill-only plugin.
frontend/css/concept-picker.css,15118,a1ff0c764939e3d22738f66f9703ccedb7b31ffc04a17a864425491f959ed948,.css,738,MANUAL_DESIGN_UI,DELETE_REPLACED,Manual concept/color selection is removed and replaced with dynamic body-backed research gates.
frontend/css/controls.css,17998,8aa1b8d376793750378993da3efd8ecfe2eed1cf05e9848a0fc3ecda66d5ca82,.css,878,STANDALONE_LOCAL_UI,EXCLUDE_TARGET_MISMATCH,Standalone Express/WebSocket UI is not needed for a Codex web marketplace skill-only plugin.
frontend/css/main.css,5183,999751e0903c561d2cbc8bd000fb72b99c9322556e8ba15fb7315878d81e0e42,.css,334,STANDALONE_LOCAL_UI,EXCLUDE_TARGET_MISMATCH,Standalone Express/WebSocket UI is not needed for a Codex web marketplace skill-only plugin.
frontend/css/monitor.css,4839,4edb832dc8908e6cad7a1130b562986d18c4ad6a68877eba0c7ce74be14e6882,.css,223,STANDALONE_LOCAL_UI,EXCLUDE_TARGET_MISMATCH,Standalone Express/WebSocket UI is not needed for a Codex web marketplace skill-only plugin.
frontend/css/panels.css,8588,cc3d4c96daaf28905e6bf4ba3ff3d58b926fc291418d2eec9c6b6811b09b4be2,.css,408,STANDALONE_LOCAL_UI,EXCLUDE_TARGET_MISMATCH,Standalone Express/WebSocket UI is not needed for a Codex web marketplace skill-only plugin.
frontend/css/plan-view.css,12796,21db915d9cd4e2877fff86c2b83d029d0615dd4342b0b4ffb916d58e496749b6,.css,615,STANDALONE_LOCAL_UI,EXCLUDE_TARGET_MISMATCH,Standalone Express/WebSocket UI is not needed for a Codex web marketplace skill-only plugin.
frontend/index.html,12145,7874f977b4e1eb9ca57425771860caf4fa271b444a1d005edc4e344e5d373fb8,.html,256,STANDALONE_LOCAL_UI,EXCLUDE_TARGET_MISMATCH,Standalone Express/WebSocket UI is not needed for a Codex web marketplace skill-only plugin.
frontend/js/app.mjs,45771,b87a31fba06aea8d911acef2a1849254db289c85858a06d8dc4a63756325caf7,.mjs,1206,STANDALONE_LOCAL_UI,EXCLUDE_TARGET_MISMATCH,Standalone Express/WebSocket UI is not needed for a Codex web marketplace skill-only plugin.
frontend/js/app.mjs.bak-20260712-093316,41139,a90356413b856b85b372fc5b77070e976b9a0204266796ed7d5025bae3600423,.bak-20260712-093316,1103,BACKUP_COPY,EXCLUDE,Backup/corrupt copies are inventoried but excluded from active package.
frontend/js/color-picker.mjs,21876,881f57a64c67d6c6e21f9780bfa41415bda0c6863516d41ef237a94140ac3ad8,.mjs,470,MANUAL_DESIGN_UI,DELETE_REPLACED,Manual concept/color selection is removed and replaced with dynamic body-backed research gates.
frontend/js/concept-picker.mjs,12957,ca148ddfef3dc8f106c701f93f5ab335ea4b15e5e327a776a273fa21b36b124a,.mjs,364,MANUAL_DESIGN_UI,DELETE_REPLACED,Manual concept/color selection is removed and replaced with dynamic body-backed research gates.
frontend/js/file-drop.mjs,10971,91203225eb15699041f2fefb64c93558feac25ee7e39f19e05153aafb4a357d5,.mjs,402,STANDALONE_LOCAL_UI,EXCLUDE_TARGET_MISMATCH,Standalone Express/WebSocket UI is not needed for a Codex web marketplace skill-only plugin.
frontend/js/mode-toggle.mjs,2474,d11c72d5f242d934a4bdf4ad1eff57d7fa356ce990f79b59f518498c575c403d,.mjs,85,STANDALONE_LOCAL_UI,EXCLUDE_TARGET_MISMATCH,Standalone Express/WebSocket UI is not needed for a Codex web marketplace skill-only plugin.
frontend/js/natural-lang.mjs,5581,dcc354a5ade59ba7490d512e4d70c043424ef6535999cf9566b5b6132c22a651,.mjs,189,STANDALONE_LOCAL_UI,EXCLUDE_TARGET_MISMATCH,Standalone Express/WebSocket UI is not needed for a Codex web marketplace skill-only plugin.
frontend/js/node-graph.mjs,8483,eb7ec7897fd05a81303273acd7c9265f6351ed53119eb9e354e6c90ae8453d54,.mjs,275,STANDALONE_LOCAL_UI,EXCLUDE_TARGET_MISMATCH,Standalone Express/WebSocket UI is not needed for a Codex web marketplace skill-only plugin.
frontend/js/pipeline-view.mjs,5732,2ef91eff78b2f847fcffbeb6b7e32176e830234b68468a30174e0fd9081d6221,.mjs,180,STANDALONE_LOCAL_UI,EXCLUDE_TARGET_MISMATCH,Standalone Express/WebSocket UI is not needed for a Codex web marketplace skill-only plugin.
frontend/js/plan-presenter.mjs,8714,6ddaf90290da141cfecaf8a90e5fa2c9a39070f6877e50d1c5477537446b5fa1,.mjs,291,STANDALONE_LOCAL_UI,EXCLUDE_TARGET_MISMATCH,Standalone Express/WebSocket UI is not needed for a Codex web marketplace skill-only plugin.
frontend/js/project-manager.mjs,8777,f85752fd695ef5d16380697144d7b727a50ed9f40a6cb0ec88704525575ae711,.mjs,358,STANDALONE_LOCAL_UI,EXCLUDE_TARGET_MISMATCH,Standalone Express/WebSocket UI is not needed for a Codex web marketplace skill-only plugin.
frontend/js/radar-chart.mjs,8129,b1f0565233ff27315a57762bb46b63339cfa8082601670369c3c68a34e414807,.mjs,310,STANDALONE_LOCAL_UI,EXCLUDE_TARGET_MISMATCH,Standalone Express/WebSocket UI is not needed for a Codex web marketplace skill-only plugin.
frontend/js/ws-client.mjs,5268,5202351fd5f2c2f384415ac92df1b7faff897b403c9e73d7f2634f18fafcb860,.mjs,217,STANDALONE_LOCAL_UI,EXCLUDE_TARGET_MISMATCH,Standalone Express/WebSocket UI is not needed for a Codex web marketplace skill-only plugin.
node_modules/.bin/mime,371,394b93eaaac25f18a20d7cdd80920ecca1fe43c8e5b37501389e644944c6e01f,,16,DEPENDENCY_CACHE,EXCLUDE,Reinstall from package lock; publishing vendored dependencies increases size and supply-chain risk.
node_modules/.bin/mime.cmd,316,cd5ca2f059e780c0a4b1aa9cdd6edc7dc10413d30bf51ad537adbd428e5e7a16,.cmd,17,DEPENDENCY_CACHE,EXCLUDE,Reinstall from package lock; publishing vendored dependencies increases size and supply-chain risk.
node_modules/.bin/mime.ps1,769,a43d8b7d57dbbb21f2f98c331970d011177fa1c6be327aa0dbb84c1ad01e9201,.ps1,28,DEPENDENCY_CACHE,EXCLUDE,Reinstall from package lock; publishing vendored dependencies increases size and supply-chain risk.
node_modules/.bin/mkdirp,383,147017d5c4a64d06818cc410bdd0fa4b974fc79c1c4f1045afa94da1dd35b39a,,16,DEPENDENCY_CACHE,EXCLUDE,Reinstall from package lock; publishing vendored dependencies increases size and supply-chain risk.
node_modules/.bin/mkdirp.cmd,322,373083e436d985be1d1ad725dcabef0f13e048aa1f519c34da3e8aa4ad4feeb9,.cmd,17,DEPENDENCY_CACHE,EXCLUDE,Reinstall from package lock; publishing vendored dependencies increases size and supply-chain risk.
node_modules/.bin/mkdirp.ps1,793,a6340c3df00db2324cf2ebd8f8cfbb46dfdbddba829e7af251b9f6fd0a48b6ce,.ps1,28,DEPENDENCY_CACHE,EXCLUDE,Reinstall from package lock; publishing vendored dependencies increases size and supply-chain risk.
node_modules/.bin/uuid,393,a8135fd7e2784d4394bd193833dc26056aaebb4b08b14787095e7dfe0db9a03c,,16,DEPENDENCY_CACHE,EXCLUDE,Reinstall from package lock; publishing vendored dependencies increases size and supply-chain risk.
node_modules/.bin/uuid.cmd,327,d34a6021d44420a4b1f35b0c2535a27f9b87490ead80505650b5a4b104cf0ab6,.cmd,17,DEPENDENCY_CACHE,EXCLUDE,Reinstall from package lock; publishing vendored dependencies increases size and supply-chain risk.
node_modules/.bin/uuid.ps1,813,8adfb71e0cfd830ad35c15ca184f0f10372f12bb896addda63ec877e8da30cca,.ps1,28,DEPENDENCY_CACHE,EXCLUDE,Reinstall from package lock; publishing vendored dependencies increases size and supply-chain risk.
node_modules/.package-lock.json,39175,26cfd1a11e0c0028f15f89df1e1e6419bbbe1dee00eccbc36b4a2b8f2634efb0,.json,1082,DEPENDENCY_CACHE,EXCLUDE,Reinstall from package lock; publishing vendored dependencies increases size and supply-chain risk.
node_modules/accepts/HISTORY.md,5096,ef66fe7e96fee5760f153fc5059124effa5310895b336585e3a80a93c9f2d9be,.md,243,DEPENDENCY_CACHE,EXCLUDE,Reinstall from package lock; publishing vendored dependencies increases size and supply-chain risk.
node_modules/accepts/index.js,5252,be2decbd50610e8f995c1e312ee4dd6d7c1244cfdf03ee4c4a3da68e572dada1,.js,238,DEPENDENCY_CACHE,EXCLUDE,Reinstall from package lock; publishing vendored dependencies increases size and supply-chain risk.
node_modules/accepts/LICENSE,1167,71f83c4c0621102a56d9853812777b85751bce7e9726f686f5b056c1f8a4b0e6,,23,DEPENDENCY_CACHE,EXCLUDE,Reinstall from package lock; publishing vendored dependencies increases size and supply-chain risk.
node_modules/accepts/package.json,1157,e5716d5d939db08c5c28ec6ae86ed67be5320f91089e2673fca1c5b876e57aa3,.json,47,DEPENDENCY_CACHE,EXCLUDE,Reinstall from package lock; publishing vendored dependencies increases size and supply-chain risk.
node_modules/accepts/README.md,4123,c25a1071e5aa1b1b43e10f083e8d97c3dbf1f7700cfa38b5cbc40725662e1ae0,.md,140,DEPENDENCY_CACHE,EXCLUDE,Reinstall from package lock; publishing vendored dependencies increases size and supply-chain risk.
node_modules/append-field/.npmignore,14,4d56952b0fb13bf8f9b6c13a6d4c34a075bac3af447636a1df4335d7576e2f97,,1,DEPENDENCY_CACHE,EXCLUDE,Reinstall from package lock; publishing vendored dependencies increases size and supply-chain risk.
node_modules/append-field/index.js,307,7936bb3a4f3ddd2777cdd9c8a66262d13b8666654e76ea49a005442466d0a341,.js,12,DEPENDENCY_CACHE,EXCLUDE,Reinstall from package lock; publishing vendored dependencies increases size and supply-chain risk.
node_modules/append-field/lib/parse-path.js,1112,2ecbacf8bb8141a9de8e2d206fe061395bfa340134165847d536c1e4e13450ad,.js,53,DEPENDENCY_CACHE,EXCLUDE,Reinstall from package lock; publishing vendored dependencies increases size and supply-chain risk.
node_modules/append-field/lib/set-value.js,1642,1b2beb3a462895e8c206caf209d0d323a4c4d97b67313c8b2dd4ee8d977ea793,.js,64,DEPENDENCY_CACHE,EXCLUDE,Reinstall from package lock; publishing vendored dependencies increases size and supply-chain risk.
node_modules/append-field/LICENSE,1082,fe9a7f8b8afc8cea446e8d65a3bbf9bbe278d96c35320b43e57c47f26e447619,,21,DEPENDENCY_CACHE,EXCLUDE,Reinstall from package lock; publishing vendored dependencies increases size and supply-chain risk.
node_modules/append-field/package.json,416,e8af240292f03363891c9fbb252d78dfcba4a4cba574d30aace32341d2fe7a22,.json,19,DEPENDENCY_CACHE,EXCLUDE,Reinstall from package lock; publishing vendored dependencies increases size and supply-chain risk.
node_modules/append-field/README.md,1016,60fa336214ae1bcc9bc8ee33bea24d6edd5c1f49ba232b0c5464e7519f3ce4d2,.md,44,DEPENDENCY_CACHE,EXCLUDE,Reinstall from package lock; publishing vendored dependencies increases size and supply-chain risk.
node_modules/append-field/test/forms.js,450,9d551f60d7337636fcf9070f496c27ac5029fb39f4101abc6b68766302b70b51,.js,19,DEPENDENCY_CACHE,EXCLUDE,Reinstall from package lock; publishing vendored dependencies increases size and supply-chain risk.
node_modules/array-flatten/array-flatten.js,1195,766ca145b6d25e3d60f352a716e8fa1876bcdf362c0767c360cf24f335bc281e,.js,64,DEPENDENCY_CACHE,EXCLUDE,Reinstall from package lock; publishing vendored dependencies increases size and supply-chain risk.
node_modules/array-flatten/LICENSE,1103,4eeb3271453a891df609e5a9f4ee79a68307f730c13417a3bfeffa604ac8cf25,,21,DEPENDENCY_CACHE,EXCLUDE,Reinstall from package lock; publishing vendored dependencies increases size and supply-chain risk.
node_modules/array-flatten/package.json,879,5c5e0e10cfa23f163d1fe68aa57a881d09cac39d720e1361c697b86c4d33e0f5,.json,39,DEPENDENCY_CACHE,EXCLUDE,Reinstall from package lock; publishing vendored dependencies increases size and supply-chain risk.
node_modules/array-flatten/README.md,1245,071dd896356da12269508f361958ec622e47b27a96d7efdba23b671bc3470416,.md,43,DEPENDENCY_CACHE,EXCLUDE,Reinstall from package lock; publishing vendored dependencies increases size and supply-chain risk.
node_modules/body-parser/HISTORY.md,17090,c4f30b45f26a6925147596452b3c2ba93a7dd587b4393042f36ae79e3d99da54,.md,686,DEPENDENCY_CACHE,EXCLUDE,Reinstall from package lock; publishing vendored dependencies increases size and supply-chain risk.
node_modules/body-parser/index.js,2681,9c6c900e7e85fb599c62d9b9e4dfd2ea2f61d119dce5ed69ac3a8da828819241,.js,156,DEPENDENCY_CACHE,EXCLUDE,Reinstall from package lock; publishing vendored dependencies increases size and supply-chain risk.
node_modules/body-parser/lib/read.js,4325,1e9e274755366c39ae70e8b9a7a42fc12219566e67efaf9b7ebc2a8b337f5b6b,.js,205,DEPENDENCY_CACHE,EXCLUDE,Reinstall from package lock; publishing vendored dependencies increases size and supply-chain risk.
node_modules/body-parser/lib/types/json.js,5247,c3a763414e0201173e421492fdbe71ff8af80af91d2111a222e7c3b76aacf2ed,.js,243,DEPENDENCY_CACHE,EXCLUDE,Reinstall from package lock; publishing vendored dependencies increases size and supply-chain risk.
node_modules/body-parser/lib/types/raw.js,1884,4e9cc80a7ee8bd667c68c264b4c374b28e731246ddb6ec22c3968daf837e30a2,.js,101,DEPENDENCY_CACHE,EXCLUDE,Reinstall from package lock; publishing vendored dependencies increases size and supply-chain risk.
node_modules/body-parser/lib/types/text.js,2285,54a6e8ef720b06a300b21f6c60387805dec743a64154784a609dfe8c6860776a,.js,121,DEPENDENCY_CACHE,EXCLUDE,Reinstall from package lock; publishing vendored dependencies increases size and supply-chain risk.
node_modules/body-parser/lib/types/urlencoded.js,6252,41de19d276046974f2ab86226cf084652691b18c533204dea3c4d43f9e2f1a55,.js,299,DEPENDENCY_CACHE,EXCLUDE,Reinstall from package lock; publishing vendored dependencies increases size and supply-chain risk.
node_modules/body-parser/LICENSE,1172,23d466b1b134b415b66fa50c6526b4cf3e7b9258554da88d3abb371721e7ce68,,23,DEPENDENCY_CACHE,EXCLUDE,Reinstall from package lock; publishing vendored dependencies increases size and supply-chain risk.
node_modules/body-parser/package.json,1461,387e86820743b803cea33ff5ccefe0f9b7dfe7f561a5b2df5b98312c68d27e79,.json,55,DEPENDENCY_CACHE,EXCLUDE,Reinstall from package lock; publishing vendored dependencies increases size and supply-chain risk.
node_modules/body-parser/README.md,19180,80695d7f01d96c75a55d3b83f989ee421fcc3bdd8dfc973409d5dfc5eb9767ef,.md,476,DEPENDENCY_CACHE,EXCLUDE,Reinstall from package lock; publishing vendored dependencies increases size and supply-chain risk.
node_modules/buffer-from/index.js,1675,2c069ba678c6db9acd475bcc8c5be20eb5077ea26c67514dea9429bc1ad4ff2f,.js,72,DEPENDENCY_CACHE,EXCLUDE,Reinstall from package lock; publishing vendored dependencies increases size and supply-chain risk.
node_modules/buffer-from/LICENSE,1078,14275f5c8139d02054c5259d52a88ccbba662a86af18c30f071c8d082dc6004c,,21,DEPENDENCY_CACHE,EXCLUDE,Reinstall from package lock; publishing vendored dependencies increases size and supply-chain risk.
node_modules/buffer-from/package.json,304,f7cde31d1db3e71738045206397d472e1f12513643ba4b9fd60ea337f22b1e3f,.json,19,DEPENDENCY_CACHE,EXCLUDE,Reinstall from package lock; publishing vendored dependencies increases size and supply-chain risk.
node_modules/buffer-from/readme.md,1990,b8ead24fbe5797f6980b6dd6b54508e528871d47e6c124dd5a3fef2f93467da9,.md,69,DEPENDENCY_CACHE,EXCLUDE,Reinstall from package lock; publishing vendored dependencies increases size and supply-chain risk.
node_modules/busboy/.eslintrc.js,73,df85748adac0bd2d13fb6f3b3833d3cda0429e60296a111057dc05fbe3b00025,.js,5,DEPENDENCY_CACHE,EXCLUDE,Reinstall from package lock; publishing vendored dependencies increases size and supply-chain risk.
node_modules/busboy/.github/workflows/ci.yml,518,5c9c3871cbded8303801b572ec8c873e61c4286e15470d57b758522a2a6083f0,.yml,24,DEPENDENCY_CACHE,EXCLUDE,Reinstall from package lock; publishing vendored dependencies increases size and supply-chain risk.
node_modules/busboy/.github/workflows/lint.yml,471,3dbdd9b8482cf250da0d4160e61f968918bf119a5808e553270733fc11fcfc21,.yml,23,DEPENDENCY_CACHE,EXCLUDE,Reinstall from package lock; publishing vendored dependencies increases size and supply-chain risk.
node_modules/busboy/bench/bench-multipart-fields-100mb-big.js,3178,7726272611fb129599806ef324f63d7e0834c454d12f5bf3bb1cfe2208cf09b3,.js,149,DEPENDENCY_CACHE,EXCLUDE,Reinstall from package lock; publishing vendored dependencies increases size and supply-chain risk.
node_modules/busboy/bench/bench-multipart-fields-100mb-small.js,3169,dc4db3c18680fe5e15c8f325aabead9d7d8f1231636b0b6d053aeb063d045a25,.js,143,DEPENDENCY_CACHE,EXCLUDE,Reinstall from package lock; publishing vendored dependencies increases size and supply-chain risk.
node_modules/busboy/bench/bench-multipart-files-100mb-big.js,3349,36892d4e23afedd50c59243bb1024798aaa8f08d4abaff8c84c498ba449bbfee,.js,154,DEPENDENCY_CACHE,EXCLUDE,Reinstall from package lock; publishing vendored dependencies increases size and supply-chain risk.
node_modules/busboy/bench/bench-multipart-files-100mb-small.js,3340,d96037d8a4cfae71e62043ed3c4af3c833193faf473b6645cae12de978ec13db,.js,148,DEPENDENCY_CACHE,EXCLUDE,Reinstall from package lock; publishing vendored dependencies increases size and supply-chain risk.
node_modules/busboy/bench/bench-urlencoded-fields-100pairs-small.js,2211,f29afe73d7fa960c0d57d51d635ecd3b73060e1fbd75027c01eff987c9be4f36,.js,101,DEPENDENCY_CACHE,EXCLUDE,Reinstall from package lock; publishing vendored dependencies increases size and supply-chain risk.
node_modules/busboy/bench/bench-urlencoded-fields-900pairs-small-alt.js,1808,ee1358610ccc22453df158cea583e087122d1fa9b8055994d3fc7d1fbe52715d,.js,84,DEPENDENCY_CACHE,EXCLUDE,Reinstall from package lock; publishing vendored dependencies increases size and supply-chain risk.
node_modules/busboy/lib/index.js,1576,68b02752427ebe8bd96212a86f64e032ffcee4443d5bfe9b2d1b1d84980e7e39,.js,57,DEPENDENCY_CACHE,EXCLUDE,Reinstall from package lock; publishing vendored dependencies increases size and supply-chain risk.
node_modules/busboy/lib/types/multipart.js,18985,ed88b51e44c230f124163a75ee87cba322584a2f0360eafc7b38727a33ec9268,.js,653,DEPENDENCY_CACHE,EXCLUDE,Reinstall from package lock; publishing vendored dependencies increases size and supply-chain risk.
node_modules/busboy/lib/types/urlencoded.js,10705,282f1bdfc0b39031f01cdf8f91cb5072c16e325cd4dde40883119b42322b8434,.js,350,DEPENDENCY_CACHE,EXCLUDE,Reinstall from package lock; publishing vendored dependencies increases size and supply-chain risk.
node_modules/busboy/lib/utils.js,16220,32df95b2d52d7f1c3f7afe9ebd03ca4780b418c17b7bb540548167f2ac14f975,.js,596,DEPENDENCY_CACHE,EXCLUDE,Reinstall from package lock; publishing vendored dependencies increases size and supply-chain risk.
node_modules/busboy/LICENSE,1067,d06b5d27bbbbe22c36b1fd88406b1208876e2d37d795f5b8eaed951a459a3111,,19,DEPENDENCY_CACHE,EXCLUDE,Reinstall from package lock; publishing vendored dependencies increases size and supply-chain risk.
node_modules/busboy/package.json,810,4faefdc1fc73a2c8a87dfa0cc6ca3dc3d9e518abf9b92d84aa495c59b3e20c92,.json,22,DEPENDENCY_CACHE,EXCLUDE,Reinstall from package lock; publishing vendored dependencies increases size and supply-chain risk.
node_modules/busboy/README.md,7926,dee05a29f670de59c13433db96302d1c262386b68910667801011a022c19b550,.md,191,DEPENDENCY_CACHE,EXCLUDE,Reinstall from package lock; publishing vendored dependencies increases size and supply-chain risk.
node_modules/busboy/test/common.js,2799,ae7b4e3d7550ae34c1ac0ae1690deb88b4a0441dc04ba7b9a2c3613657db05ee,.js,109,DEPENDENCY_CACHE,EXCLUDE,Reinstall from package lock; publishing vendored dependencies increases size and supply-chain risk.
node_modules/busboy/test/test-types-multipart-charsets.js,2061,4ce92eeef8c9b09f14ca215f0073fc5950f2d680670aa92d4895aa7785f7d1ff,.js,94,DEPENDENCY_CACHE,EXCLUDE,Reinstall from package lock; publishing vendored dependencies increases size and supply-chain risk.
node_modules/busboy/test/test-types-multipart-stream-pause.js,2369,3d3e2b017071fe497c94e4a0739f8d16a56a2a1a8854003018abda4166247c31,.js,102,DEPENDENCY_CACHE,EXCLUDE,Reinstall from package lock; publishing vendored dependencies increases size and supply-chain risk.
node_modules/busboy/test/test-types-multipart.js,30013,2497e09f81d44340d3a4f58abfd0ef7098d2245456bbba70fbeca3f2bf7eae44,.js,1053,DEPENDENCY_CACHE,EXCLUDE,Reinstall from package lock; publishing vendored dependencies increases size and supply-chain risk.
node_modules/busboy/test/test-types-urlencoded.js,11210,b6e0a4210bc567af8e9857c414f59ec928bc16e94f3cac9b88681ba16b70752b,.js,488,DEPENDENCY_CACHE,EXCLUDE,Reinstall from package lock; publishing vendored dependencies increases size and supply-chain risk.
node_modules/busboy/test/test.js,539,2fc96f237f4e3ab320645b519317c8c1063e77934a94ec30ea7b806836958e74,.js,20,DEPENDENCY_CACHE,EXCLUDE,Reinstall from package lock; publishing vendored dependencies increases size and supply-chain risk.
node_modules/bytes/History.md,1775,b335e48648e33bd56c3bcadbdad4c5a8b419099e7369d3dc845c106ddb49fc1c,.md,97,DEPENDENCY_CACHE,EXCLUDE,Reinstall from package lock; publishing vendored dependencies increases size and supply-chain risk.
node_modules/bytes/index.js,3613,893fcbbbe962dc00e40dc2e4b20e76e92d874dd257345003c6575d940e91a37f,.js,170,DEPENDENCY_CACHE,EXCLUDE,Reinstall from package lock; publishing vendored dependencies increases size and supply-chain risk.
node_modules/bytes/LICENSE,1153,e3b44af066615de2ea48d18d852d0762f18c0b2efcea714fa48a6f729d405b85,,23,DEPENDENCY_CACHE,EXCLUDE,Reinstall from package lock; publishing vendored dependencies increases size and supply-chain risk.
node_modules/bytes/package.json,959,99b21c09ce812dc76a06cd87c4753247cb9615c6a8501c5a5a9d9caa22ea2d12,.json,42,DEPENDENCY_CACHE,EXCLUDE,Reinstall from package lock; publishing vendored dependencies increases size and supply-chain risk.
node_modules/bytes/Readme.md,4770,761e5a8818f8de496a4df6632fa30df65b62e00d5db2b297096c63e07d61f740,.md,152,DEPENDENCY_CACHE,EXCLUDE,Reinstall from package lock; publishing vendored dependencies increases size and supply-chain risk.
node_modules/call-bind-apply-helpers/.eslintrc,232,dc98854dfa3be24e5f38a1b7a4a052388dd0c0b73e035c85a740c932be6c4d3c,,17,DEPENDENCY_CACHE,EXCLUDE,Reinstall from package lock; publishing vendored dependencies increases size and supply-chain risk.
node_modules/call-bind-apply-helpers/.github/FUNDING.yml,594,ac7406f8f3f8eee59a2cefb2b2064ef232d01df43b7a9184cb7f48db7a8f7514,.yml,12,DEPENDENCY_CACHE,EXCLUDE,Reinstall from package lock; publishing vendored dependencies increases size and supply-chain risk.
node_modules/call-bind-apply-helpers/.nycrc,139,997785c50b0773e5e18bf15550fbf57823c634fefe623cd37b3c83696402ad0a,,9,DEPENDENCY_CACHE,EXCLUDE,Reinstall from package lock; publishing vendored dependencies increases size and supply-chain risk.
node_modules/call-bind-apply-helpers/actualApply.d.ts,23,c3be462785155944edb70e9ac81c626a33e2daf88d03172ec912e5ef22560300,.ts,1,DEPENDENCY_CACHE,EXCLUDE,Reinstall from package lock; publishing vendored dependencies increases size and supply-chain risk.
node_modules/call-bind-apply-helpers/actualApply.js,280,1cbe921bb00b03294815ff0ece4212f276870466961773ce238802bc71474540,.js,10,DEPENDENCY_CACHE,EXCLUDE,Reinstall from package lock; publishing vendored dependencies increases size and supply-chain risk.
node_modules/call-bind-apply-helpers/applyBind.d.ts,614,ac3fcf3b11ad534a6a6c1be0024bfa1810b33d306c9e2bfe8ddb436cf0f5092e,.ts,19,DEPENDENCY_CACHE,EXCLUDE,Reinstall from package lock; publishing vendored dependencies increases size and supply-chain risk.
node_modules/call-bind-apply-helpers/applyBind.js,264,3e65d83cecb93fa80dc5ad4d86d98f9e715e101ac3d8ec56d36ee669f1180bd0,.js,10,DEPENDENCY_CACHE,EXCLUDE,Reinstall from package lock; publishing vendored dependencies increases size and supply-chain risk.
node_modules/call-bind-apply-helpers/CHANGELOG.md,1938,66327c6e1f42173b24ddd1c04500518452d501c957c314c5c366a5e39bdfcc85,.md,30,DEPENDENCY_CACHE,EXCLUDE,Reinstall from package lock; publishing vendored dependencies increases size and supply-chain risk.
node_modules/call-bind-apply-helpers/functionApply.d.ts,34,9c5e0d0415fb0e4f7e9b5ed63f1589225fe6f4a6497a01137180a81fb9151811,.ts,1,DEPENDENCY_CACHE,EXCLUDE,Reinstall from package lock; publishing vendored dependencies increases size and supply-chain risk.
node_modules/call-bind-apply-helpers/functionApply.js,99,6170e997fbe03c6f8ff48946ada7d54c7aadc01531509af81f0edfdb7be00e27,.js,4,DEPENDENCY_CACHE,EXCLUDE,Reinstall from package lock; publishing vendored dependencies increases size and supply-chain risk.
node_modules/call-bind-apply-helpers/functionCall.d.ts,33,ba70f88edbb43a82675128e26f497b940da4e5d1abeed986c3bb03427cc1d4ea,.ts,1,DEPENDENCY_CACHE,EXCLUDE,Reinstall from package lock; publishing vendored dependencies increases size and supply-chain risk.
node_modules/call-bind-apply-helpers/functionCall.js,97,22d50c812748973250e9aa1994882a880c6e3bfc90d45e41f609cab97beee3fe,.js,4,DEPENDENCY_CACHE,EXCLUDE,Reinstall from package lock; publishing vendored dependencies increases size and supply-chain risk.
node_modules/call-bind-apply-helpers/index.d.ts,2226,47f88260dacdcbb125448220446b7f71a48fb392267ec81db281f50fd380def2,.ts,64,DEPENDENCY_CACHE,EXCLUDE,Reinstall from package lock; publishing vendored dependencies increases size and supply-chain risk.
node_modules/call-bind-apply-helpers/index.js,511,6a7ff51e964c2f1e24e3f3a90f41895bec230f07c3001eb29f45741ff99d7a83,.js,15,DEPENDENCY_CACHE,EXCLUDE,Reinstall from package lock; publishing vendored dependencies increases size and supply-chain risk.
node_modules/call-bind-apply-helpers/LICENSE,1071,5e325595b4ea8cfec3802f545b1def5d7b73e4a5b8e9ba63e32a320f67732292,,21,DEPENDENCY_CACHE,EXCLUDE,Reinstall from package lock; publishing vendored dependencies increases size and supply-chain risk.
node_modules/call-bind-apply-helpers/package.json,2480,59639b628c6846f674857c6a613fd47e2e4d2a24036cdf0f7a62ac634f4c8a5f,.json,85,DEPENDENCY_CACHE,EXCLUDE,Reinstall from package lock; publishing vendored dependencies increases size and supply-chain risk.
node_modules/call-bind-apply-helpers/README.md,2330,9505a31673f63c1d4fe2fa70fbfcbf6b6ad71a323911e2e94ad9bf6649c9e002,.md,62,DEPENDENCY_CACHE,EXCLUDE,Reinstall from package lock; publishing vendored dependencies increases size and supply-chain risk.
node_modules/call-bind-apply-helpers/reflectApply.d.ts,82,936d6687c6f1a960dc45ae615e6b6f0bf4afc828eeed1a5990d65fd216b66e1b,.ts,3,DEPENDENCY_CACHE,EXCLUDE,Reinstall from package lock; publishing vendored dependencies increases size and supply-chain risk.
node_modules/call-bind-apply-helpers/reflectApply.js,132,e3ee45fb4c54bdb5f76ad4ef42780da004412ddb6d668993de4b9014efe246ff,.js,4,DEPENDENCY_CACHE,EXCLUDE,Reinstall from package lock; publishing vendored dependencies increases size and supply-chain risk.
node_modules/call-bind-apply-helpers/test/index.js,2658,8f68f29a54d276f06f12fe2143196130180e839ea75171b09e73c242433efeea,.js,63,DEPENDENCY_CACHE,EXCLUDE,Reinstall from package lock; publishing vendored dependencies increases size and supply-chain risk.
node_modules/call-bind-apply-helpers/tsconfig.json,115,e85504b06a62ff3963fd69c1d30589c0808e5ce70c244e74efcaed46a8ea77c9,.json,9,DEPENDENCY_CACHE,EXCLUDE,Reinstall from package lock; publishing vendored dependencies increases size and supply-chain risk.
node_modules/call-bound/.eslintrc,138,74e902a86f8225f37ee223801bbf5ac11f9d0a330a9b04c8909ef21147ffa412,,13,DEPENDENCY_CACHE,EXCLUDE,Reinstall from package lock; publishing vendored dependencies increases size and supply-chain risk.
node_modules/call-bound/.github/FUNDING.yml,581,c88d2ad0d92b2977876a4f81aa60c4151c5b3a9e12eefe0843c0fbb87997edc6,.yml,12,DEPENDENCY_CACHE,EXCLUDE,Reinstall from package lock; publishing vendored dependencies increases size and supply-chain risk.
node_modules/call-bound/.nycrc,139,997785c50b0773e5e18bf15550fbf57823c634fefe623cd37b3c83696402ad0a,,9,DEPENDENCY_CACHE,EXCLUDE,Reinstall from package lock; publishing vendored dependencies increases size and supply-chain risk.
node_modules/call-bound/CHANGELOG.md,2880,333cf17d395a3c807ba1f568ca16aac057d40c7f3e6ef8b1e2e4967d1d0d12a2,.md,42,DEPENDENCY_CACHE,EXCLUDE,Reinstall from package lock; publishing vendored dependencies increases size and supply-chain risk.
node_modules/call-bound/index.d.ts,4651,f8213a2dc5cb3a7b42d6708c68e36cbc2633552021ac89e618919cbecf6a2baa,.ts,94,DEPENDENCY_CACHE,EXCLUDE,Reinstall from package lock; publishing vendored dependencies increases size and supply-chain risk.
node_modules/call-bound/index.js,687,aaf524d09b5a4f8f732a516aa1c81e6e8c5d65ae3d01bce392e8fc1ac55c14ff,.js,19,DEPENDENCY_CACHE,EXCLUDE,Reinstall from package lock; publishing vendored dependencies increases size and supply-chain risk.
node_modules/call-bound/LICENSE,1071,5e325595b4ea8cfec3802f545b1def5d7b73e4a5b8e9ba63e32a320f67732292,,21,DEPENDENCY_CACHE,EXCLUDE,Reinstall from package lock; publishing vendored dependencies increases size and supply-chain risk.
node_modules/call-bound/package.json,2507,dcc8abb3c4ad3774234272149020cb36d7b1a3d377a419454d1e7adb368dd9c3,.json,99,DEPENDENCY_CACHE,EXCLUDE,Reinstall from package lock; publishing vendored dependencies increases size and supply-chain risk.
node_modules/call-bound/README.md,1897,8c1e445125b0119718896686b7c7015d1078fcc727327b6d1c4955df0b7b2d10,.md,53,DEPENDENCY_CACHE,EXCLUDE,Reinstall from package lock; publishing vendored dependencies increases size and supply-chain risk.
node_modules/call-bound/test/index.js,2418,ff0e2917d84f9254d28466934577d67f0b00589d637bad08e637cb3278e43f22,.js,61,DEPENDENCY_CACHE,EXCLUDE,Reinstall from package lock; publishing vendored dependencies increases size and supply-chain risk.
node_modules/call-bound/tsconfig.json,137,97ce3d982a834f79a60b6c4b8dccc0e961711f2e74fac4c8c2e1b877f9bc8bb4,.json,10,DEPENDENCY_CACHE,EXCLUDE,Reinstall from package lock; publishing vendored dependencies increases size and supply-chain risk.
node_modules/chokidar/esm/handler.d.ts,3883,839114ddc4236b8304df6a6c7cc6784913b7c69a63afd4ecb36fc5c9c57276fc,.ts,90,DEPENDENCY_CACHE,EXCLUDE,Reinstall from package lock; publishing vendored dependencies increases size and supply-chain risk.
node_modules/chokidar/esm/handler.js,24734,50717079fe9c9a45c47c6a154f2080b160388d51de71e34e751d3b1792d48b26,.js,629,DEPENDENCY_CACHE,EXCLUDE,Reinstall from package lock; publishing vendored dependencies increases size and supply-chain risk.
node_modules/chokidar/esm/index.d.ts,8062,cc4ecb6238b32248c6b58577a2ac2a6223c002c1a9e3f1f9424a89f44aa84f0a,.ts,215,DEPENDENCY_CACHE,EXCLUDE,Reinstall from package lock; publishing vendored dependencies increases size and supply-chain risk.
node_modules/chokidar/esm/index.js,29229,ec963bd3364e3ba0da0df2344c80ae77cfea292c5fe74650ae4675bf223de39a,.js,798,DEPENDENCY_CACHE,EXCLUDE,Reinstall from package lock; publishing vendored dependencies increases size and supply-chain risk.
node_modules/chokidar/esm/package.json,43,2ce1adbdeda823b44d6f39dc05828240810979ba1314dace973096d1df1a799f,.json,1,DEPENDENCY_CACHE,EXCLUDE,Reinstall from package lock; publishing vendored dependencies increases size and supply-chain risk.
node_modules/chokidar/handler.d.ts,3883,839114ddc4236b8304df6a6c7cc6784913b7c69a63afd4ecb36fc5c9c57276fc,.ts,90,DEPENDENCY_CACHE,EXCLUDE,Reinstall from package lock; publishing vendored dependencies increases size and supply-chain risk.
node_modules/chokidar/handler.js,25231,64de30a373f3a6c950962b73403e0c46860980c4fe67ea8daef62978be4069a4,.js,635,DEPENDENCY_CACHE,EXCLUDE,Reinstall from package lock; publishing vendored dependencies increases size and supply-chain risk.
node_modules/chokidar/index.d.ts,8062,cc4ecb6238b32248c6b58577a2ac2a6223c002c1a9e3f1f9424a89f44aa84f0a,.ts,215,DEPENDENCY_CACHE,EXCLUDE,Reinstall from package lock; publishing vendored dependencies increases size and supply-chain risk.
node_modules/chokidar/index.js,29865,049555dfb534996d9013eb4e235ffc2a45fd313b22723dd83247176b4603667c,.js,804,DEPENDENCY_CACHE,EXCLUDE,Reinstall from package lock; publishing vendored dependencies increases size and supply-chain risk.
node_modules/chokidar/LICENSE,1124,bdfd5e0edb6089e6586c8f15e6a86fab83ffbeeda3b3b7b33734ccb8c5906965,,21,DEPENDENCY_CACHE,EXCLUDE,Reinstall from package lock; publishing vendored dependencies increases size and supply-chain risk.
node_modules/chokidar/package.json,1517,4764fed21a281c69d98e06b4c3e7c22a8936069ed2d320330d9831d8a8bddd5a,.json,69,DEPENDENCY_CACHE,EXCLUDE,Reinstall from package lock; publishing vendored dependencies increases size and supply-chain risk.
node_modules/chokidar/README.md,13126,99a385ae31bd74254aad39e5acf5a539e1d7dca3ade3b87ba397de90593c598e,.md,305,DEPENDENCY_CACHE,EXCLUDE,Reinstall from package lock; publishing vendored dependencies increases size and supply-chain risk.
node_modules/concat-stream/index.js,3775,e222de1bad715d49d3e50421e0a06699f4fe9441de5f476f902d92999c1c1db5,.js,144,DEPENDENCY_CACHE,EXCLUDE,Reinstall from package lock; publishing vendored dependencies increases size and supply-chain risk.
node_modules/concat-stream/LICENSE,1084,96b29c9aaa611a05349b362d48c2ffce0966fe408401a2d1a157be312c035b5f,,24,DEPENDENCY_CACHE,EXCLUDE,Reinstall from package lock; publishing vendored dependencies increases size and supply-chain risk.
node_modules/concat-stream/package.json,1187,90182f042f9d995d6021ee7b9cb56d044b700fbf5f7dc03057343dcca4df00d5,.json,55,DEPENDENCY_CACHE,EXCLUDE,Reinstall from package lock; publishing vendored dependencies increases size and supply-chain risk.
node_modules/concat-stream/readme.md,3510,4cdbbbc44c41360e5bbb1dace0cab1f45370e4620632e6679235dfae783ddcb8,.md,102,DEPENDENCY_CACHE,EXCLUDE,Reinstall from package lock; publishing vendored dependencies increases size and supply-chain risk.
node_modules/content-disposition/HISTORY.md,1020,a4d8777eee00a49a897e8ed80b8deaee05915106d03a5b652e0ed1ca5bd605fd,.md,60,DEPENDENCY_CACHE,EXCLUDE,Reinstall from package lock; publishing vendored dependencies increases size and supply-chain risk.
node_modules/content-disposition/index.js,10594,e86a88a5d1a9dd74faa753ca4e47a78e38ae930f3206e5e887cf6cb0ad70cbf8,.js,458,DEPENDENCY_CACHE,EXCLUDE,Reinstall from package lock; publishing vendored dependencies increases size and supply-chain risk.
node_modules/content-disposition/LICENSE,1094,bd47ce7b88c7759630d1e2b9fcfa170a0f1fde522be09e13fb1581a79d090400,,22,DEPENDENCY_CACHE,EXCLUDE,Reinstall from package lock; publishing vendored dependencies increases size and supply-chain risk.
node_modules/content-disposition/package.json,1200,2459c0e8fbeb5716ab06e9ef73747bba46ed2bc52e310bd4e9f0ef1f102da61f,.json,44,DEPENDENCY_CACHE,EXCLUDE,Reinstall from package lock; publishing vendored dependencies increases size and supply-chain risk.
node_modules/content-disposition/README.md,5205,871c5ec648b67ad1a5791c6c4f95e5bb5df78ecc9aae0a3387e2a08e068c6968,.md,142,DEPENDENCY_CACHE,EXCLUDE,Reinstall from package lock; publishing vendored dependencies increases size and supply-chain risk.
node_modules/content-type/HISTORY.md,523,a8b6514926048a9bfad6c058a3f374797d1a752b47d00b03b34ff61d093a3b5d,.md,29,DEPENDENCY_CACHE,EXCLUDE,Reinstall from package lock; publishing vendored dependencies increases size and supply-chain risk.
node_modules/content-type/index.js,5002,7d76ae0f8ecc0a8c053de97b0f695f3fa3df33f692d1bd241307995304e5f63d,.js,225,DEPENDENCY_CACHE,EXCLUDE,Reinstall from package lock; publishing vendored dependencies increases size and supply-chain risk.
node_modules/content-type/LICENSE,1089,257aed98914108e91a337912727b6a802eef218248507f74b76faffaff517a38,,22,DEPENDENCY_CACHE,EXCLUDE,Reinstall from package lock; publishing vendored dependencies increases size and supply-chain risk.
node_modules/content-type/package.json,1075,bd78a5427ffca1966621301edc6cac2146c8c1e137f122161ba90dca7ec89f77,.json,42,DEPENDENCY_CACHE,EXCLUDE,Reinstall from package lock; publishing vendored dependencies increases size and supply-chain risk.
node_modules/content-type/README.md,2782,8793880cbc4fd7294dff8562b71d9381ea1c0557422b66007920415ba439486e,.md,94,DEPENDENCY_CACHE,EXCLUDE,Reinstall from package lock; publishing vendored dependencies increases size and supply-chain risk.
node_modules/cookie-signature/History.md,818,05c401494ac289ee738bece68712ebe5a400e72bc78f436bd80c103805e36eb8,.md,42,DEPENDENCY_CACHE,EXCLUDE,Reinstall from package lock; publishing vendored dependencies increases size and supply-chain risk.
node_modules/cookie-signature/index.js,1284,00e0107e1d234ff33db54244d1a5d737bb028187fb5d83faa56a670b1cda043f,.js,51,DEPENDENCY_CACHE,EXCLUDE,Reinstall from package lock; publishing vendored dependencies increases size and supply-chain risk.
node_modules/cookie-signature/package.json,491,3bcffbe31f4169c483a9b80fb86a2a91f81a24796c8b750bf0ff345a1b10bdbc,.json,18,DEPENDENCY_CACHE,EXCLUDE,Reinstall from package lock; publishing vendored dependencies increases size and supply-chain risk.
node_modules/cookie-signature/Readme.md,1490,1621ed10d0b2f865eb8608e0474a356cf7a9737a384b6593b61b30a9f6e50366,.md,42,DEPENDENCY_CACHE,EXCLUDE,Reinstall from package lock; publishing vendored dependencies increases size and supply-chain risk.
node_modules/cookie/index.js,8166,a88f6d7257e3403b727b90a2f3f5c03591e14eaa0b217c501b7071074f080e42,.js,335,DEPENDENCY_CACHE,EXCLUDE,Reinstall from package lock; publishing vendored dependencies increases size and supply-chain risk.
node_modules/cookie/LICENSE,1175,c02110eedc16c7114f1a9bdc026c65626ce1d9c7e27fd51a8e0feee8a48a6858,,24,DEPENDENCY_CACHE,EXCLUDE,Reinstall from package lock; publishing vendored dependencies increases size and supply-chain risk.
node_modules/cookie/package.json,1092,7fa781bd142e7f38b66bff64b4e3a8be9e53e340e7ddaf27caebd00322602208,.json,44,DEPENDENCY_CACHE,EXCLUDE,Reinstall from package lock; publishing vendored dependencies increases size and supply-chain risk.
node_modules/cookie/README.md,11769,ba8b36c7d860d6ef37887b6ef496a486e91aefe5229f65157cc8b44725b9bec5,.md,317,DEPENDENCY_CACHE,EXCLUDE,Reinstall from package lock; publishing vendored dependencies increases size and supply-chain risk.
node_modules/cookie/SECURITY.md,1180,299f5e632ccb1ae2d74f95dac09db13d7ff46c482663b67032e3e72cbe376276,.md,25,DEPENDENCY_CACHE,EXCLUDE,Reinstall from package lock; publishing vendored dependencies increases size and supply-chain risk.
node_modules/core-util-is/lib/util.js,3039,7427f16d9bd9185e409baff3e4b1ed6e3d8dfca84d367f4b8b351eb921618652,.js,107,DEPENDENCY_CACHE,EXCLUDE,Reinstall from package lock; publishing vendored dependencies increases size and supply-chain risk.
node_modules/core-util-is/LICENSE,1077,33b734d60042d0fe0c92dd1fc1e874193a1c899ec3e276a2eb935d2d0bf5b710,,19,DEPENDENCY_CACHE,EXCLUDE,Reinstall from package lock; publishing vendored dependencies increases size and supply-chain risk.
node_modules/core-util-is/package.json,799,0067bcd4ef1c86da02a45ad770883b39a9d14aa0b00113071609d5fb3dce0bc0,.json,38,DEPENDENCY_CACHE,EXCLUDE,Reinstall from package lock; publishing vendored dependencies increases size and supply-chain risk.
node_modules/core-util-is/README.md,67,57072548a79553ec5a930b370f5f37f2b86f57ab39357dc63e097c7e8ba7412a,.md,3,DEPENDENCY_CACHE,EXCLUDE,Reinstall from package lock; publishing vendored dependencies increases size and supply-chain risk.
node_modules/cors/lib/index.js,6587,ea5c1ee247ad5204dad41a86326197d9d85a3bc46e8c9078cc4f1f323a828697,.js,238,DEPENDENCY_CACHE,EXCLUDE,Reinstall from package lock; publishing vendored dependencies increases size and supply-chain risk.
node_modules/cors/LICENSE,1095,1aa9a12863eefb583779b2ca0e5d73c610b6e6d07529ae0472721769a6ea0a32,,22,DEPENDENCY_CACHE,EXCLUDE,Reinstall from package lock; publishing vendored dependencies increases size and supply-chain risk.
node_modules/cors/package.json,926,b314218cdfc9e9442efd35c74c4176902c0bbd74700ba30d6055e70a76455174,.json,42,DEPENDENCY_CACHE,EXCLUDE,Reinstall from package lock; publishing vendored dependencies increases size and supply-chain risk.
node_modules/cors/README.md,11348,369e3374210f43cd0e15bea9e1f974edf70f5719ea06d3ec2c0eb7517a16e000,.md,277,DEPENDENCY_CACHE,EXCLUDE,Reinstall from package lock; publishing vendored dependencies increases size and supply-chain risk.
node_modules/debug/.coveralls.yml,46,64e6b64f19837a76c30865579aabdde1a825729ae0204ba73ba6de77296ce18e,.yml,1,DEPENDENCY_CACHE,EXCLUDE,Reinstall from package lock; publishing vendored dependencies increases size and supply-chain risk.
node_modules/debug/.eslintrc,180,7b7d5a5736dddae0e7cf1c06cdf41ddd9f98e73db8f57a18fe4c9bd0f52f9aa3,,11,DEPENDENCY_CACHE,EXCLUDE,Reinstall from package lock; publishing vendored dependencies increases size and supply-chain risk.
node_modules/debug/.npmignore,72,f4580152a6f48954b44cb2a0a002fa500467663db5a6dc8e796b52533dc04ec1,,9,DEPENDENCY_CACHE,EXCLUDE,Reinstall from package lock; publishing vendored dependencies increases size and supply-chain risk.
node_modules/debug/.travis.yml,140,839e44ee0a96a3e302dc6472800b51822982b77d08f19200ab2cc70534781fd8,.yml,14,DEPENDENCY_CACHE,EXCLUDE,Reinstall from package lock; publishing vendored dependencies increases size and supply-chain risk.
node_modules/debug/CHANGELOG.md,11707,d8c1b0717964e189010b13521379c3b970eecc889cb8b788ac21d8dd85247165,.md,362,DEPENDENCY_CACHE,EXCLUDE,Reinstall from package lock; publishing vendored dependencies increases size and supply-chain risk.
node_modules/debug/component.json,321,2e5ab9ae90f41699e00d00fca16765024f437300a0568c2208669cc281ba7656,.json,19,DEPENDENCY_CACHE,EXCLUDE,Reinstall from package lock; publishing vendored dependencies increases size and supply-chain risk.
node_modules/debug/karma.conf.js,1736,2430869adb61a5e24a3612110a9b49a948e6db43ab7e947c003a9c19c478e609,.js,70,DEPENDENCY_CACHE,EXCLUDE,Reinstall from package lock; publishing vendored dependencies increases size and supply-chain risk.
node_modules/debug/LICENSE,1107,98c970de440dcfc77471610aec2377c9d9b0db2b3be6d1add524a586e1d7f422,,19,DEPENDENCY_CACHE,EXCLUDE,Reinstall from package lock; publishing vendored dependencies increases size and supply-chain risk.
node_modules/debug/Makefile,1059,f6466507e02c62f14e477af08e4a13ec883152b54d87feeffb8f0d6de6e9013b,,50,DEPENDENCY_CACHE,EXCLUDE,Reinstall from package lock; publishing vendored dependencies increases size and supply-chain risk.
node_modules/debug/node.js,40,996b381f353555cb172ebb2802bb2a7323442ff67b7b530cc26834058d7f31a2,.js,1,DEPENDENCY_CACHE,EXCLUDE,Reinstall from package lock; publishing vendored dependencies increases size and supply-chain risk.
node_modules/debug/package.json,1138,6c3d2c892db282317913ce7c340dd2edccd326bcafd18b644b8738144967d6ee,.json,49,DEPENDENCY_CACHE,EXCLUDE,Reinstall from package lock; publishing vendored dependencies increases size and supply-chain risk.
node_modules/debug/README.md,17918,cda3dbd285a2b65894758565a565e7bc2e7c3696225af7b5bd01454240df0aea,.md,312,DEPENDENCY_CACHE,EXCLUDE,Reinstall from package lock; publishing vendored dependencies increases size and supply-chain risk.
node_modules/debug/src/browser.js,4734,0144ab6a52b9330c567de11a5c3a4aea35cdac47a4c106482aa24ae8054cdc6f,.js,185,DEPENDENCY_CACHE,EXCLUDE,Reinstall from package lock; publishing vendored dependencies increases size and supply-chain risk.
node_modules/debug/src/debug.js,4394,d8d1c1d6c387ab67c3f28d78fd0b20b9becd69442db9d3efe110ca464b509c8a,.js,202,DEPENDENCY_CACHE,EXCLUDE,Reinstall from package lock; publishing vendored dependencies increases size and supply-chain risk.
node_modules/debug/src/index.js,263,9a34fedeb2d269c46ed94e6f13039eb0d16d866dd460ec66fa3acd78122fa9fe,.js,10,DEPENDENCY_CACHE,EXCLUDE,Reinstall from package lock; publishing vendored dependencies increases size and supply-chain risk.
node_modules/debug/src/inspector-log.js,373,949ae67ec1b655694f83dce57d47d9d77234f9e7d698616932a90e69c7afee91,.js,15,DEPENDENCY_CACHE,EXCLUDE,Reinstall from package lock; publishing vendored dependencies increases size and supply-chain risk.
node_modules/debug/src/node.js,6015,a3e83594a4ce88997e2e4fc66bc942b17b9d736290ad62560c7f09d6d0989ad0,.js,248,DEPENDENCY_CACHE,EXCLUDE,Reinstall from package lock; publishing vendored dependencies increases size and supply-chain risk.
node_modules/depd/History.md,2256,b6e94899b155a3f707694b8ced212e1b01f43d0953d89e1c5b718b3e5fb896fa,.md,103,DEPENDENCY_CACHE,EXCLUDE,Reinstall from package lock; publishing vendored dependencies increases size and supply-chain risk.
node_modules/depd/index.js,10932,4d587a5662e20a7bb9bfe6555afe5987e1b80303a819b447394f37a93297ee91,.js,538,DEPENDENCY_CACHE,EXCLUDE,Reinstall from package lock; publishing vendored dependencies increases size and supply-chain risk.
node_modules/depd/lib/browser/index.js,1512,10b4d4a4e9d14e9e6a5ab7ced64405ef90e6bec94d479a8e223cbba88828ad79,.js,77,DEPENDENCY_CACHE,EXCLUDE,Reinstall from package lock; publishing vendored dependencies increases size and supply-chain risk.
node_modules/depd/LICENSE,1094,bd134b41da59e452fb5a1d366b660886f741c87c2bf9428e93764c419fbc40f5,,22,DEPENDENCY_CACHE,EXCLUDE,Reinstall from package lock; publishing vendored dependencies increases size and supply-chain risk.
node_modules/depd/package.json,1335,5a3659bcc2e47b25ebf9f23f38eb9452a58920bfe4b59410bfa6fe84639a3b99,.json,45,DEPENDENCY_CACHE,EXCLUDE,Reinstall from package lock; publishing vendored dependencies increases size and supply-chain risk.
node_modules/depd/Readme.md,9988,11deb26eafa25a465ffb8a8e3c28195eb40e679fda52b760132dbe9c9b21fb5c,.md,280,DEPENDENCY_CACHE,EXCLUDE,Reinstall from package lock; publishing vendored dependencies increases size and supply-chain risk.
node_modules/destroy/index.js,4258,b54f50db059987726ce2bdadca5d66a1e3ceef183aa5f43ce61aa53f05c36cb7,.js,209,DEPENDENCY_CACHE,EXCLUDE,Reinstall from package lock; publishing vendored dependencies increases size and supply-chain risk.
node_modules/destroy/LICENSE,1173,ffe370c8785b0b688d954977ce8dc52e19e5f17962cc5f80009c85eba4925d56,,23,DEPENDENCY_CACHE,EXCLUDE,Reinstall from package lock; publishing vendored dependencies increases size and supply-chain risk.
node_modules/destroy/package.json,1128,f865b50652dc062f43142e01f55db2760cc10d255bd05afd232e738999c58188,.json,48,DEPENDENCY_CACHE,EXCLUDE,Reinstall from package lock; publishing vendored dependencies increases size and supply-chain risk.
node_modules/destroy/README.md,2459,80f720db998d4728565126ea1d4b96c5248d35c2e53032d23692ce3930de69c8,.md,63,DEPENDENCY_CACHE,EXCLUDE,Reinstall from package lock; publishing vendored dependencies increases size and supply-chain risk.
node_modules/dotenv/CHANGELOG.md,18344,921f5b5b4dc91d34e55836a891ede7f4e02a154c4ee7b34b78ad7da085ab76d2,.md,520,DEPENDENCY_CACHE,EXCLUDE,Reinstall from package lock; publishing vendored dependencies increases size and supply-chain risk.
node_modules/dotenv/config.d.ts,11,8e609bb71c20b858c77f0e9f90bb1319db8477b13f9f965f1a1e18524bf50881,.ts,1,DEPENDENCY_CACHE,EXCLUDE,Reinstall from package lock; publishing vendored dependencies increases size and supply-chain risk.
node_modules/dotenv/config.js,176,cd401a4aeb31f30ee55c295b0b65fccb6f1a0e3b7dfd2def4f69dd2a13a8fef2,.js,9,DEPENDENCY_CACHE,EXCLUDE,Reinstall from package lock; publishing vendored dependencies increases size and supply-chain risk.
node_modules/dotenv/lib/cli-options.js,385,927537ee249dd941a5115b58ccadcc90c52bcbf9ae51cd5853251020686096e3,.js,17,DEPENDENCY_CACHE,EXCLUDE,Reinstall from package lock; publishing vendored dependencies increases size and supply-chain risk.
node_modules/dotenv/lib/env-options.js,733,3f8b820081078d1c49737eb257d033881c6d16ee82322c33f229cd38fbb22108,.js,28,DEPENDENCY_CACHE,EXCLUDE,Reinstall from package lock; publishing vendored dependencies increases size and supply-chain risk.
node_modules/dotenv/lib/main.d.ts,5109,0c5f112b6d3377b9e8214d8920e1a69d8098b881d941f2ab3ca45234d13d68de,.ts,162,DEPENDENCY_CACHE,EXCLUDE,Reinstall from package lock; publishing vendored dependencies increases size and supply-chain risk.
node_modules/dotenv/lib/main.js,10703,3381601545980775b6ecd2bf078ce369a3b24316e10a3182ab78811f01dc83b5,.js,386,DEPENDENCY_CACHE,EXCLUDE,Reinstall from package lock; publishing vendored dependencies increases size and supply-chain risk.
node_modules/dotenv/LICENSE,1294,74b629b24865e1e83c5277ee84590b7937644d6fd959d0c7bdce758676cd2ced,,23,DEPENDENCY_CACHE,EXCLUDE,Reinstall from package lock; publishing vendored dependencies increases size and supply-chain risk.
node_modules/dotenv/package.json,1688,922be338d27d6b0b3a238f8da99daeb1f42ef972e71b4568d5104bbef661f5f5,.json,62,DEPENDENCY_CACHE,EXCLUDE,Reinstall from package lock; publishing vendored dependencies increases size and supply-chain risk.
node_modules/dotenv/README-es.md,15605,a7021cf039feb04752c5cde82f07336dec6e17876e88677d7c5de4c2dbbbcff1,.md,411,DEPENDENCY_CACHE,EXCLUDE,Reinstall from package lock; publishing vendored dependencies increases size and supply-chain risk.
node_modules/dotenv/README.md,22474,d445595efbfa0e290e495cbef75379e5cb16d881489d4873ecb0d0bd2e56227a,.md,645,DEPENDENCY_CACHE,EXCLUDE,Reinstall from package lock; publishing vendored dependencies increases size and supply-chain risk.
node_modules/dotenv/SECURITY.md,69,a721e1a4bd3baa5228447211d47d2b38fbc3adf7b5588de0d728eeda398271ca,.md,1,DEPENDENCY_CACHE,EXCLUDE,Reinstall from package lock; publishing vendored dependencies increases size and supply-chain risk.
node_modules/dunder-proto/.eslintrc,43,0694050195fc694c5846b0a2a66b437ac775da988f0a779c55fb892597f7f641,,5,DEPENDENCY_CACHE,EXCLUDE,Reinstall from package lock; publishing vendored dependencies increases size and supply-chain risk.
node_modules/dunder-proto/.github/FUNDING.yml,583,aa11a9d937d72381b6fc36c2fa3ea4e7bb3d9650c5d2604e14f2998be4e9a643,.yml,12,DEPENDENCY_CACHE,EXCLUDE,Reinstall from package lock; publishing vendored dependencies increases size and supply-chain risk.
node_modules/dunder-proto/.nycrc,216,948366fea3b423a46366326d0bb2e54b08abd1cf0b243678ba6625740c40da5a,,13,DEPENDENCY_CACHE,EXCLUDE,Reinstall from package lock; publishing vendored dependencies increases size and supply-chain risk.
node_modules/dunder-proto/CHANGELOG.md,1547,889ec6c5fd3b8b18d431c60a36d643f357d22a8aa1c9c9e6fd8ffecd89c67f13,.md,24,DEPENDENCY_CACHE,EXCLUDE,Reinstall from package lock; publishing vendored dependencies increases size and supply-chain risk.
node_modules/dunder-proto/get.d.ts,121,7c2f315cfb64dc1827f84eb89e84c0db072e109379173e3869de7c13160623d2,.ts,5,DEPENDENCY_CACHE,EXCLUDE,Reinstall from package lock; publishing vendored dependencies increases size and supply-chain risk.
node_modules/dunder-proto/get.js,980,9671388b2fa2cbce2f4b8645cc1dedae2f182113a78c93dd142d987c2517dacf,.js,30,DEPENDENCY_CACHE,EXCLUDE,Reinstall from package lock; publishing vendored dependencies increases size and supply-chain risk.
node_modules/dunder-proto/LICENSE,1073,2b770a704c15de238c3f622b01b0044ddd60b49ee30608ea6991ebf19db7a7a1,,21,DEPENDENCY_CACHE,EXCLUDE,Reinstall from package lock; publishing vendored dependencies increases size and supply-chain risk.
node_modules/dunder-proto/package.json,2108,24df71008e4225c858f389dd2728b76cf66b752256d42a38ed7930aacae7fe2b,.json,76,DEPENDENCY_CACHE,EXCLUDE,Reinstall from package lock; publishing vendored dependencies increases size and supply-chain risk.
node_modules/dunder-proto/README.md,1907,a04f8e67cb76f7d636860dd5d9fc6edd07ec3d41c6672897045573977c8e762a,.md,54,DEPENDENCY_CACHE,EXCLUDE,Reinstall from package lock; publishing vendored dependencies increases size and supply-chain risk.
node_modules/dunder-proto/set.d.ts,144,1cafbbee16530370af0b1116ffea5f9dec7db15bb0c9d417c37c76505954bf50,.ts,5,DEPENDENCY_CACHE,EXCLUDE,Reinstall from package lock; publishing vendored dependencies increases size and supply-chain risk.
node_modules/dunder-proto/set.js,1276,627dfab99b492879fca53b5d648a7263fc16181bfee148e7d29f7fa0f47bd24d,.js,35,DEPENDENCY_CACHE,EXCLUDE,Reinstall from package lock; publishing vendored dependencies increases size and supply-chain risk.
node_modules/dunder-proto/test/get.js,1143,cd6c3e2cc078652bac3005445b7d9f36108b61e67c4ced535307165cb2487a26,.js,34,DEPENDENCY_CACHE,EXCLUDE,Reinstall from package lock; publishing vendored dependencies increases size and supply-chain risk.
node_modules/dunder-proto/test/index.js,51,35268fab42edb06d406b44b1805d6b7d037a585474fde87a246adfd463b97637,.js,4,DEPENDENCY_CACHE,EXCLUDE,Reinstall from package lock; publishing vendored dependencies increases size and supply-chain risk.
node_modules/dunder-proto/test/set.js,1695,80fd77e5232099dfb76b64e61edef17cf8567e46adbd3a71bdd05679b12bc6a7,.js,50,DEPENDENCY_CACHE,EXCLUDE,Reinstall from package lock; publishing vendored dependencies increases size and supply-chain risk.
node_modules/dunder-proto/tsconfig.json,116,5c01887c6c8539144c0fc5fae6f5115073b6e26ecbeae8434a0329f46f9169c6,.json,9,DEPENDENCY_CACHE,EXCLUDE,Reinstall from package lock; publishing vendored dependencies increases size and supply-chain risk.
node_modules/ee-first/index.js,1684,29d3cccddc7148f48715bfc94eb6f7b9f9132a5ecb704b9d4b713de87e7603dd,.js,95,DEPENDENCY_CACHE,EXCLUDE,Reinstall from package lock; publishing vendored dependencies increases size and supply-chain risk.
node_modules/ee-first/LICENSE,1099,965ef284f7f4c176842ec2e87fa13e79feed777d56d7a21a5a3b38f1bb6dc288,,22,DEPENDENCY_CACHE,EXCLUDE,Reinstall from package lock; publishing vendored dependencies increases size and supply-chain risk.
node_modules/ee-first/package.json,859,a4eece6ff6b38bf7ac107323f381cc60500097a9cbdd473f5d5b45e68822cb89,.json,29,DEPENDENCY_CACHE,EXCLUDE,Reinstall from package lock; publishing vendored dependencies increases size and supply-chain risk.
node_modules/ee-first/README.md,2617,4480e03d020436e665886a99120abb2ee7fb422850e1b53ccbdbdbd251414c23,.md,80,DEPENDENCY_CACHE,EXCLUDE,Reinstall from package lock; publishing vendored dependencies increases size and supply-chain risk.
node_modules/encodeurl/index.js,1578,da79e42b4f04e0ce63e45525558f838b99500d2fe1a4fe0e28cb6c7ed7eae58c,.js,60,DEPENDENCY_CACHE,EXCLUDE,Reinstall from package lock; publishing vendored dependencies increases size and supply-chain risk.
node_modules/encodeurl/LICENSE,1089,7585ea7bba616ccbbe43cb54ecb67956688c3c5641bb84f3099a652a73193afe,,22,DEPENDENCY_CACHE,EXCLUDE,Reinstall from package lock; publishing vendored dependencies increases size and supply-chain risk.
node_modules/encodeurl/package.json,1092,5df10798f4b086da95c24180d7519fa4f68e2057a48e2ff6b76b91d6ffed1e9b,.json,40,DEPENDENCY_CACHE,EXCLUDE,Reinstall from package lock; publishing vendored dependencies increases size and supply-chain risk.
node_modules/encodeurl/README.md,3221,c94f2967cafee3fc1df2798a43014e9742b76d89de116ec01f7c6b903caebea5,.md,109,DEPENDENCY_CACHE,EXCLUDE,Reinstall from package lock; publishing vendored dependencies increases size and supply-chain risk.
node_modules/es-define-property/.eslintrc,144,317b53d336fef735ecf930b9518869a5692c1bd1b80ea2d53ce6a86b36919c67,,13,DEPENDENCY_CACHE,EXCLUDE,Reinstall from package lock; publishing vendored dependencies increases size and supply-chain risk.
node_modules/es-define-property/.github/FUNDING.yml,564,fdd23eb2a51d498f6bbc1d709eb6fad3778bbb0205126bc9548d4c59b714a402,.yml,12,DEPENDENCY_CACHE,EXCLUDE,Reinstall from package lock; publishing vendored dependencies increases size and supply-chain risk.
node_modules/es-define-property/.nycrc,139,997785c50b0773e5e18bf15550fbf57823c634fefe623cd37b3c83696402ad0a,,9,DEPENDENCY_CACHE,EXCLUDE,Reinstall from package lock; publishing vendored dependencies increases size and supply-chain risk.
node_modules/es-define-property/CHANGELOG.md,2296,fe3c3c181877529ccb5cce2f34779fa3fd28a5c5d239ca4c2a36e617dc3589b7,.md,29,DEPENDENCY_CACHE,EXCLUDE,Reinstall from package lock; publishing vendored dependencies increases size and supply-chain risk.
node_modules/es-define-property/index.d.ts,93,26f10cc22a24b23db7cd41ff339c907121ef7f518e0fe347b48a05f1bf0f7cbf,.ts,3,DEPENDENCY_CACHE,EXCLUDE,Reinstall from package lock; publishing vendored dependencies increases size and supply-chain risk.
node_modules/es-define-property/index.js,288,92d23d0217808c68692a1881369c207db1a35fc09dd24b98dd5f1a07d6bb3ed0,.js,14,DEPENDENCY_CACHE,EXCLUDE,Reinstall from package lock; publishing vendored dependencies increases size and supply-chain risk.
node_modules/es-define-property/LICENSE,1071,5e325595b4ea8cfec3802f545b1def5d7b73e4a5b8e9ba63e32a320f67732292,,21,DEPENDENCY_CACHE,EXCLUDE,Reinstall from package lock; publishing vendored dependencies increases size and supply-chain risk.
node_modules/es-define-property/package.json,2129,3a2cb30dae30a96705dcd9aa2d5fb190cf8200f27badccfa5a81a4374e5708b4,.json,81,DEPENDENCY_CACHE,EXCLUDE,Reinstall from package lock; publishing vendored dependencies increases size and supply-chain risk.
node_modules/es-define-property/README.md,2056,5ce564bb53fafd87b543f144e04955d128199205cf07bff442f3b875ca90d422,.md,49,DEPENDENCY_CACHE,EXCLUDE,Reinstall from package lock; publishing vendored dependencies increases size and supply-chain risk.
node_modules/es-define-property/test/index.js,1299,2f27838dd904c0f4691d65239cf7a9dfb00f976634d616572b0acaf18f31e674,.js,56,DEPENDENCY_CACHE,EXCLUDE,Reinstall from package lock; publishing vendored dependencies increases size and supply-chain risk.
node_modules/es-define-property/tsconfig.json,138,2ff433185c049374ca38887ac82b549215cd40f0090d4c350f8ee6c549fb076d,.json,10,DEPENDENCY_CACHE,EXCLUDE,Reinstall from package lock; publishing vendored dependencies increases size and supply-chain risk.
node_modules/es-errors/.eslintrc,43,0694050195fc694c5846b0a2a66b437ac775da988f0a779c55fb892597f7f641,,5,DEPENDENCY_CACHE,EXCLUDE,Reinstall from package lock; publishing vendored dependencies increases size and supply-chain risk.
node_modules/es-errors/.github/FUNDING.yml,555,5cffdeeee604fdf21f64369bf526c2c707377f01fdf1d816b204422cde144ce9,.yml,12,DEPENDENCY_CACHE,EXCLUDE,Reinstall from package lock; publishing vendored dependencies increases size and supply-chain risk.
node_modules/es-errors/CHANGELOG.md,1833,f21ce3b58b9c00181c38429f5f5f07438675fb519c749e4cc9edd7c661a00daf,.md,40,DEPENDENCY_CACHE,EXCLUDE,Reinstall from package lock; publishing vendored dependencies increases size and supply-chain risk.
node_modules/es-errors/eval.d.ts,68,82e8fde67d906608c18ede0ee67f0ec2221e13fb7de1576f9fc59e91158de2e6,.ts,3,DEPENDENCY_CACHE,EXCLUDE,Reinstall from package lock; publishing vendored dependencies increases size and supply-chain risk.
node_modules/es-errors/eval.js,75,d3161a97f162b483206e9849e41bb17fd54166810c76ebaa1df068133e54caae,.js,4,DEPENDENCY_CACHE,EXCLUDE,Reinstall from package lock; publishing vendored dependencies increases size and supply-chain risk.
node_modules/es-errors/index.d.ts,56,032af142c4e06fcd215e4519d4d1c9c60dbaa63d033cb116abb5b5a4f6336fbf,.ts,3,DEPENDENCY_CACHE,EXCLUDE,Reinstall from package lock; publishing vendored dependencies increases size and supply-chain risk.
node_modules/es-errors/index.js,66,28fee350e89561019cf27ea37a313b4b4995f521fd087198fa235a8f135962de,.js,4,DEPENDENCY_CACHE,EXCLUDE,Reinstall from package lock; publishing vendored dependencies increases size and supply-chain risk.
node_modules/es-errors/LICENSE,1071,5e325595b4ea8cfec3802f545b1def5d7b73e4a5b8e9ba63e32a320f67732292,,21,DEPENDENCY_CACHE,EXCLUDE,Reinstall from package lock; publishing vendored dependencies increases size and supply-chain risk.
node_modules/es-errors/package.json,2174,1a0a0bcccc76b915cb64073317312840cf6363e9144b96f406d0059774dd5278,.json,80,DEPENDENCY_CACHE,EXCLUDE,Reinstall from package lock; publishing vendored dependencies increases size and supply-chain risk.
node_modules/es-errors/range.d.ts,71,7ab8a9b5b7d60cd76c021039f87509f5a13ba0292a3984fb1381b4ba4d79c26c,.ts,3,DEPENDENCY_CACHE,EXCLUDE,Reinstall from package lock; publishing vendored dependencies increases size and supply-chain risk.
node_modules/es-errors/range.js,77,e376220f3a0226bd5b09b6d5a1411bbac274db8d2d9f7eb723142b7e676374be,.js,4,DEPENDENCY_CACHE,EXCLUDE,Reinstall from package lock; publishing vendored dependencies increases size and supply-chain risk.
node_modules/es-errors/README.md,2114,176ec91db928c929508abf9917ebc35dd66e5ea1a989ac3e7ab290496d32c0d6,.md,55,DEPENDENCY_CACHE,EXCLUDE,Reinstall from package lock; publishing vendored dependencies increases size and supply-chain risk.
node_modules/es-errors/ref.d.ts,83,c736bb4552777f1dba23aa0152b8e41c20a09bbc02fca1dde4ea4d1180fefb04,.ts,3,DEPENDENCY_CACHE,EXCLUDE,Reinstall from package lock; publishing vendored dependencies increases size and supply-chain risk.
node_modules/es-errors/ref.js,79,31945f1740a0a2143fb8c38943afc6cce5de5ba6fab7af42d17b7874a19a0900,.js,4,DEPENDENCY_CACHE,EXCLUDE,Reinstall from package lock; publishing vendored dependencies increases size and supply-chain risk.
node_modules/es-errors/syntax.d.ts,74,7a47e9178209435c05b910d1aac6fc939721c2cf45a878759c9a855b0b67551f,.ts,3,DEPENDENCY_CACHE,EXCLUDE,Reinstall from package lock; publishing vendored dependencies increases size and supply-chain risk.
node_modules/es-errors/syntax.js,79,56574ecd3eb54c06efd319080cc8923992791e430c914520b85e92c2f5e373f5,.js,4,DEPENDENCY_CACHE,EXCLUDE,Reinstall from package lock; publishing vendored dependencies increases size and supply-chain risk.
node_modules/es-errors/test/index.js,356,14e2b88a10618ac3947289f93011dcfc5a2c27fcb585f453f99de8ee739185f8,.js,19,DEPENDENCY_CACHE,EXCLUDE,Reinstall from package lock; publishing vendored dependencies increases size and supply-chain risk.
node_modules/es-errors/tsconfig.json,3170,539cacffe5895fcf9a9eb59e3a6a9fadbb41ba3e05339d97e3b55da34d2c85a4,.json,49,DEPENDENCY_CACHE,EXCLUDE,Reinstall from package lock; publishing vendored dependencies increases size and supply-chain risk.
node_modules/es-errors/type.d.ts,67,bf83d189c911c5d6f970c3c6a0ddf5637efe3deafaad89c31ef4418a2f90487a,.ts,3,DEPENDENCY_CACHE,EXCLUDE,Reinstall from package lock; publishing vendored dependencies increases size and supply-chain risk.
node_modules/es-errors/type.js,75,c71b2f41c15edb3824f50dd24df900495c8caaba5b6e9a80851b82bb2309827b,.js,4,DEPENDENCY_CACHE,EXCLUDE,Reinstall from package lock; publishing vendored dependencies increases size and supply-chain risk.
node_modules/es-errors/uri.d.ts,65,ccbb8676063c7d4446b57e51b13d2f3d24a48ad419f9495b5bb21bd86f8c9374,.ts,3,DEPENDENCY_CACHE,EXCLUDE,Reinstall from package lock; publishing vendored dependencies increases size and supply-chain risk.
node_modules/es-errors/uri.js,73,e1e5591bde037a2ffeda822fa03fac22ff7c93c7b269ed9adf1cbea0e21614b0,.js,4,DEPENDENCY_CACHE,EXCLUDE,Reinstall from package lock; publishing vendored dependencies increases size and supply-chain risk.
node_modules/es-object-atoms/.eslintrc,229,945b2b35c8d6dc3bb008e7a6391fb98f8d4103ca0dc64652b13dcbea0dd090e1,,16,DEPENDENCY_CACHE,EXCLUDE,Reinstall from package lock; publishing vendored dependencies increases size and supply-chain risk.
node_modules/es-object-atoms/.github/FUNDING.yml,555,3a6cc965019e4c28527969955cb0fe7b8f8e456bcf9c5557b2fdd6c6cea2f9b6,.yml,12,DEPENDENCY_CACHE,EXCLUDE,Reinstall from package lock; publishing vendored dependencies increases size and supply-chain risk.
node_modules/es-object-atoms/CHANGELOG.md,2622,a3b70f7caa0d82112311303675233cf100b600ea33c25f74fdbcd5dccc288321,.md,44,DEPENDENCY_CACHE,EXCLUDE,Reinstall from package lock; publishing vendored dependencies increases size and supply-chain risk.
node_modules/es-object-atoms/index.d.ts,59,82cfb73ba05567cb297bb8066b03cfa1364be56c3e46d29875b6eb087b5d0349,.ts,3,DEPENDENCY_CACHE,EXCLUDE,Reinstall from package lock; publishing vendored dependencies increases size and supply-chain risk.
node_modules/es-object-atoms/index.js,67,44ee7a57ed1c50c4c5fd2a6fcaee8772f4b7d0869326eed0aadcef87bc305212,.js,4,DEPENDENCY_CACHE,EXCLUDE,Reinstall from package lock; publishing vendored dependencies increases size and supply-chain risk.
node_modules/es-object-atoms/isObject.d.ts,104,9f1934de45bfb908c1daca737e1c9762d892a74b2f6b9c29f205f99de266f9c8,.ts,3,DEPENDENCY_CACHE,EXCLUDE,Reinstall from package lock; publishing vendored dependencies increases size and supply-chain risk.
node_modules/es-object-atoms/isObject.js,161,c253c90b894493019432019026378b8fc6e65ba2617da6792e2e6634212f56c2,.js,6,DEPENDENCY_CACHE,EXCLUDE,Reinstall from package lock; publishing vendored dependencies increases size and supply-chain risk.
node_modules/es-object-atoms/LICENSE,1071,5e325595b4ea8cfec3802f545b1def5d7b73e4a5b8e9ba63e32a320f67732292,,21,DEPENDENCY_CACHE,EXCLUDE,Reinstall from package lock; publishing vendored dependencies increases size and supply-chain risk.
node_modules/es-object-atoms/package.json,2249,e4b7882975d10c68457945c883e1060d0b058af5b1216215c872263f42e12fc9,.json,79,DEPENDENCY_CACHE,EXCLUDE,Reinstall from package lock; publishing vendored dependencies increases size and supply-chain risk.
node_modules/es-object-atoms/README.md,2603,7ed12f453b83efdb7ace289312b40ff3eaf810d548347636b8274f56b4af9244,.md,63,DEPENDENCY_CACHE,EXCLUDE,Reinstall from package lock; publishing vendored dependencies increases size and supply-chain risk.
node_modules/es-object-atoms/RequireObjectCoercible.d.ts,123,2045b0793cf40da407a831c1c70de9c091a9d628bec71bb47da7a21a714df2b1,.ts,3,DEPENDENCY_CACHE,EXCLUDE,Reinstall from package lock; publishing vendored dependencies increases size and supply-chain risk.
node_modules/es-object-atoms/RequireObjectCoercible.js,313,52db42daa35deb84c5301c7dc5cd274593d72ad3ce77c64d2f9d71b46784b0c5,.js,11,DEPENDENCY_CACHE,EXCLUDE,Reinstall from package lock; publishing vendored dependencies increases size and supply-chain risk.
node_modules/es-object-atoms/test/index.js,1097,e0b98cb59959ac9e9aa0f056aa2a6a6afc637458caec77a4f9ff1a7cdbcf54b5,.js,38,DEPENDENCY_CACHE,EXCLUDE,Reinstall from package lock; publishing vendored dependencies increases size and supply-chain risk.
node_modules/es-object-atoms/ToObject.d.ts,352,a13501abcba87c7de858dfb38777ba334d1ffa02d2c8ef54a808fc4e6b9f6466,.ts,7,DEPENDENCY_CACHE,EXCLUDE,Reinstall from package lock; publishing vendored dependencies increases size and supply-chain risk.
node_modules/es-object-atoms/ToObject.js,250,deab7682047e003d3bdaa5c17ac4466783a6d4503aeb97724315936967ed860b,.js,10,DEPENDENCY_CACHE,EXCLUDE,Reinstall from package lock; publishing vendored dependencies increases size and supply-chain risk.
node_modules/es-object-atoms/tsconfig.json,112,22c713482377f2492fcad1e7cb33ef479cf8c1151b0ea2c8c3a49d20d4369988,.json,7,DEPENDENCY_CACHE,EXCLUDE,Reinstall from package lock; publishing vendored dependencies increases size and supply-chain risk.
node_modules/escape-html/index.js,1362,42a7f91883d0c5ce9292dda4e017e1f8664d34b09276d89fb6f3859c29d1ca9b,.js,78,DEPENDENCY_CACHE,EXCLUDE,Reinstall from package lock; publishing vendored dependencies increases size and supply-chain risk.
node_modules/escape-html/LICENSE,1157,255aa557a1f55224ce522f311629c0bf20854740a67955cefd798fbd1d3d1ded,,24,DEPENDENCY_CACHE,EXCLUDE,Reinstall from package lock; publishing vendored dependencies increases size and supply-chain risk.
node_modules/escape-html/package.json,434,bd320a3e9d23249f5f7d3ce72f2fa426e28a6b2704bd2b281d0c92806a1f5223,.json,24,DEPENDENCY_CACHE,EXCLUDE,Reinstall from package lock; publishing vendored dependencies increases size and supply-chain risk.
node_modules/escape-html/Readme.md,707,86530565532ede3efb547e89694bd94cd384c6a4a6ce071afecb3381dfb2ef22,.md,43,DEPENDENCY_CACHE,EXCLUDE,Reinstall from package lock; publishing vendored dependencies increases size and supply-chain risk.
node_modules/etag/HISTORY.md,1732,a6311c59a3ea30af617c8526eb2aa086b835260bf05490c81fa8e696e24ce7cd,.md,83,DEPENDENCY_CACHE,EXCLUDE,Reinstall from package lock; publishing vendored dependencies increases size and supply-chain risk.
node_modules/etag/index.js,2479,a95a23b9a60726a4522b768c88ad73a7ea2c539d220068227f5510a8ee2008ae,.js,131,DEPENDENCY_CACHE,EXCLUDE,Reinstall from package lock; publishing vendored dependencies increases size and supply-chain risk.
node_modules/etag/LICENSE,1094,a7996721249a136fbcfc1c201bcb5f414f38a701d4a24f28abe65e16cfcce813,,22,DEPENDENCY_CACHE,EXCLUDE,Reinstall from package lock; publishing vendored dependencies increases size and supply-chain risk.
node_modules/etag/package.json,1306,836b9a5dd1c6af638f4602e83e2568277f9ab1f457db0b95d949c2a4ddb0462a,.json,47,DEPENDENCY_CACHE,EXCLUDE,Reinstall from package lock; publishing vendored dependencies increases size and supply-chain risk.
node_modules/etag/README.md,4198,8a982db264a205206e5f2c18b0dc2fbb3a46762e997e89fcebf439e390d0cf65,.md,159,DEPENDENCY_CACHE,EXCLUDE,Reinstall from package lock; publishing vendored dependencies increases size and supply-chain risk.
node_modules/express/History.md,116409,8fddcb3c5e028244b16191245caffbdf096852931498b7c3da955cca7e0255d1,.md,3676,DEPENDENCY_CACHE,EXCLUDE,Reinstall from package lock; publishing vendored dependencies increases size and supply-chain risk.
node_modules/express/index.js,224,4d2f5afc192178c5b0dc418d2da5826d52a8b6998771b011aede7fdba9118140,.js,11,DEPENDENCY_CACHE,EXCLUDE,Reinstall from package lock; publishing vendored dependencies increases size and supply-chain risk.
node_modules/express/lib/application.js,14593,5901b32f609ba349351bf7406dbdc0c4c57b77ce6f7215ea67ccca5ac2a28e88,.js,661,DEPENDENCY_CACHE,EXCLUDE,Reinstall from package lock; publishing vendored dependencies increases size and supply-chain risk.
node_modules/express/lib/express.js,2409,2f25585c03c3050779c8f5f00597f8653f4fb8a97448ef8ef8cb21e65ba4d15d,.js,116,DEPENDENCY_CACHE,EXCLUDE,Reinstall from package lock; publishing vendored dependencies increases size and supply-chain risk.
node_modules/express/lib/middleware/init.js,853,48c1d12f1494b20377fcdeec9056272eff84ed8c081e1e56dc2aea395f77d19c,.js,43,DEPENDENCY_CACHE,EXCLUDE,Reinstall from package lock; publishing vendored dependencies increases size and supply-chain risk.
node_modules/express/lib/middleware/query.js,885,6edce3963588b42e41942900b24218e665b97df0c0b1c74090b2b934fa68ca08,.js,47,DEPENDENCY_CACHE,EXCLUDE,Reinstall from package lock; publishing vendored dependencies increases size and supply-chain risk.
node_modules/express/lib/request.js,12505,64ac10752c0516d789cb0698bb433586d4ce3b46f7f06ee3cb2880762b8bda40,.js,525,DEPENDENCY_CACHE,EXCLUDE,Reinstall from package lock; publishing vendored dependencies increases size and supply-chain risk.
node_modules/express/lib/response.js,28729,4b5c338cb66eb53b07ef900bacf4cd520f057ae53996402286f4334e02806d56,.js,1179,DEPENDENCY_CACHE,EXCLUDE,Reinstall from package lock; publishing vendored dependencies increases size and supply-chain risk.
node_modules/express/lib/router/index.js,15123,19c5ca9b025396612dbe464d07fbe7104ff9170c4d6a1c7e5507df4dbbf4d5cb,.js,673,DEPENDENCY_CACHE,EXCLUDE,Reinstall from package lock; publishing vendored dependencies increases size and supply-chain risk.
node_modules/express/lib/router/layer.js,3296,c90709dcba8d9a6cfd1f2b4ef6d7a22d833e317f0c876d884342cee5a96f8a02,.js,181,DEPENDENCY_CACHE,EXCLUDE,Reinstall from package lock; publishing vendored dependencies increases size and supply-chain risk.
node_modules/express/lib/router/route.js,4399,86db123570815a63dc23aa88d73e1b3dce908692ac2e3cf20fa350d69de63337,.js,230,DEPENDENCY_CACHE,EXCLUDE,Reinstall from package lock; publishing vendored dependencies increases size and supply-chain risk.
node_modules/express/lib/utils.js,5893,2a2dfcf570046e2bd1024384f8bd0d271159df638072c8e13f76eb41441abccb,.js,304,DEPENDENCY_CACHE,EXCLUDE,Reinstall from package lock; publishing vendored dependencies increases size and supply-chain risk.
node_modules/express/lib/view.js,3325,ec627880c1b43aee5887164ac2e9c58f01e4ee8086e23a829eddf1af3858c021,.js,182,DEPENDENCY_CACHE,EXCLUDE,Reinstall from package lock; publishing vendored dependencies increases size and supply-chain risk.
node_modules/express/LICENSE,1249,95a5762890e5c1c9808921cef095661fc482c5e1f0bba31446ac85595df6237c,,24,DEPENDENCY_CACHE,EXCLUDE,Reinstall from package lock; publishing vendored dependencies increases size and supply-chain risk.
node_modules/express/package.json,2821,c7db3b72582355c80cdcef1ad7b2c9a8f53557550724c6bef8502e9818c2ebe7,.json,102,DEPENDENCY_CACHE,EXCLUDE,Reinstall from package lock; publishing vendored dependencies increases size and supply-chain risk.
node_modules/express/Readme.md,9806,016f344ef66b81bbe03c8516e5414982244599fec6401f0fcc1ccb112123d370,.md,260,DEPENDENCY_CACHE,EXCLUDE,Reinstall from package lock; publishing vendored dependencies increases size and supply-chain risk.
node_modules/finalhandler/HISTORY.md,4662,b7a6ce0e0bda632bfbffc87ca8848fb23516982172f0e65f75780921aa4c0db8,.md,216,DEPENDENCY_CACHE,EXCLUDE,Reinstall from package lock; publishing vendored dependencies increases size and supply-chain risk.
node_modules/finalhandler/index.js,6768,e64935ee2b9fc38d5c156e57bc723c3e69410ff065514cbcb1a863988df4ad62,.js,341,DEPENDENCY_CACHE,EXCLUDE,Reinstall from package lock; publishing vendored dependencies increases size and supply-chain risk.
node_modules/finalhandler/LICENSE,1119,47dcccf62bf40469d23849b0b1dc8df9fc91bce219b880c638d4dc4596e6b5cf,,22,DEPENDENCY_CACHE,EXCLUDE,Reinstall from package lock; publishing vendored dependencies increases size and supply-chain risk.
node_modules/finalhandler/package.json,1278,4907275accd15800e34bd953b35b64e391dbe182f75d870a5a30da72b4e9271b,.json,47,DEPENDENCY_CACHE,EXCLUDE,Reinstall from package lock; publishing vendored dependencies increases size and supply-chain risk.
node_modules/finalhandler/README.md,4120,4a069124a373114333e65f022ce5183fda08e3ac18b999c70f0f01fd193ec8e4,.md,147,DEPENDENCY_CACHE,EXCLUDE,Reinstall from package lock; publishing vendored dependencies increases size and supply-chain risk.
node_modules/finalhandler/SECURITY.md,1202,d0366646babeb58ff9cb81d794063822b86bd3f3c12e96133c9f55a0812891cd,.md,25,DEPENDENCY_CACHE,EXCLUDE,Reinstall from package lock; publishing vendored dependencies increases size and supply-chain risk.
node_modules/forwarded/HISTORY.md,400,16a998adf118889eee706826b2d3bc50b0d6ef228d81eb94a64b47b72d95a398,.md,21,DEPENDENCY_CACHE,EXCLUDE,Reinstall from package lock; publishing vendored dependencies increases size and supply-chain risk.
node_modules/forwarded/index.js,1578,4ca8df355d325042545f4a522017926ec460fcb836f10174f2c80bbc4d47aa69,.js,90,DEPENDENCY_CACHE,EXCLUDE,Reinstall from package lock; publishing vendored dependencies increases size and supply-chain risk.
node_modules/forwarded/LICENSE,1094,bd47ce7b88c7759630d1e2b9fcfa170a0f1fde522be09e13fb1581a79d090400,,22,DEPENDENCY_CACHE,EXCLUDE,Reinstall from package lock; publishing vendored dependencies increases size and supply-chain risk.
node_modules/forwarded/package.json,1150,550a78f64b6a76bc353d6a10152af5750613d0d910f8478943176c1a6196158a,.json,45,DEPENDENCY_CACHE,EXCLUDE,Reinstall from package lock; publishing vendored dependencies increases size and supply-chain risk.
node_modules/forwarded/README.md,1654,114e825a45563255497909dbdc6b776ae7718698896a8e66d8dc980dcd2c1088,.md,57,DEPENDENCY_CACHE,EXCLUDE,Reinstall from package lock; publishing vendored dependencies increases size and supply-chain risk.
node_modules/fresh/HISTORY.md,1500,c2d714eaf4558de25ab7ea991f52899610cd566fec897838ad24306fa2f8f409,.md,70,DEPENDENCY_CACHE,EXCLUDE,Reinstall from package lock; publishing vendored dependencies increases size and supply-chain risk.
node_modules/fresh/index.js,2711,85b46ce10c4fba71fb41666586572277f626bbc698266026372941b5267bfb60,.js,137,DEPENDENCY_CACHE,EXCLUDE,Reinstall from package lock; publishing vendored dependencies increases size and supply-chain risk.
node_modules/fresh/LICENSE,1174,a0ec0dab16b3666f24950f86d257930ac2ad475557b4bfe245620e0817d8a45d,,23,DEPENDENCY_CACHE,EXCLUDE,Reinstall from package lock; publishing vendored dependencies increases size and supply-chain risk.
node_modules/fresh/package.json,1357,65f8ebd91560a3a6143f06bd9066d337bcf5f0c53e4a5329b98894f24eefb8b1,.json,46,DEPENDENCY_CACHE,EXCLUDE,Reinstall from package lock; publishing vendored dependencies increases size and supply-chain risk.
node_modules/fresh/README.md,3374,ae9229e6a75e3f63f9cc1f651c6e1cafaedcc26852afe5ffed8a79c107b54aa5,.md,119,DEPENDENCY_CACHE,EXCLUDE,Reinstall from package lock; publishing vendored dependencies increases size and supply-chain risk.
node_modules/function-bind/.eslintrc,253,d1ef27c0f368368a239a99363dc04d7c2dbcb9b62d1a4107390a6dc52b901f1f,,21,DEPENDENCY_CACHE,EXCLUDE,Reinstall from package lock; publishing vendored dependencies increases size and supply-chain risk.
node_modules/function-bind/.github/FUNDING.yml,584,728efc32ee016ce1b42d6b8848548b7f3540d5e0ba2966efca1774d132493d52,.yml,12,DEPENDENCY_CACHE,EXCLUDE,Reinstall from package lock; publishing vendored dependencies increases size and supply-chain risk.
node_modules/function-bind/.github/SECURITY.md,157,dd880fbe091e1b4fe671ef6e4879f7d144a64c0a3b21ce9b498c62c082ff3e50,.md,3,DEPENDENCY_CACHE,EXCLUDE,Reinstall from package lock; publishing vendored dependencies increases size and supply-chain risk.
node_modules/function-bind/.nycrc,216,948366fea3b423a46366326d0bb2e54b08abd1cf0b243678ba6625740c40da5a,,13,DEPENDENCY_CACHE,EXCLUDE,Reinstall from package lock; publishing vendored dependencies increases size and supply-chain risk.
node_modules/function-bind/CHANGELOG.md,13812,c44d3c98a0cf4f95fef7845da104deca900d24853589767bbeb380406ce1dab2,.md,136,DEPENDENCY_CACHE,EXCLUDE,Reinstall from package lock; publishing vendored dependencies increases size and supply-chain risk.
node_modules/function-bind/implementation.js,2043,5c52eb40601e0716dafff9759cf28d8d4af3e2fc2e2c96384f43dbfd0f7370b5,.js,84,DEPENDENCY_CACHE,EXCLUDE,Reinstall from package lock; publishing vendored dependencies increases size and supply-chain risk.
node_modules/function-bind/index.js,126,12fa1b92429db25599f6fe118cbbb877f7f62b83cb9bfe2fc896b2d6a8110647,.js,5,DEPENDENCY_CACHE,EXCLUDE,Reinstall from package lock; publishing vendored dependencies increases size and supply-chain risk.
node_modules/function-bind/LICENSE,1052,773e131a7684726005a7e4688a80b4620033bc08499bc1404dd1a1eb3bca725e,,20,DEPENDENCY_CACHE,EXCLUDE,Reinstall from package lock; publishing vendored dependencies increases size and supply-chain risk.
node_modules/function-bind/package.json,2262,edb1c4faf4148e6e3d74ed8dbac1a1dc359a647ff4207aad4851396dc7a3559a,.json,87,DEPENDENCY_CACHE,EXCLUDE,Reinstall from package lock; publishing vendored dependencies increases size and supply-chain risk.
node_modules/function-bind/README.md,1755,305fc05a184a5afa3766893be87d24e4c0f2e8561b66463a51aee4b196b1dc48,.md,46,DEPENDENCY_CACHE,EXCLUDE,Reinstall from package lock; publishing vendored dependencies increases size and supply-chain risk.
node_modules/function-bind/test/.eslintrc,176,63cdaa0cb9c27170eab17635114928f01e23665054b7ac15538b7be2fc3eb495,,9,DEPENDENCY_CACHE,EXCLUDE,Reinstall from package lock; publishing vendored dependencies increases size and supply-chain risk.
node_modules/function-bind/test/index.js,8991,32ba00e232dc250a945bdb23461a7346f6029d31b595aa2046bf386aab6a91e9,.js,252,DEPENDENCY_CACHE,EXCLUDE,Reinstall from package lock; publishing vendored dependencies increases size and supply-chain risk.
node_modules/get-intrinsic/.eslintrc,647,e580467ddfd72cbbd80b8d84ec237d2809f62d357b0cd7189e8c2ba55c0d89ca,,42,DEPENDENCY_CACHE,EXCLUDE,Reinstall from package lock; publishing vendored dependencies increases size and supply-chain risk.
node_modules/get-intrinsic/.github/FUNDING.yml,584,24cafae83831c946115236f57f58e0d4797a3e7f6bcc8ad87b88a69d15a520c6,.yml,12,DEPENDENCY_CACHE,EXCLUDE,Reinstall from package lock; publishing vendored dependencies increases size and supply-chain risk.
node_modules/get-intrinsic/.nycrc,139,997785c50b0773e5e18bf15550fbf57823c634fefe623cd37b3c83696402ad0a,,9,DEPENDENCY_CACHE,EXCLUDE,Reinstall from package lock; publishing vendored dependencies increases size and supply-chain risk.
node_modules/get-intrinsic/CHANGELOG.md,15537,e73856f1e09b5743933e57e3ecc153d3d81bf1a1d5ead38d8472bf4e0fd14cf5,.md,186,DEPENDENCY_CACHE,EXCLUDE,Reinstall from package lock; publishing vendored dependencies increases size and supply-chain risk.
node_modules/get-intrinsic/index.js,14439,c3bc7278af37cede0da2db32724fa0b89a07c44205c44c4f5db0e4d8d497d49c,.js,378,DEPENDENCY_CACHE,EXCLUDE,Reinstall from package lock; publishing vendored dependencies increases size and supply-chain risk.
node_modules/get-intrinsic/LICENSE,1071,39c5ec504cf6bd5cd782a7c695828e09189df79f5d94840e4f08feb97b9fd416,,21,DEPENDENCY_CACHE,EXCLUDE,Reinstall from package lock; publishing vendored dependencies increases size and supply-chain risk.
node_modules/get-intrinsic/package.json,2576,45b14763baacc59b0fd7b39e3ad983d5d2aaf7f5ed682f2fce9edb469826c999,.json,97,DEPENDENCY_CACHE,EXCLUDE,Reinstall from package lock; publishing vendored dependencies increases size and supply-chain risk.
node_modules/get-intrinsic/README.md,2791,15f5365e3e1d4182780423363296e53408ff4254dc958a6e52a05a7dcee324b4,.md,71,DEPENDENCY_CACHE,EXCLUDE,Reinstall from package lock; publishing vendored dependencies increases size and supply-chain risk.
node_modules/get-intrinsic/test/GetIntrinsic.js,8758,7541f692c80dc65187896456ed4c0dab3a8c5dfd61b088f5cbaea13f3bce8e80,.js,274,DEPENDENCY_CACHE,EXCLUDE,Reinstall from package lock; publishing vendored dependencies increases size and supply-chain risk.
node_modules/get-proto/.eslintrc,104,f234bdd351b6201bfbe156b83e1ec1372fe18d669d26670398c3919b5e21c630,,10,DEPENDENCY_CACHE,EXCLUDE,Reinstall from package lock; publishing vendored dependencies increases size and supply-chain risk.
node_modules/get-proto/.github/FUNDING.yml,580,efc240256bdc771e8b442e1e88b40157e9fd51f5a1b2cb510da770087b77719c,.yml,12,DEPENDENCY_CACHE,EXCLUDE,Reinstall from package lock; publishing vendored dependencies increases size and supply-chain risk.
node_modules/get-proto/.nycrc,139,997785c50b0773e5e18bf15550fbf57823c634fefe623cd37b3c83696402ad0a,,9,DEPENDENCY_CACHE,EXCLUDE,Reinstall from package lock; publishing vendored dependencies increases size and supply-chain risk.
node_modules/get-proto/CHANGELOG.md,1054,11759506474827be4b01f43de7d038f1f23effaada2c84ae430459c2aa4dc205,.md,21,DEPENDENCY_CACHE,EXCLUDE,Reinstall from package lock; publishing vendored dependencies increases size and supply-chain risk.
node_modules/get-proto/index.d.ts,126,7538ce3a26100e7dca4c6d51b9315e91ab2088a1bb0f2033f752f506311df206,.ts,5,DEPENDENCY_CACHE,EXCLUDE,Reinstall from package lock; publishing vendored dependencies increases size and supply-chain risk.
node_modules/get-proto/index.js,821,ee310261ff252b6d90c1a9fc4b9eceb63ddb963e7eec5125631cf169daad38c1,.js,27,DEPENDENCY_CACHE,EXCLUDE,Reinstall from package lock; publishing vendored dependencies increases size and supply-chain risk.
node_modules/get-proto/LICENSE,1071,be46ce1e3b0479af9ce82d22b465a6d7d2ff084fca0aaf3d54172da2b5eb5781,,21,DEPENDENCY_CACHE,EXCLUDE,Reinstall from package lock; publishing vendored dependencies increases size and supply-chain risk.
node_modules/get-proto/Object.getPrototypeOf.d.ts,125,b741a7e634a760b535687ff4b64e2477ea9ec085fb90a57013a8dd478d679b81,.ts,5,DEPENDENCY_CACHE,EXCLUDE,Reinstall from package lock; publishing vendored dependencies increases size and supply-chain risk.
node_modules/get-proto/Object.getPrototypeOf.js,156,66d51243588d269eb28f5bc8236e111a9a36e010e9b5b9b496be2963882a9e28,.js,6,DEPENDENCY_CACHE,EXCLUDE,Reinstall from package lock; publishing vendored dependencies increases size and supply-chain risk.
node_modules/get-proto/package.json,2176,73839e012ac7134a632c9d9fc6bdb700ac9ab5553cce39eb789ba2b65663e734,.json,81,DEPENDENCY_CACHE,EXCLUDE,Reinstall from package lock; publishing vendored dependencies increases size and supply-chain risk.
node_modules/get-proto/README.md,1794,5a3c611a2e47ccbe9b01df7ee9f6bce0a2035fd35acbff028e5ceef77a1331ee,.md,50,DEPENDENCY_CACHE,EXCLUDE,Reinstall from package lock; publishing vendored dependencies increases size and supply-chain risk.
node_modules/get-proto/Reflect.getPrototypeOf.d.ts,67,9be2e264638db3866380db1e22f491a565e70c2f8c5a6cf6a085b24bbfb6e336,.ts,3,DEPENDENCY_CACHE,EXCLUDE,Reinstall from package lock; publishing vendored dependencies increases size and supply-chain risk.
node_modules/get-proto/Reflect.getPrototypeOf.js,150,bab0332997a67c0eb3d2ab24ee9ae5d106d275a8ef5bde2a711faa1c96899c59,.js,4,DEPENDENCY_CACHE,EXCLUDE,Reinstall from package lock; publishing vendored dependencies increases size and supply-chain risk.
node_modules/get-proto/test/index.js,2359,1f4edb40034d0c23400ab56be0d20fd8bc2cee1aeb4298905b2eb5e78e946a56,.js,68,DEPENDENCY_CACHE,EXCLUDE,Reinstall from package lock; publishing vendored dependencies increases size and supply-chain risk.
node_modules/get-proto/tsconfig.json,118,2f3c811aa59dd8b9d58e160110c7ad919cab9827c1fa89f580e328da3c573db4,.json,9,DEPENDENCY_CACHE,EXCLUDE,Reinstall from package lock; publishing vendored dependencies increases size and supply-chain risk.
node_modules/gopd/.eslintrc,224,f441ce02cf8246250be17c235fc77a2f674a6e538847c3c8b0639377efb253e8,,16,DEPENDENCY_CACHE,EXCLUDE,Reinstall from package lock; publishing vendored dependencies increases size and supply-chain risk.
node_modules/gopd/.github/FUNDING.yml,575,14a29231a020201285cec832f4d4c90b7296bc45f9117e3f2a28c5e51a430cae,.yml,12,DEPENDENCY_CACHE,EXCLUDE,Reinstall from package lock; publishing vendored dependencies increases size and supply-chain risk.
node_modules/gopd/CHANGELOG.md,3077,aba458bfc8c4bdc9cfdc3b2e879d5820b0d03950bcefcaaaac3620dad727283b,.md,45,DEPENDENCY_CACHE,EXCLUDE,Reinstall from package lock; publishing vendored dependencies increases size and supply-chain risk.
node_modules/gopd/gOPD.d.ts,42,dd965f7c0c2aa6f08e154a854d004141ab769c1b981037e1cb48e753c1e764e1,.ts,1,DEPENDENCY_CACHE,EXCLUDE,Reinstall from package lock; publishing vendored dependencies increases size and supply-chain risk.
node_modules/gopd/gOPD.js,97,48a04dcb3fb5cccb6c8541a3a8227b8d9f881ea3ffef3177ac4bb0338556b839,.js,4,DEPENDENCY_CACHE,EXCLUDE,Reinstall from package lock; publishing vendored dependencies increases size and supply-chain risk.
node_modules/gopd/index.d.ts,173,395aa7e2c154e81a0d7e20f2732369e4c875c3f23336b270a3db75ca3019c64e,.ts,5,DEPENDENCY_CACHE,EXCLUDE,Reinstall from package lock; publishing vendored dependencies increases size and supply-chain risk.
node_modules/gopd/index.js,206,8f8092ee3aaa2932a71e9f264a9b273dc33f7c52f4cdb0815956fccf80230d8c,.js,15,DEPENDENCY_CACHE,EXCLUDE,Reinstall from package lock; publishing vendored dependencies increases size and supply-chain risk.
node_modules/gopd/LICENSE,1071,d90bf0a089da4cf43d644ed240a0b3825dcdb705e64e38371d56995a4cc9e4c5,,21,DEPENDENCY_CACHE,EXCLUDE,Reinstall from package lock; publishing vendored dependencies increases size and supply-chain risk.
node_modules/gopd/package.json,2070,33ace32dc861f6da9d1fd9d0a44c66e8c6ff3b13358d070683c1c2978ff5f19f,.json,77,DEPENDENCY_CACHE,EXCLUDE,Reinstall from package lock; publishing vendored dependencies increases size and supply-chain risk.
node_modules/gopd/README.md,1562,a5adda11eb1b5c4a225289ccc2e1f01bdc27e1635b85039ad327ec37082ad3d4,.md,40,DEPENDENCY_CACHE,EXCLUDE,Reinstall from package lock; publishing vendored dependencies increases size and supply-chain risk.
node_modules/gopd/test/index.js,656,09dc70d20fa4d40c2749508868750a0d677d7c2b472a7d984271134b7af76d42,.js,36,DEPENDENCY_CACHE,EXCLUDE,Reinstall from package lock; publishing vendored dependencies increases size and supply-chain risk.
node_modules/gopd/tsconfig.json,116,6346ee4c020f341387588479dd83740a65ab902a462b8c6b3b8bf51f032c6795,.json,9,DEPENDENCY_CACHE,EXCLUDE,Reinstall from package lock; publishing vendored dependencies increases size and supply-chain risk.
node_modules/has-symbols/.eslintrc,164,15b0bd2d80ee6d32af3c8761fc9007606a5ec9cf605e4ca2a214eef8be564fce,,11,DEPENDENCY_CACHE,EXCLUDE,Reinstall from package lock; publishing vendored dependencies increases size and supply-chain risk.
node_modules/has-symbols/.github/FUNDING.yml,582,e777d06bafdcd1d459abcbdc03ac52357b59c248614dc6143d8d02ebfb4aef15,.yml,12,DEPENDENCY_CACHE,EXCLUDE,Reinstall from package lock; publishing vendored dependencies increases size and supply-chain risk.
node_modules/has-symbols/.nycrc,139,997785c50b0773e5e18bf15550fbf57823c634fefe623cd37b3c83696402ad0a,,9,DEPENDENCY_CACHE,EXCLUDE,Reinstall from package lock; publishing vendored dependencies increases size and supply-chain risk.
node_modules/has-symbols/CHANGELOG.md,9431,ad7ead4963a1958ead230596f27a721645617e8f63640a59f87d333ec8dbe917,.md,91,DEPENDENCY_CACHE,EXCLUDE,Reinstall from package lock; publishing vendored dependencies increases size and supply-chain risk.
node_modules/has-symbols/index.d.ts,73,1b02a2f85850a7a5af11ce050ac42126041b89f7bb319f8b6e107b19512ef98d,.ts,3,DEPENDENCY_CACHE,EXCLUDE,Reinstall from package lock; publishing vendored dependencies increases size and supply-chain risk.
node_modules/has-symbols/index.js,447,fd9bef8dd0d913bc8beac3156a0019d1a83a6e091498d1af1cbdbd536776e189,.js,14,DEPENDENCY_CACHE,EXCLUDE,Reinstall from package lock; publishing vendored dependencies increases size and supply-chain risk.
node_modules/has-symbols/LICENSE,1071,206c1adcf206dc0031b11232f5b054ec5f1662407ab1ca415247921cab2068ab,,21,DEPENDENCY_CACHE,EXCLUDE,Reinstall from package lock; publishing vendored dependencies increases size and supply-chain risk.
node_modules/has-symbols/package.json,2974,5190268c0e3308d7446d1f7c036238f329f786938453e6017cb90980b3612e7a,.json,111,DEPENDENCY_CACHE,EXCLUDE,Reinstall from package lock; publishing vendored dependencies increases size and supply-chain risk.
node_modules/has-symbols/README.md,2044,a062b27ee12e84e310041d05d10d69ac2d7076cba1fc698bae8a4e40a15897ec,.md,46,DEPENDENCY_CACHE,EXCLUDE,Reinstall from package lock; publishing vendored dependencies increases size and supply-chain risk.
node_modules/has-symbols/shams.d.ts,69,05ea7bb0c9370e097da841bf955be2bee13ea698c7de94a00a713d7755879cae,.ts,3,DEPENDENCY_CACHE,EXCLUDE,Reinstall from package lock; publishing vendored dependencies increases size and supply-chain risk.
node_modules/has-symbols/shams.js,1922,41277ab2db4a31094dc6f4ca2c3cbbe5576da5e5bddac4bda6c1f0d9c0e0c417,.js,45,DEPENDENCY_CACHE,EXCLUDE,Reinstall from package lock; publishing vendored dependencies increases size and supply-chain risk.
node_modules/has-symbols/test/index.js,654,b2eddc5a76e6a43738847679126ef698ec8ad36993045207cc1323d1f89710d6,.js,22,DEPENDENCY_CACHE,EXCLUDE,Reinstall from package lock; publishing vendored dependencies increases size and supply-chain risk.
node_modules/has-symbols/test/shams/core-js.js,797,92fe765a1b83f04811a8e75219c55dfe1c8f374892fc2708e9296f6e17625970,.js,29,DEPENDENCY_CACHE,EXCLUDE,Reinstall from package lock; publishing vendored dependencies increases size and supply-chain risk.
node_modules/has-symbols/test/shams/get-own-property-symbols.js,760,89f4eeab0b85306f45c1d6238cabf3e42c4306f2f1d48772e280ed24a1495cfb,.js,29,DEPENDENCY_CACHE,EXCLUDE,Reinstall from package lock; publishing vendored dependencies increases size and supply-chain risk.
node_modules/has-symbols/test/tests.js,2139,30e827ff7c7a906135fec45a3eabf281f2384ad5479027793841f759df5f1ccc,.js,58,DEPENDENCY_CACHE,EXCLUDE,Reinstall from package lock; publishing vendored dependencies increases size and supply-chain risk.
node_modules/has-symbols/tsconfig.json,143,b9b19c254344aae6fec9086e109040f9a13369c0d061c9a018e9b26dfe94a1c8,.json,10,DEPENDENCY_CACHE,EXCLUDE,Reinstall from package lock; publishing vendored dependencies increases size and supply-chain risk.
node_modules/hasown/.github/FUNDING.yml,552,4a8aadc5bb4e3fcb59ced104864f1440a8a0b82c57d7a69ef3845223590039cc,.yml,12,DEPENDENCY_CACHE,EXCLUDE,Reinstall from package lock; publishing vendored dependencies increases size and supply-chain risk.
node_modules/hasown/.nycrc,216,948366fea3b423a46366326d0bb2e54b08abd1cf0b243678ba6625740c40da5a,,13,DEPENDENCY_CACHE,EXCLUDE,Reinstall from package lock; publishing vendored dependencies increases size and supply-chain risk.
node_modules/hasown/CHANGELOG.md,4078,dbb1b9d059ec30fa69b146d123969dbf8396cbcac3e725ecdaecd81220baad3c,.md,58,DEPENDENCY_CACHE,EXCLUDE,Reinstall from package lock; publishing vendored dependencies increases size and supply-chain risk.
node_modules/hasown/eslint.config.mjs,136,d93d3e9ef95505eba19cb8d48506df45f4a4d6fda2efe0b9b1c0d7afaf8e1763,.mjs,6,DEPENDENCY_CACHE,EXCLUDE,Reinstall from package lock; publishing vendored dependencies increases size and supply-chain risk.
node_modules/hasown/index.d.ts,117,19bcd679cc9cb312683bf10390a1aadb929af6439b33eb60f06119ee2d702761,.ts,3,DEPENDENCY_CACHE,EXCLUDE,Reinstall from package lock; publishing vendored dependencies increases size and supply-chain risk.
node_modules/hasown/index.js,206,8f875520f41a3d711566013882af290c840969316cc72cd6b35f7e81d7dfc6d2,.js,8,DEPENDENCY_CACHE,EXCLUDE,Reinstall from package lock; publishing vendored dependencies increases size and supply-chain risk.
node_modules/hasown/LICENSE,1083,bf9b0d665be2a689851eea667ca9f42066ea1d903b38349c51e6a44b2577680a,,21,DEPENDENCY_CACHE,EXCLUDE,Reinstall from package lock; publishing vendored dependencies increases size and supply-chain risk.
node_modules/hasown/package.json,2258,40b750c55a8bacf2c5ac316f5299dd44d48acc101c189a00cd59d39376b5eb89,.json,91,DEPENDENCY_CACHE,EXCLUDE,Reinstall from package lock; publishing vendored dependencies increases size and supply-chain risk.
node_modules/hasown/README.md,1613,a922ab2a0abcdcbd99c1484c7bd83d69a04b5e11ab53064d2c9aa557df1c52b4,.md,40,DEPENDENCY_CACHE,EXCLUDE,Reinstall from package lock; publishing vendored dependencies increases size and supply-chain risk.
node_modules/hasown/tsconfig.json,73,29ef530207266f2859676c048073e7f746db37a0a20e2a75bc2ef2b3893fbf40,.json,6,DEPENDENCY_CACHE,EXCLUDE,Reinstall from package lock; publishing vendored dependencies increases size and supply-chain risk.
node_modules/http-errors/HISTORY.md,4094,a3a79172043c3fde7641489904b5ad87dad8e11ce389791edbf1e888e6dc2698,.md,186,DEPENDENCY_CACHE,EXCLUDE,Reinstall from package lock; publishing vendored dependencies increases size and supply-chain risk.
node_modules/http-errors/index.js,6430,33bda88afcd1a83566eb4ebb305f852b701e19aad5e1d92cb3a11161d35c50f0,.js,290,DEPENDENCY_CACHE,EXCLUDE,Reinstall from package lock; publishing vendored dependencies increases size and supply-chain risk.
node_modules/http-errors/LICENSE,1168,dcb94ff9b1e037a847bc20589dc81a1066d041fd4c16deb18b0fa968c66cf395,,23,DEPENDENCY_CACHE,EXCLUDE,Reinstall from package lock; publishing vendored dependencies increases size and supply-chain risk.
node_modules/http-errors/package.json,1410,d540721372bf8bf77b5fad31f6567a916e24d0aeeb78c81ba92b69feea9f1eef,.json,54,DEPENDENCY_CACHE,EXCLUDE,Reinstall from package lock; publishing vendored dependencies increases size and supply-chain risk.
node_modules/http-errors/README.md,5962,ec2d7a200d4adf39ebfa7e29f1fb1f45dfb34ec8fe040428f83aa5dad8948c57,.md,169,DEPENDENCY_CACHE,EXCLUDE,Reinstall from package lock; publishing vendored dependencies increases size and supply-chain risk.
node_modules/iconv-lite/Changelog.md,4342,0c7c66f8f39354e7b15c4431a95c2bcd40941f9ae8d666efa8f17afb97b87c82,.md,162,DEPENDENCY_CACHE,EXCLUDE,Reinstall from package lock; publishing vendored dependencies increases size and supply-chain risk.
node_modules/iconv-lite/encodings/dbcs-codec.js,21415,d39bc17f93fc56af631b00e36542488923378cce5ad9e7db48252ce7a1e7b1ed,.js,555,DEPENDENCY_CACHE,EXCLUDE,Reinstall from package lock; publishing vendored dependencies increases size and supply-chain risk.
node_modules/iconv-lite/encodings/dbcs-data.js,8291,e213f77e926605c30649ea48bcea851d1ec063bb17fa4c2ab6d3b64853b481ac,.js,176,DEPENDENCY_CACHE,EXCLUDE,Reinstall from package lock; publishing vendored dependencies increases size and supply-chain risk.
node_modules/iconv-lite/encodings/index.js,710,69607a9ee51b63333d0e7ee20a38b52e1e96652a4bbc09c701d70835fbbfe10a,.js,22,DEPENDENCY_CACHE,EXCLUDE,Reinstall from package lock; publishing vendored dependencies increases size and supply-chain risk.
node_modules/iconv-lite/encodings/internal.js,6115,39d9dd0568708a23c5999fcd6c417ec64f35ecbecd37205f91c7c6b59d14d773,.js,188,DEPENDENCY_CACHE,EXCLUDE,Reinstall from package lock; publishing vendored dependencies increases size and supply-chain risk.
node_modules/iconv-lite/encodings/sbcs-codec.js,2191,fb511c4c70a6cb0e2a06d03e67ca88dca9f4da6266b909c7338e453d2ecc9fdb,.js,72,DEPENDENCY_CACHE,EXCLUDE,Reinstall from package lock; publishing vendored dependencies increases size and supply-chain risk.
node_modules/iconv-lite/encodings/sbcs-data-generated.js,32034,2cf44b3f70c61c9cdd59fda7ec085bc3180809638f208c7239688ccb90a48866,.js,451,DEPENDENCY_CACHE,EXCLUDE,Reinstall from package lock; publishing vendored dependencies increases size and supply-chain risk.
node_modules/iconv-lite/encodings/sbcs-data.js,4686,3116c986bff5d0b3a0d9ee1700d97ac466965a7b30d353300d408b41622604c2,.js,174,DEPENDENCY_CACHE,EXCLUDE,Reinstall from package lock; publishing vendored dependencies increases size and supply-chain risk.
node_modules/iconv-lite/encodings/tables/big5-added.json,17717,db94db5e5d3ab696ddb0025685cfa85da1864839a4a26aab2f8f86f6b8382288,.json,122,DEPENDENCY_CACHE,EXCLUDE,Reinstall from package lock; publishing vendored dependencies increases size and supply-chain risk.
node_modules/iconv-lite/encodings/tables/cp936.json,47320,8225bb693efd380279ed7280b8f8419fd069c5f018d20d5946bf187ad92c0cf7,.json,264,DEPENDENCY_CACHE,EXCLUDE,Reinstall from package lock; publishing vendored dependencies increases size and supply-chain risk.
node_modules/iconv-lite/encodings/tables/cp949.json,38122,77a56ea83d0d94d1dc620042ad3c897f0e40814bb05c0085d3aeed0018e8a3e8,.json,273,DEPENDENCY_CACHE,EXCLUDE,Reinstall from package lock; publishing vendored dependencies increases size and supply-chain risk.
node_modules/iconv-lite/encodings/tables/cp950.json,42356,99e2114dc4b39092617967c763f9eaeb4d8e70551afc5884baa3fb92827f3420,.json,177,DEPENDENCY_CACHE,EXCLUDE,Reinstall from package lock; publishing vendored dependencies increases size and supply-chain risk.
node_modules/iconv-lite/encodings/tables/eucjp.json,41064,7c4fe279000f7e99fc7cd59afb1da21725dcebdc1babd9e3b883253a77abb042,.json,182,DEPENDENCY_CACHE,EXCLUDE,Reinstall from package lock; publishing vendored dependencies increases size and supply-chain risk.
node_modules/iconv-lite/encodings/tables/gb18030-ranges.json,2216,5a3cc11e38f05a0908442acbf1c921d0b73f2a304fb6a9e4484e26eb1ca07d76,.json,1,DEPENDENCY_CACHE,EXCLUDE,Reinstall from package lock; publishing vendored dependencies increases size and supply-chain risk.
node_modules/iconv-lite/encodings/tables/gbk-added.json,1227,7e6e8c23d37d5819481909e4d972fbf0f35e120dda3498dd3a0cd6b5e4932fe6,.json,55,DEPENDENCY_CACHE,EXCLUDE,Reinstall from package lock; publishing vendored dependencies increases size and supply-chain risk.
node_modules/iconv-lite/encodings/tables/shiftjis.json,23782,02b0b120f697c48133e8b547e8dc594bc5b9f1c1799b50c2c5ff917298548558,.json,125,DEPENDENCY_CACHE,EXCLUDE,Reinstall from package lock; publishing vendored dependencies increases size and supply-chain risk.
node_modules/iconv-lite/encodings/utf16.js,5011,baf708be438edf0fef70a3e34619c6be94cd53d963acb9b2542419d5fc3bb8c8,.js,177,DEPENDENCY_CACHE,EXCLUDE,Reinstall from package lock; publishing vendored dependencies increases size and supply-chain risk.
node_modules/iconv-lite/encodings/utf7.js,9215,c814ad268d19265ccafc9f7bba2e8dfcdd2afdea62698bb24b7284b3f2ea18a0,.js,290,DEPENDENCY_CACHE,EXCLUDE,Reinstall from package lock; publishing vendored dependencies increases size and supply-chain risk.
node_modules/iconv-lite/lib/bom-handling.js,1109,c230d25d8e7fbb50960c634b636b71327c409e9a77e67fe9446b566bdcea362d,.js,52,DEPENDENCY_CACHE,EXCLUDE,Reinstall from package lock; publishing vendored dependencies increases size and supply-chain risk.
node_modules/iconv-lite/lib/extend-node.js,8701,7b86aebd7175d940c50f60eac1981490962855d9723bf971981ddd703ba6af43,.js,217,DEPENDENCY_CACHE,EXCLUDE,Reinstall from package lock; publishing vendored dependencies increases size and supply-chain risk.
node_modules/iconv-lite/lib/index.d.ts,982,73aaee6a7a9cf41fb2c67158f4bc218f9da27545ea55648b2c10ca2a9600ae15,.ts,24,DEPENDENCY_CACHE,EXCLUDE,Reinstall from package lock; publishing vendored dependencies increases size and supply-chain risk.
node_modules/iconv-lite/lib/index.js,5123,77d20e2fd5bcd9e324fb6cfdb909cd06fdaf6a91769adffcf4d7c4c066cce4c3,.js,153,DEPENDENCY_CACHE,EXCLUDE,Reinstall from package lock; publishing vendored dependencies increases size and supply-chain risk.
node_modules/iconv-lite/lib/streams.js,3387,25a423eaf41f8dc6bc40cb28189a24e2d63b990ed72c824940bed55d0264ea6d,.js,121,DEPENDENCY_CACHE,EXCLUDE,Reinstall from package lock; publishing vendored dependencies increases size and supply-chain risk.
node_modules/iconv-lite/LICENSE,1064,ac779f7314c74f232ef847ea86e714abe25cf6eeb5cc97b69451b74e2af6492d,,21,DEPENDENCY_CACHE,EXCLUDE,Reinstall from package lock; publishing vendored dependencies increases size and supply-chain risk.
node_modules/iconv-lite/package.json,1227,6f7c96c32f7d6e0498be71b0ccedaf298bb00ab4dd40c1d63655ec53477db384,.json,46,DEPENDENCY_CACHE,EXCLUDE,Reinstall from package lock; publishing vendored dependencies increases size and supply-chain risk.
node_modules/iconv-lite/README.md,6534,a417c996ceb04e8dbaca5d18187820afe34ce5105ffd4b7c3ef3c5beae298eba,.md,156,DEPENDENCY_CACHE,EXCLUDE,Reinstall from package lock; publishing vendored dependencies increases size and supply-chain risk.
node_modules/inherits/inherits.js,250,bb380f32bef5feb18678f0f45f88073fed5d7a0069a309132cb2080cd553d5c7,.js,9,DEPENDENCY_CACHE,EXCLUDE,Reinstall from package lock; publishing vendored dependencies increases size and supply-chain risk.
node_modules/inherits/inherits_browser.js,753,ad322a7b1dec60f3d2ebda2091816469efb55b567d241cf3cf0fa4c5a4afe500,.js,27,DEPENDENCY_CACHE,EXCLUDE,Reinstall from package lock; publishing vendored dependencies increases size and supply-chain risk.
node_modules/inherits/LICENSE,749,5ffe28e7ade7d8f10d85d5337a73fd793dac5c462fb9a28fbf8c5046c7fbca3b,,16,DEPENDENCY_CACHE,EXCLUDE,Reinstall from package lock; publishing vendored dependencies increases size and supply-chain risk.
node_modules/inherits/package.json,581,be645800bc94fd8de29c8ae91690549b316cc437100108aeea7b2f347693cc80,.json,29,DEPENDENCY_CACHE,EXCLUDE,Reinstall from package lock; publishing vendored dependencies increases size and supply-chain risk.
node_modules/inherits/README.md,1625,b33c8be1ca837d9e4c9b0e04a550feacbc101556164d3cdbb875aed6ccbb8a29,.md,42,DEPENDENCY_CACHE,EXCLUDE,Reinstall from package lock; publishing vendored dependencies increases size and supply-chain risk.
node_modules/ipaddr.js/ipaddr.min.js,9738,ab95215c182a1bea49617080dc12e52e3e80521894c37ce0478b69326c151440,.js,1,DEPENDENCY_CACHE,EXCLUDE,Reinstall from package lock; publishing vendored dependencies increases size and supply-chain risk.
node_modules/ipaddr.js/lib/ipaddr.js,19333,d82a21a6872925dfe73e9aa10e9eb47baba398987560e36db107f44d92f069b0,.js,673,DEPENDENCY_CACHE,EXCLUDE,Reinstall from package lock; publishing vendored dependencies increases size and supply-chain risk.
node_modules/ipaddr.js/lib/ipaddr.js.d.ts,2959,662a75272462317059315f3028452dc8044f752ad0b6b61c084a7ae3eeb0f775,.ts,68,DEPENDENCY_CACHE,EXCLUDE,Reinstall from package lock; publishing vendored dependencies increases size and supply-chain risk.
node_modules/ipaddr.js/LICENSE,1087,62568a2d1337b77171ecca9db10579163446de1ba6151678e81f06cdc199971b,,19,DEPENDENCY_CACHE,EXCLUDE,Reinstall from package lock; publishing vendored dependencies increases size and supply-chain risk.
node_modules/ipaddr.js/package.json,719,fc1071893728a0e78fa40ce0dbe04c5a1021179fdcb5b229f274e3556d6a87cd,.json,35,DEPENDENCY_CACHE,EXCLUDE,Reinstall from package lock; publishing vendored dependencies increases size and supply-chain risk.
node_modules/ipaddr.js/README.md,8309,025b1282fbbc2f7f270e08b29414b7bbde469284564477f38b3519446aa16220,.md,233,DEPENDENCY_CACHE,EXCLUDE,Reinstall from package lock; publishing vendored dependencies increases size and supply-chain risk.
node_modules/isarray/.npmignore,13,16d30e4462189fb14dd611bdb708c510630c576a1f35b9383e89a4352da36c97,,1,DEPENDENCY_CACHE,EXCLUDE,Reinstall from package lock; publishing vendored dependencies increases size and supply-chain risk.
node_modules/isarray/.travis.yml,48,9b9a2cce2d8b28843a1a10647f82300c8403ccde268df5b6abc6c349e5167b34,.yml,4,DEPENDENCY_CACHE,EXCLUDE,Reinstall from package lock; publishing vendored dependencies increases size and supply-chain risk.
node_modules/isarray/component.json,470,f9e5ef95d8e8f65a5dcd3a200b38e5a13461ed95114dac053d908c391c12d731,.json,19,DEPENDENCY_CACHE,EXCLUDE,Reinstall from package lock; publishing vendored dependencies increases size and supply-chain risk.
node_modules/isarray/index.js,132,9b8c691372802da788c9c5f4e1ca2f1ed0b88ab8722176c2aea15e38ec86d249,.js,5,DEPENDENCY_CACHE,EXCLUDE,Reinstall from package lock; publishing vendored dependencies increases size and supply-chain risk.
node_modules/isarray/Makefile,55,928dc8c1df0d6ff86d985f520278a4c83498aa6353ff3d942270aa117397a8d1,,6,DEPENDENCY_CACHE,EXCLUDE,Reinstall from package lock; publishing vendored dependencies increases size and supply-chain risk.
node_modules/isarray/package.json,958,93165ce56e458216c18240cd961a522af5b18e51da06f55d88ac552234455d95,.json,45,DEPENDENCY_CACHE,EXCLUDE,Reinstall from package lock; publishing vendored dependencies increases size and supply-chain risk.
node_modules/isarray/README.md,1890,ff138e683771b187f3629c383db72ee7d632009010a36d08e18e8d2a34222ec7,.md,60,DEPENDENCY_CACHE,EXCLUDE,Reinstall from package lock; publishing vendored dependencies increases size and supply-chain risk.
node_modules/isarray/test.js,320,46997dc4554dd5a554b4883a9c13180c628bb36baadf8f89d2db5861f5239f44,.js,20,DEPENDENCY_CACHE,EXCLUDE,Reinstall from package lock; publishing vendored dependencies increases size and supply-chain risk.
node_modules/math-intrinsics/.eslintrc,229,945b2b35c8d6dc3bb008e7a6391fb98f8d4103ca0dc64652b13dcbea0dd090e1,,16,DEPENDENCY_CACHE,EXCLUDE,Reinstall from package lock; publishing vendored dependencies increases size and supply-chain risk.
node_modules/math-intrinsics/.github/FUNDING.yml,561,a038b7ce2a1e3b2a4dfb7956d262943a084f40d16ddd1a5c19e29a439409db50,.yml,12,DEPENDENCY_CACHE,EXCLUDE,Reinstall from package lock; publishing vendored dependencies increases size and supply-chain risk.
node_modules/math-intrinsics/abs.d.ts,18,e2535a3ae028d92692873993a284117fb65c7d883b3b1490fdb7c12a80060a9f,.ts,1,DEPENDENCY_CACHE,EXCLUDE,Reinstall from package lock; publishing vendored dependencies increases size and supply-chain risk.
node_modules/math-intrinsics/abs.js,73,276961e4323370f3632410c6da81dda018b78c0cfb2a83ea72d48c80a3eaaeb1,.js,4,DEPENDENCY_CACHE,EXCLUDE,Reinstall from package lock; publishing vendored dependencies increases size and supply-chain risk.
node_modules/math-intrinsics/CHANGELOG.md,1466,1868f81797e7249a210cf6f1811b0700a2c582ab9bed97575ced127b4f9b328a,.md,24,DEPENDENCY_CACHE,EXCLUDE,Reinstall from package lock; publishing vendored dependencies increases size and supply-chain risk.
node_modules/math-intrinsics/constants/maxArrayLength.d.ts,71,64e4968fb47e712d4d520a7952321f1991f744b1cde959403ceb33f353a7739a,.ts,3,DEPENDENCY_CACHE,EXCLUDE,Reinstall from package lock; publishing vendored dependencies increases size and supply-chain risk.
node_modules/math-intrinsics/constants/maxArrayLength.js,110,0f267bd9824ebe59456bd6bc6ba41a541ddf0a92c6b3d18201daefd0cc40613e,.js,4,DEPENDENCY_CACHE,EXCLUDE,Reinstall from package lock; publishing vendored dependencies increases size and supply-chain risk.
node_modules/math-intrinsics/constants/maxSafeInteger.d.ts,77,e6b03543ab87ec705c58c866be6026030b4c08712239a178017e26d5c7f6b41e,.ts,3,DEPENDENCY_CACHE,EXCLUDE,Reinstall from package lock; publishing vendored dependencies increases size and supply-chain risk.
node_modules/math-intrinsics/constants/maxSafeInteger.js,231,576a7c935f4154a6f2eaf69446560e36371afb55120774f05563f06ab261df85,.js,5,DEPENDENCY_CACHE,EXCLUDE,Reinstall from package lock; publishing vendored dependencies increases size and supply-chain risk.
node_modules/math-intrinsics/constants/maxValue.d.ts,71,cf85d615baada714fd113a268df580caff678b674f68fca52138506c88a2b4f9,.ts,3,DEPENDENCY_CACHE,EXCLUDE,Reinstall from package lock; publishing vendored dependencies increases size and supply-chain risk.
node_modules/math-intrinsics/constants/maxValue.js,197,a920a974645eca8557c75d4fecf745c68a272621a57d5ed4ca6ffc73ded366e2,.js,5,DEPENDENCY_CACHE,EXCLUDE,Reinstall from package lock; publishing vendored dependencies increases size and supply-chain risk.
node_modules/math-intrinsics/floor.d.ts,20,f1084c18879dbfa7a5ecbe75fe5ff9053948cac70b8204da034da8fd3730a357,.ts,1,DEPENDENCY_CACHE,EXCLUDE,Reinstall from package lock; publishing vendored dependencies increases size and supply-chain risk.
node_modules/math-intrinsics/floor.js,77,ea904c30b45d6fbbc1780f4db7d78c360bbecf98ecd789f0c817156102714c3f,.js,4,DEPENDENCY_CACHE,EXCLUDE,Reinstall from package lock; publishing vendored dependencies increases size and supply-chain risk.
node_modules/math-intrinsics/isFinite.d.ts,80,af90daf7f9ee2597f0dab8adfb96c27a8c5b7840b8d593444e87d1a844e80970,.ts,3,DEPENDENCY_CACHE,EXCLUDE,Reinstall from package lock; publishing vendored dependencies increases size and supply-chain risk.
node_modules/math-intrinsics/isFinite.js,262,7045afb6184ca183449f97d519cf9dea5e46583121c01266ed4eedae3825650b,.js,12,DEPENDENCY_CACHE,EXCLUDE,Reinstall from package lock; publishing vendored dependencies increases size and supply-chain risk.
node_modules/math-intrinsics/isInteger.d.ts,87,05946fbc1b0c47364192b32b186950c7302b2742f490980c625f5d36a1df238c,.ts,3,DEPENDENCY_CACHE,EXCLUDE,Reinstall from package lock; publishing vendored dependencies increases size and supply-chain risk.
node_modules/math-intrinsics/isInteger.js,410,22c5144c94c4da5be94fb4d3d735f5f65fe3b9fbe28b6d2cf4fe8541bc53e915,.js,16,DEPENDENCY_CACHE,EXCLUDE,Reinstall from package lock; publishing vendored dependencies increases size and supply-chain risk.
node_modules/math-intrinsics/isNaN.d.ts,22,36c498c8fa3bfb40195a2cf394d79efe540f4e08f26d5b6b0be18c5eb9d1151d,.ts,1,DEPENDENCY_CACHE,EXCLUDE,Reinstall from package lock; publishing vendored dependencies increases size and supply-chain risk.
node_modules/math-intrinsics/isNaN.js,121,1aa84179527aef8df84457dd8d4e828d76d58fd9170e7a9893ee7e0e774534e8,.js,6,DEPENDENCY_CACHE,EXCLUDE,Reinstall from package lock; publishing vendored dependencies increases size and supply-chain risk.
node_modules/math-intrinsics/isNegativeZero.d.ts,79,20117f7b2f84fc2fe571f799d74313962adb100de456f9fc1629747576aaccb6,.ts,3,DEPENDENCY_CACHE,EXCLUDE,Reinstall from package lock; publishing vendored dependencies increases size and supply-chain risk.
node_modules/math-intrinsics/isNegativeZero.js,143,8b83fd56780ffb96eb5a31c073fd7ca24d03b1259b8aae90ef7eac311e1ded34,.js,6,DEPENDENCY_CACHE,EXCLUDE,Reinstall from package lock; publishing vendored dependencies increases size and supply-chain risk.
node_modules/math-intrinsics/LICENSE,1073,2b770a704c15de238c3f622b01b0044ddd60b49ee30608ea6991ebf19db7a7a1,,21,DEPENDENCY_CACHE,EXCLUDE,Reinstall from package lock; publishing vendored dependencies increases size and supply-chain risk.
node_modules/math-intrinsics/max.d.ts,18,c7ad791cd3947a3c9a1dcc564e06a2a05c3e8d4fa620e96c0695e1dcae90cec2,.ts,1,DEPENDENCY_CACHE,EXCLUDE,Reinstall from package lock; publishing vendored dependencies increases size and supply-chain risk.
node_modules/math-intrinsics/max.js,73,92326f3eab1e40148bd68fb65a85d2c3f18fc32a03be27353b2054ba27ba7409,.js,4,DEPENDENCY_CACHE,EXCLUDE,Reinstall from package lock; publishing vendored dependencies increases size and supply-chain risk.
node_modules/math-intrinsics/min.d.ts,18,0a8c36167cea0494e244014714defcdc06e4c47fb114176fa507d9414ae16bb2,.ts,1,DEPENDENCY_CACHE,EXCLUDE,Reinstall from package lock; publishing vendored dependencies increases size and supply-chain risk.
node_modules/math-intrinsics/min.js,73,b78c68ab96cb2764df12ff8038f5b05b05376b4c39608a7a25b3b0b168e7c2e2,.js,4,DEPENDENCY_CACHE,EXCLUDE,Reinstall from package lock; publishing vendored dependencies increases size and supply-chain risk.
node_modules/math-intrinsics/mod.d.ts,76,d57a361edc8bd8b57c5ec48723b8f4bbecb8c67c09b03c48cb5fc446f1521541,.ts,3,DEPENDENCY_CACHE,EXCLUDE,Reinstall from package lock; publishing vendored dependencies increases size and supply-chain risk.
node_modules/math-intrinsics/mod.js,218,0a5d968b563d027bad91e35bd3b244a749c2bf8357f33f93e0abf8c8d3d4a625,.js,9,DEPENDENCY_CACHE,EXCLUDE,Reinstall from package lock; publishing vendored dependencies increases size and supply-chain risk.
node_modules/math-intrinsics/package.json,2670,39d74aa5a354153130706286dd60a2d8409ce0c8f66546eff2edcac0afff17e1,.json,86,DEPENDENCY_CACHE,EXCLUDE,Reinstall from package lock; publishing vendored dependencies increases size and supply-chain risk.
node_modules/math-intrinsics/pow.d.ts,18,576836e98c9b42b6ccafbb3cff69eee063d11ff35de760fbda2961fb57478ab8,.ts,1,DEPENDENCY_CACHE,EXCLUDE,Reinstall from package lock; publishing vendored dependencies increases size and supply-chain risk.
node_modules/math-intrinsics/pow.js,73,8dd625bd4c7b31b7656ab99babc9fea1617f36c35f5dbd339ebdc2d0f4bd97d2,.js,4,DEPENDENCY_CACHE,EXCLUDE,Reinstall from package lock; publishing vendored dependencies increases size and supply-chain risk.
node_modules/math-intrinsics/README.md,1884,9ac2e749aed9f8259749e0fa1f8caebf3112340ac8d27ba88071744bde8f9b7e,.md,50,DEPENDENCY_CACHE,EXCLUDE,Reinstall from package lock; publishing vendored dependencies increases size and supply-chain risk.
node_modules/math-intrinsics/round.d.ts,20,e0a30d85998f4a458d7b916103c6d93790a83e68dbcea489a5b698c84f8e50e5,.ts,1,DEPENDENCY_CACHE,EXCLUDE,Reinstall from package lock; publishing vendored dependencies increases size and supply-chain risk.
node_modules/math-intrinsics/round.js,77,1d4794c5869d554732cdc82208f954df348e4035f3cbd09ab758c553a207dc1e,.js,4,DEPENDENCY_CACHE,EXCLUDE,Reinstall from package lock; publishing vendored dependencies increases size and supply-chain risk.
node_modules/math-intrinsics/sign.d.ts,57,60fcb026e19e792e4044c8f24c8da7b98debefcaa9f043a818193582f5092d19,.ts,3,DEPENDENCY_CACHE,EXCLUDE,Reinstall from package lock; publishing vendored dependencies increases size and supply-chain risk.
node_modules/math-intrinsics/sign.js,214,aef51335e4671ddd0f55a81e2e4395b1d96afee20102b50e33e2b485f7cd2598,.js,11,DEPENDENCY_CACHE,EXCLUDE,Reinstall from package lock; publishing vendored dependencies increases size and supply-chain risk.
node_modules/math-intrinsics/test/index.js,6320,883f9e369aefcb654c5001e0699631343a413a700fe3f079ca4e17deb8a21036,.js,192,DEPENDENCY_CACHE,EXCLUDE,Reinstall from package lock; publishing vendored dependencies increases size and supply-chain risk.
node_modules/math-intrinsics/tsconfig.json,36,0e570d88a16e1e96c7b5ff8f4b44e50a6e7f49e5fc5e1affab9a3a8946964f80,.json,3,DEPENDENCY_CACHE,EXCLUDE,Reinstall from package lock; publishing vendored dependencies increases size and supply-chain risk.
node_modules/media-typer/HISTORY.md,461,739de29408b3f06851637fef507f1b42f584725e547c272cf19929d5f568cbc2,.md,22,DEPENDENCY_CACHE,EXCLUDE,Reinstall from package lock; publishing vendored dependencies increases size and supply-chain risk.
node_modules/media-typer/index.js,6375,27af6de782c53c57c4a8f111a81cd26b8d68c896c2dcd83e27da4c73234ce16b,.js,270,DEPENDENCY_CACHE,EXCLUDE,Reinstall from package lock; publishing vendored dependencies increases size and supply-chain risk.
node_modules/media-typer/LICENSE,1089,74d8054d56d522bdaa340d3d71130cb204997d523a5292c85ac1264dd77c8d06,,22,DEPENDENCY_CACHE,EXCLUDE,Reinstall from package lock; publishing vendored dependencies increases size and supply-chain risk.
node_modules/media-typer/package.json,759,8ccf875e488e700b79ec48386e2f47c51c5f26297ec74e5e4e5d92dc5d70ef30,.json,26,DEPENDENCY_CACHE,EXCLUDE,Reinstall from package lock; publishing vendored dependencies increases size and supply-chain risk.
node_modules/media-typer/README.md,2371,12b47b8b2e2a0f70289b2f3fd9f810422f918b78024e0019e86c2c9bc4af695a,.md,81,DEPENDENCY_CACHE,EXCLUDE,Reinstall from package lock; publishing vendored dependencies increases size and supply-chain risk.
node_modules/merge-descriptors/HISTORY.md,363,95dc03eb48a629f2136bbb0d2427963e6ad71906ccd532b28074f438c5cc70ac,.md,21,DEPENDENCY_CACHE,EXCLUDE,Reinstall from package lock; publishing vendored dependencies increases size and supply-chain risk.
node_modules/merge-descriptors/index.js,1218,5e15ebd1a4719ebe9c54b07ec135a60e18b070218ff2858e14baf0761271ffda,.js,60,DEPENDENCY_CACHE,EXCLUDE,Reinstall from package lock; publishing vendored dependencies increases size and supply-chain risk.
node_modules/merge-descriptors/LICENSE,1167,62fb7d7c1822fe783895866057247bbd50164b00631fce9e4981d3897bdee4d9,,23,DEPENDENCY_CACHE,EXCLUDE,Reinstall from package lock; publishing vendored dependencies increases size and supply-chain risk.
node_modules/merge-descriptors/package.json,1028,6321e7d658510186de8976bd577ef59a1dcc4f1371d238ce2e676e484d1ebbed,.json,39,DEPENDENCY_CACHE,EXCLUDE,Reinstall from package lock; publishing vendored dependencies increases size and supply-chain risk.
node_modules/merge-descriptors/README.md,1305,33c5bccc424b77847b700794971d4b09a705403c75e2be3e56532768ae1fe057,.md,49,DEPENDENCY_CACHE,EXCLUDE,Reinstall from package lock; publishing vendored dependencies increases size and supply-chain risk.
node_modules/methods/HISTORY.md,427,4c23c63b7e97453a1517f474714ec21d6d590bface0961788ec748b800a4e789,.md,29,DEPENDENCY_CACHE,EXCLUDE,Reinstall from package lock; publishing vendored dependencies increases size and supply-chain risk.
node_modules/methods/index.js,1040,670576bfe96eb9e4fecd1e8c19f491a68b9bfd7da0e7564cd0a3c2ebd3839180,.js,69,DEPENDENCY_CACHE,EXCLUDE,Reinstall from package lock; publishing vendored dependencies increases size and supply-chain risk.
node_modules/methods/LICENSE,1180,1da7f0788d14d545b2b953f78a27b916d320dfa174c2fcfa124c5aaffa81056e,,24,DEPENDENCY_CACHE,EXCLUDE,Reinstall from package lock; publishing vendored dependencies increases size and supply-chain risk.
node_modules/methods/package.json,947,1aea21641646c87a589208a9363141cd2acd503db45c635f8217613c45837c09,.json,36,DEPENDENCY_CACHE,EXCLUDE,Reinstall from package lock; publishing vendored dependencies increases size and supply-chain risk.
node_modules/methods/README.md,1694,118d134e8bcd8b81d0a3596e0ded6d10372f9ec1e5df5a5b8b4295923973c7f4,.md,51,DEPENDENCY_CACHE,EXCLUDE,Reinstall from package lock; publishing vendored dependencies increases size and supply-chain risk.
node_modules/mime-db/db.json,185882,85c8e1ba609079947c8df83c092900ab0226e1d7b60e5e7105fb7dd701833263,.json,8519,DEPENDENCY_CACHE,EXCLUDE,Reinstall from package lock; publishing vendored dependencies increases size and supply-chain risk.
node_modules/mime-db/HISTORY.md,12581,1e820a4ab3b25cc858eed9d2629ddb39bfd48bab307bedec769308c258199aa6,.md,507,DEPENDENCY_CACHE,EXCLUDE,Reinstall from package lock; publishing vendored dependencies increases size and supply-chain risk.
node_modules/mime-db/index.js,189,2ccebf3d525708c915c6a86ffbb68e5023d34c9bc30b6b4021db9ebbc6ca9ecc,.js,12,DEPENDENCY_CACHE,EXCLUDE,Reinstall from package lock; publishing vendored dependencies increases size and supply-chain risk.
node_modules/mime-db/LICENSE,1172,cc1dfd4dafa27271e8212cd3b274eeb3f262e40a6fdab36ddc3f9696f706f58b,,23,DEPENDENCY_CACHE,EXCLUDE,Reinstall from package lock; publishing vendored dependencies increases size and supply-chain risk.
node_modules/mime-db/package.json,1624,d03e37b915a050af548d543f4e45ff5de06ec767c19e745f18c431d9dc26b5bf,.json,60,DEPENDENCY_CACHE,EXCLUDE,Reinstall from package lock; publishing vendored dependencies increases size and supply-chain risk.
node_modules/mime-db/README.md,4091,5cc863fd64953afa39d206b510378b73e8c767c5fd124bb8d4017db921c94855,.md,100,DEPENDENCY_CACHE,EXCLUDE,Reinstall from package lock; publishing vendored dependencies increases size and supply-chain risk.
node_modules/mime-types/HISTORY.md,8812,277b1cfc3e8fdb57e8b3fc9ebdef37d108ac13572b60091cccaf0e863167adc0,.md,397,DEPENDENCY_CACHE,EXCLUDE,Reinstall from package lock; publishing vendored dependencies increases size and supply-chain risk.
node_modules/mime-types/index.js,3663,8cfccaac306beb650d60c7f069ae0f4b39d648f1e3914696b18c133ab33e6419,.js,188,DEPENDENCY_CACHE,EXCLUDE,Reinstall from package lock; publishing vendored dependencies increases size and supply-chain risk.
node_modules/mime-types/LICENSE,1167,71f83c4c0621102a56d9853812777b85751bce7e9726f686f5b056c1f8a4b0e6,,23,DEPENDENCY_CACHE,EXCLUDE,Reinstall from package lock; publishing vendored dependencies increases size and supply-chain risk.
node_modules/mime-types/package.json,1149,5053cc10259c3913ab6b6c8f13170a619c0d1836c1d9081238329a559fafeb3a,.json,44,DEPENDENCY_CACHE,EXCLUDE,Reinstall from package lock; publishing vendored dependencies increases size and supply-chain risk.
node_modules/mime-types/README.md,3481,19e8eaca7dc91f7ad8e46114ce1689e4976368435f41a0039f48aaf27e5e6a20,.md,113,DEPENDENCY_CACHE,EXCLUDE,Reinstall from package lock; publishing vendored dependencies increases size and supply-chain risk.
node_modules/mime/.npmignore,0,e3b0c44298fc1c149afbf4c8996fb92427ae41e4649b934ca495991b7852b855,,0,DEPENDENCY_CACHE,EXCLUDE,Reinstall from package lock; publishing vendored dependencies increases size and supply-chain risk.
node_modules/mime/CHANGELOG.md,9473,cb69ab3f4934b6970aabc64fdbcc37d8c53ee2e3010b00f37688ce017d212ff7,.md,164,DEPENDENCY_CACHE,EXCLUDE,Reinstall from package lock; publishing vendored dependencies increases size and supply-chain risk.
node_modules/mime/cli.js,149,f8691b2f01b77334e33bb6898d69c80dc05b18e4be66760c476331a388f9cd27,.js,8,DEPENDENCY_CACHE,EXCLUDE,Reinstall from package lock; publishing vendored dependencies increases size and supply-chain risk.
node_modules/mime/LICENSE,1098,8f2658c03422c408b2b2ce4d151decc3b1a6fd3d86e5ca9433777bccdcdf75a2,,21,DEPENDENCY_CACHE,EXCLUDE,Reinstall from package lock; publishing vendored dependencies increases size and supply-chain risk.
node_modules/mime/mime.js,2726,a121a0b9e780e9ae349a26227a0d25c33ebac2d52a85aae5affa84ba0f53f16c,.js,108,DEPENDENCY_CACHE,EXCLUDE,Reinstall from package lock; publishing vendored dependencies increases size and supply-chain risk.
node_modules/mime/package.json,933,f6a871d6ab40d2f2945d626a4d75da2fce78a35737c0870a0a4da9bee43f9d4e,.json,44,DEPENDENCY_CACHE,EXCLUDE,Reinstall from package lock; publishing vendored dependencies increases size and supply-chain risk.
node_modules/mime/README.md,2119,3d645cf326552be680b89152865a5648e0ddae647ffa02a325980a1cdbd774a5,.md,90,DEPENDENCY_CACHE,EXCLUDE,Reinstall from package lock; publishing vendored dependencies increases size and supply-chain risk.
node_modules/mime/src/build.js,1351,facaa3974bfa27c832a629735077528b59cbc088fcfd2c22bbacba152c76ef2a,.js,53,DEPENDENCY_CACHE,EXCLUDE,Reinstall from package lock; publishing vendored dependencies increases size and supply-chain risk.
node_modules/mime/src/test.js,2334,516efe52b18b29b36b9ac4ed1d679a497e0846b269a9cf101fb405fbcc8b402b,.js,60,DEPENDENCY_CACHE,EXCLUDE,Reinstall from package lock; publishing vendored dependencies increases size and supply-chain risk.
node_modules/mime/types.json,31555,a5391e434b1d3d1ad0ffd2c7d2227b4dc3ceac7fc263d2ec1b93c20b9daa41f9,.json,1,DEPENDENCY_CACHE,EXCLUDE,Reinstall from package lock; publishing vendored dependencies increases size and supply-chain risk.
node_modules/minimist/.eslintrc,511,6400f90470adf27be5eead803ad0425a97afc8562138cb2968039c80f88ee900,,29,DEPENDENCY_CACHE,EXCLUDE,Reinstall from package lock; publishing vendored dependencies increases size and supply-chain risk.
node_modules/minimist/.github/FUNDING.yml,579,0986be78800817dc0885d8fc0b1694f5d6646c6e3c171862129defd97bf50822,.yml,12,DEPENDENCY_CACHE,EXCLUDE,Reinstall from package lock; publishing vendored dependencies increases size and supply-chain risk.
node_modules/minimist/.nycrc,229,eaacff31c45b07c9b5e804d4e0e8eb35e0c430faf9f79fdd98d43b26c42e93df,,14,DEPENDENCY_CACHE,EXCLUDE,Reinstall from package lock; publishing vendored dependencies increases size and supply-chain risk.
node_modules/minimist/CHANGELOG.md,21542,f6c131dccabc16cce09e3266131868c4fd936ac1c57682d0f77251381d51623a,.md,298,DEPENDENCY_CACHE,EXCLUDE,Reinstall from package lock; publishing vendored dependencies increases size and supply-chain risk.
node_modules/minimist/example/parse.js,84,455d394742f158414af7197eb4259d75d71b97fd638cbd83c58c860ce1edbee3,.js,4,DEPENDENCY_CACHE,EXCLUDE,Reinstall from package lock; publishing vendored dependencies increases size and supply-chain risk.
node_modules/minimist/index.js,6196,9cf5e83d36697a92d8af11e000f513ac30a3464bbb024850f9ffdeb1edf59848,.js,263,DEPENDENCY_CACHE,EXCLUDE,Reinstall from package lock; publishing vendored dependencies increases size and supply-chain risk.
node_modules/minimist/LICENSE,1073,435a6722c786b0a56fbe7387028f1d9d3f3a2d0fb615bb8fee118727c3f59b7b,,18,DEPENDENCY_CACHE,EXCLUDE,Reinstall from package lock; publishing vendored dependencies increases size and supply-chain risk.
node_modules/minimist/package.json,1788,252881f6a068a3e70386706d88a694b5e8e9e053b6d9f309fd9a329e651bbf81,.json,75,DEPENDENCY_CACHE,EXCLUDE,Reinstall from package lock; publishing vendored dependencies increases size and supply-chain risk.
node_modules/minimist/README.md,3609,a56e078a4586bb86dd00ffad4347bc2b027c7dcbd445f7f681b57fb7fd1583fb,.md,121,DEPENDENCY_CACHE,EXCLUDE,Reinstall from package lock; publishing vendored dependencies increases size and supply-chain risk.
node_modules/minimist/test/all_bool.js,675,f31578148a98d95d0877c68064800beba40b4b2d5eb3ff89b21ab136e5a67ad3,.js,34,DEPENDENCY_CACHE,EXCLUDE,Reinstall from package lock; publishing vendored dependencies increases size and supply-chain risk.
node_modules/minimist/test/bool.js,3575,9f2b918a3c01e5bbfc36144a43771fd76f1c832335601da09af163df1fb5f80e,.js,177,DEPENDENCY_CACHE,EXCLUDE,Reinstall from package lock; publishing vendored dependencies increases size and supply-chain risk.
node_modules/minimist/test/dash.js,1245,aa6b9628dbdad63cafdab97234845ac73a17f8c21d7e349aa1d7cbeaf2cf2a0f,.js,43,DEPENDENCY_CACHE,EXCLUDE,Reinstall from package lock; publishing vendored dependencies increases size and supply-chain risk.
node_modules/minimist/test/default_bool.js,713,40d0d6bc29bf51341bca9552f0b7f961fb24ffd498a542ee083c62d3e50bbcb0,.js,37,DEPENDENCY_CACHE,EXCLUDE,Reinstall from package lock; publishing vendored dependencies increases size and supply-chain risk.
node_modules/minimist/test/dotted.js,586,e6376a4431810c86bf9f6804f23f0bf916a261583f98d2f2cf107bd5fb573b6b,.js,24,DEPENDENCY_CACHE,EXCLUDE,Reinstall from package lock; publishing vendored dependencies increases size and supply-chain risk.
node_modules/minimist/test/kv_short.js,660,c28239ce38d211ffee0cb5e01948506046b987ea6f9393498ed946a744403eba,.js,32,DEPENDENCY_CACHE,EXCLUDE,Reinstall from package lock; publishing vendored dependencies increases size and supply-chain risk.
node_modules/minimist/test/long.js,649,c529a253f4561344fe001a1b206140c08351c14af75a28d4289e9c0fd8f52bf1,.js,33,DEPENDENCY_CACHE,EXCLUDE,Reinstall from package lock; publishing vendored dependencies increases size and supply-chain risk.
node_modules/minimist/test/num.js,792,abdaeff736123a46d37ca48ca0e164f3819034a8542a1dd675766b1dfef6046f,.js,38,DEPENDENCY_CACHE,EXCLUDE,Reinstall from package lock; publishing vendored dependencies increases size and supply-chain risk.
node_modules/minimist/test/parse.js,4086,2913bbcb005feda47329f4ef39bb824f403b162b53d0130d089c969310018be1,.js,209,DEPENDENCY_CACHE,EXCLUDE,Reinstall from package lock; publishing vendored dependencies increases size and supply-chain risk.
node_modules/minimist/test/parse_modified.js,237,585fc719e4518408ed8c35e4e09f56be1628e1594edb9c3c91fa549ac437584c,.js,11,DEPENDENCY_CACHE,EXCLUDE,Reinstall from package lock; publishing vendored dependencies increases size and supply-chain risk.
node_modules/minimist/test/proto.js,1741,e7d76717f8147efce380dcef05713ef2c7b4ea9eacd9c41f788b778c53d036f2,.js,64,DEPENDENCY_CACHE,EXCLUDE,Reinstall from package lock; publishing vendored dependencies increases size and supply-chain risk.
node_modules/minimist/test/short.js,1295,4c95f30cb99b076c7e295b5ace4060d94010919478494aa2765f81bbd1aaf05c,.js,69,DEPENDENCY_CACHE,EXCLUDE,Reinstall from package lock; publishing vendored dependencies increases size and supply-chain risk.
node_modules/minimist/test/stop_early.js,312,8bcd4a8a41cc38af9a93b62782c2bfdfb776f93ed7a12ba77fbad364ba3dbaa0,.js,17,DEPENDENCY_CACHE,EXCLUDE,Reinstall from package lock; publishing vendored dependencies increases size and supply-chain risk.
node_modules/minimist/test/unknown.js,2106,2c8e34600ff6a1b07e55e0a9c25be77f973899c375ff2f41dc7ad9ce5f357302,.js,104,DEPENDENCY_CACHE,EXCLUDE,Reinstall from package lock; publishing vendored dependencies increases size and supply-chain risk.
node_modules/minimist/test/whitespace.js,194,ad9cf3d4f9a41e7a92a765ae5588f8f701cb9fcc612f3f07c0b0caa86046446d,.js,10,DEPENDENCY_CACHE,EXCLUDE,Reinstall from package lock; publishing vendored dependencies increases size and supply-chain risk.
node_modules/mkdirp/bin/cmd.js,731,24b028bccb1773f02cf0d0fb3dca5468f1b5d22a06cbc5cbf351e1eb3accefb1,.js,33,DEPENDENCY_CACHE,EXCLUDE,Reinstall from package lock; publishing vendored dependencies increases size and supply-chain risk.
node_modules/mkdirp/bin/usage.txt,315,5575eeea7b83971ed81729048e24b8f5a56b902ab2e1bd43ed031a502eb84759,.txt,12,DEPENDENCY_CACHE,EXCLUDE,Reinstall from package lock; publishing vendored dependencies increases size and supply-chain risk.
node_modules/mkdirp/index.js,2825,df33312136061eee26701a34ca4f9be043b9675d359a115503dc2df909106432,.js,102,DEPENDENCY_CACHE,EXCLUDE,Reinstall from package lock; publishing vendored dependencies increases size and supply-chain risk.
node_modules/mkdirp/LICENSE,1141,05991c2e8f070b69ec5b656c2c12fd07cd0153dd157d39b050b82af59b319a01,,21,DEPENDENCY_CACHE,EXCLUDE,Reinstall from package lock; publishing vendored dependencies increases size and supply-chain risk.
node_modules/mkdirp/package.json,623,8856bdf1f9b0f5d6b79fc8af4c5d23ca25a41c8cbce465d4b2f5a2852eab1859,.json,33,DEPENDENCY_CACHE,EXCLUDE,Reinstall from package lock; publishing vendored dependencies increases size and supply-chain risk.
node_modules/mkdirp/readme.markdown,2053,2b7b3868cd24df4eb098fb3b2ab00e7be1fb33eb40b3e4de7046f97951c0824f,.markdown,100,DEPENDENCY_CACHE,EXCLUDE,Reinstall from package lock; publishing vendored dependencies increases size and supply-chain risk.
node_modules/ms/index.js,2764,4bd92209cb9dacf3e3773e725acb7aaec43ea9e78540324e4d0f73e5ce9adef7,.js,152,DEPENDENCY_CACHE,EXCLUDE,Reinstall from package lock; publishing vendored dependencies increases size and supply-chain risk.
node_modules/ms/license.md,1077,6652830c2607c722b66f1b57de15877ab8fc5dca406cc5b335afeb365d0f32c1,.md,21,DEPENDENCY_CACHE,EXCLUDE,Reinstall from package lock; publishing vendored dependencies increases size and supply-chain risk.
node_modules/ms/package.json,704,30fbfaa3840b2f63978ad4bcd7ed8dc24d277b818e4755fe93eda8cb1bc8b74c,.json,37,DEPENDENCY_CACHE,EXCLUDE,Reinstall from package lock; publishing vendored dependencies increases size and supply-chain risk.
node_modules/ms/readme.md,1721,c9ac67ff103c01871b0ff09e2f094631991908c1fd0dc08bdb53287e5a760ae5,.md,51,DEPENDENCY_CACHE,EXCLUDE,Reinstall from package lock; publishing vendored dependencies increases size and supply-chain risk.
node_modules/multer/index.js,2594,8de8d607ad6867245687fe1693514becd50b1f85cb53c523d5ebe82e50a5315e,.js,104,DEPENDENCY_CACHE,EXCLUDE,Reinstall from package lock; publishing vendored dependencies increases size and supply-chain risk.
node_modules/multer/lib/counter.js,570,64d87543234af2596015bf88f354b9cf4c56cd6d87a8353db56dd6b877e8eef3,.js,28,DEPENDENCY_CACHE,EXCLUDE,Reinstall from package lock; publishing vendored dependencies increases size and supply-chain risk.
node_modules/multer/lib/file-appender.js,1666,9bfa136b0042d022eb6c951f0e98f2a0ade1464d51fcc545e81c0c16f76d8484,.js,67,DEPENDENCY_CACHE,EXCLUDE,Reinstall from package lock; publishing vendored dependencies increases size and supply-chain risk.
node_modules/multer/lib/make-middleware.js,5194,877cf67732f1742b08706e72491f0cc5f2096b8a32e5b21154c576c384dd5abf,.js,175,DEPENDENCY_CACHE,EXCLUDE,Reinstall from package lock; publishing vendored dependencies increases size and supply-chain risk.
node_modules/multer/lib/multer-error.js,659,1d5338ff29505b55de017bea7f1b223d8b42b4b27dbf6663606ffcbe1aede205,.js,24,DEPENDENCY_CACHE,EXCLUDE,Reinstall from package lock; publishing vendored dependencies increases size and supply-chain risk.
node_modules/multer/lib/remove-uploaded-files.js,542,bfeb6bc66a1bb8573b0d126212ba2dcfc4bc8ba031c05740633d0828995b1951,.js,28,DEPENDENCY_CACHE,EXCLUDE,Reinstall from package lock; publishing vendored dependencies increases size and supply-chain risk.
node_modules/multer/LICENSE,1113,cc8f87aafbf72a74bafed2a8f6925d8895e1c716b36bd3df7ee0c46be54e87bb,,17,DEPENDENCY_CACHE,EXCLUDE,Reinstall from package lock; publishing vendored dependencies increases size and supply-chain risk.
node_modules/multer/package.json,1128,49eef045324ab4b414b473dd93dd471f68dbc68eaa7003e88e85b6f70c5b4873,.json,52,DEPENDENCY_CACHE,EXCLUDE,Reinstall from package lock; publishing vendored dependencies increases size and supply-chain risk.
node_modules/multer/README.md,12124,04d2bc8f16892f680b0f58290a456d01c9675402c2c88189402f6282817c966c,.md,333,DEPENDENCY_CACHE,EXCLUDE,Reinstall from package lock; publishing vendored dependencies increases size and supply-chain risk.
node_modules/multer/storage/disk.js,1615,4020c7d21cc4705001a45dca429b69fb4e6c889441d0356846e2a79b94f4efc2,.js,66,DEPENDENCY_CACHE,EXCLUDE,Reinstall from package lock; publishing vendored dependencies increases size and supply-chain risk.
node_modules/multer/storage/memory.js,475,ba6cb39c1d5452a0a0e45f98b4ba024b94fa4bd63693e9dd7a4ec5127e1d3c52,.js,21,DEPENDENCY_CACHE,EXCLUDE,Reinstall from package lock; publishing vendored dependencies increases size and supply-chain risk.
node_modules/negotiator/HISTORY.md,2499,6b25039b6a40f7fcb7eb6dc891418d154c4b4154284f58c6bffcb10ad7587a6d,.md,108,DEPENDENCY_CACHE,EXCLUDE,Reinstall from package lock; publishing vendored dependencies increases size and supply-chain risk.
node_modules/negotiator/index.js,2451,4f9279bcffc74199c671739f2d0e91fe5176a7f7e4683ca59809a50463a842bd,.js,82,DEPENDENCY_CACHE,EXCLUDE,Reinstall from package lock; publishing vendored dependencies increases size and supply-chain risk.
node_modules/negotiator/lib/charset.js,3081,e6522a2df58f21a6cdf8d146f7e85b9a49bcaf68b813dec15068a8e84fc582c3,.js,169,DEPENDENCY_CACHE,EXCLUDE,Reinstall from package lock; publishing vendored dependencies increases size and supply-chain risk.
node_modules/negotiator/lib/encoding.js,3506,35421dc78d3c1b608922427bbd6e524518168621ff1a44919fc591ca297e813c,.js,184,DEPENDENCY_CACHE,EXCLUDE,Reinstall from package lock; publishing vendored dependencies increases size and supply-chain risk.
node_modules/negotiator/lib/language.js,3409,4aebb44da06094f2d56f0b20b4fbdd542cda00a4c9295e10bbe55203701c9024,.js,179,DEPENDENCY_CACHE,EXCLUDE,Reinstall from package lock; publishing vendored dependencies increases size and supply-chain risk.
node_modules/negotiator/lib/mediaType.js,5358,0dab239c924fa4d5f823548e25dc9f10315bf490b821827b640318b7aa200577,.js,294,DEPENDENCY_CACHE,EXCLUDE,Reinstall from package lock; publishing vendored dependencies increases size and supply-chain risk.
node_modules/negotiator/LICENSE,1177,553d4d20029a24e315b428a1a54a9e109eaa340f2e958a4f50a92362c2c4070b,,24,DEPENDENCY_CACHE,EXCLUDE,Reinstall from package lock; publishing vendored dependencies increases size and supply-chain risk.
node_modules/negotiator/package.json,993,8672e91f7395ce51ec789d883d7f7d872a40847bb83a6a3f89c3d1ded39e55d9,.json,42,DEPENDENCY_CACHE,EXCLUDE,Reinstall from package lock; publishing vendored dependencies increases size and supply-chain risk.
node_modules/negotiator/README.md,4901,b0350b39c18cf8f0d28f078913c91cccfcbe3ece1ec6c3cb8eb4c9fd64adb160,.md,203,DEPENDENCY_CACHE,EXCLUDE,Reinstall from package lock; publishing vendored dependencies increases size and supply-chain risk.
node_modules/object-assign/index.js,2108,e02cb9714ef6e561e971fe400644330212f07ca86120587199470d8b759a4b7c,.js,90,DEPENDENCY_CACHE,EXCLUDE,Reinstall from package lock; publishing vendored dependencies increases size and supply-chain risk.
node_modules/object-assign/license,1119,6fb9754611c20f6649f68805e8c990e83261f29316e29de9e6cedae607b8634c,,21,DEPENDENCY_CACHE,EXCLUDE,Reinstall from package lock; publishing vendored dependencies increases size and supply-chain risk.
node_modules/object-assign/package.json,764,5990bbffa235fc675debd925d50f6c3f48a2b4526d8c9f7555cadec9029d0d7f,.json,42,DEPENDENCY_CACHE,EXCLUDE,Reinstall from package lock; publishing vendored dependencies increases size and supply-chain risk.
node_modules/object-assign/readme.md,1502,3261c0b6a6fb04216942dcf3d71e57fe0be681c1a816b1a5941dac9f81cf862d,.md,61,DEPENDENCY_CACHE,EXCLUDE,Reinstall from package lock; publishing vendored dependencies increases size and supply-chain risk.
node_modules/object-inspect/.eslintrc,1298,22417af06c6566e098c56c7fb458aa716010dedb878e2bf9c0b9f06bb40e6bc7,,53,DEPENDENCY_CACHE,EXCLUDE,Reinstall from package lock; publishing vendored dependencies increases size and supply-chain risk.
node_modules/object-inspect/.github/FUNDING.yml,585,c5d7d674c3932a7e2962b172028b54a41540916a991cdd9ee0bf60f901eb00ae,.yml,12,DEPENDENCY_CACHE,EXCLUDE,Reinstall from package lock; publishing vendored dependencies increases size and supply-chain risk.
node_modules/object-inspect/.nycrc,236,054eeda03a706b8eb6821a2cc2d47080c7d6cb031c82252ff9a13460fef3bb8e,,13,DEPENDENCY_CACHE,EXCLUDE,Reinstall from package lock; publishing vendored dependencies increases size and supply-chain risk.
node_modules/object-inspect/CHANGELOG.md,36562,2a4cce1ade3b0d2945f26beb1852c075bd8d3dba20a44dc75185c8c1cd2779fa,.md,424,DEPENDENCY_CACHE,EXCLUDE,Reinstall from package lock; publishing vendored dependencies increases size and supply-chain risk.
node_modules/object-inspect/example/all.js,391,fcf0c7b568eb8914f89824172ec41782c57070bdc813d5fe27f165a90f628078,.js,23,DEPENDENCY_CACHE,EXCLUDE,Reinstall from package lock; publishing vendored dependencies increases size and supply-chain risk.
node_modules/object-inspect/example/circular.js,116,b73a9884e6566f11892fe8d2c42000170109e9a2ebb47e9fee80fa8e040aaa5a,.js,6,DEPENDENCY_CACHE,EXCLUDE,Reinstall from package lock; publishing vendored dependencies increases size and supply-chain risk.
node_modules/object-inspect/example/fn.js,126,ff646d533194cd0b8a6c684b82e899c0930a3ebf944abdee8070c7c84f6a0bef,.js,5,DEPENDENCY_CACHE,EXCLUDE,Reinstall from package lock; publishing vendored dependencies increases size and supply-chain risk.
node_modules/object-inspect/example/inspect.js,251,060983edb7c1a8350a7dacbe2f209d96c62b657b0ffbbebbfe7fc3cd19e58e77,.js,10,DEPENDENCY_CACHE,EXCLUDE,Reinstall from package lock; publishing vendored dependencies increases size and supply-chain risk.
node_modules/object-inspect/index.js,19059,9aad508be54fbe29d82145d54352e7a19c01e19b70e1202b0123449fe9afcde6,.js,544,DEPENDENCY_CACHE,EXCLUDE,Reinstall from package lock; publishing vendored dependencies increases size and supply-chain risk.
node_modules/object-inspect/LICENSE,1071,bd40cc437e28a3ad7bef2ad34e6b72e757b182e67bda1acadbab4ef0476f8232,,21,DEPENDENCY_CACHE,EXCLUDE,Reinstall from package lock; publishing vendored dependencies increases size and supply-chain risk.
node_modules/object-inspect/package-support.json,365,1d6770f17ca57a021af57c931ebd3c787d0d06ebaed27da98cfcc2ef77633247,.json,20,DEPENDENCY_CACHE,EXCLUDE,Reinstall from package lock; publishing vendored dependencies increases size and supply-chain risk.
node_modules/object-inspect/package.json,2841,21c5c63f653705f44a60f5fe93752b231caf6ff07b01805740bd89b71b2d6d8a,.json,105,DEPENDENCY_CACHE,EXCLUDE,Reinstall from package lock; publishing vendored dependencies increases size and supply-chain risk.
node_modules/object-inspect/readme.markdown,2988,3a99acaa394dea033e3feda3ca2bbed56d76cd80a055005156c38c1c225bd601,.markdown,84,DEPENDENCY_CACHE,EXCLUDE,Reinstall from package lock; publishing vendored dependencies increases size and supply-chain risk.
node_modules/object-inspect/test-core-js.js,534,16d580a89dec81a3657e20d9f827768178abe029bf31a950136a38852b493b9a,.js,26,DEPENDENCY_CACHE,EXCLUDE,Reinstall from package lock; publishing vendored dependencies increases size and supply-chain risk.
node_modules/object-inspect/test/bigint.js,2082,2fde9c2f1050c282c681f7f8ae987e68668271e2dbca302af431505e26d5981c,.js,58,DEPENDENCY_CACHE,EXCLUDE,Reinstall from package lock; publishing vendored dependencies increases size and supply-chain risk.
node_modules/object-inspect/test/browser/dom.js,416,4450f3adf5025565d98c6b8b8164884656d1187f9102636b016e7cf2895e8571,.js,15,DEPENDENCY_CACHE,EXCLUDE,Reinstall from package lock; publishing vendored dependencies increases size and supply-chain risk.
node_modules/object-inspect/test/circular.js,451,e904cddc6f53b4d0ca9171ceb31fe4039b8fedea78575863158b86a2eba74d5c,.js,16,DEPENDENCY_CACHE,EXCLUDE,Reinstall from package lock; publishing vendored dependencies increases size and supply-chain risk.
node_modules/object-inspect/test/deep.js,400,bfdd266350646f91f8b1367ee96925228fbb38c0ffa6ad285964465fae5d2dd4,.js,12,DEPENDENCY_CACHE,EXCLUDE,Reinstall from package lock; publishing vendored dependencies increases size and supply-chain risk.
node_modules/object-inspect/test/element.js,1575,603b3d295bc8114fcf9df39ccfcb1af3091ad7f50c7963b73d03f624d0e12def,.js,53,DEPENDENCY_CACHE,EXCLUDE,Reinstall from package lock; publishing vendored dependencies increases size and supply-chain risk.
node_modules/object-inspect/test/err.js,1536,3e673a17cbd47a527578d82aa9feff31621fcca1bbf8d5ff88948633c3485644,.js,48,DEPENDENCY_CACHE,EXCLUDE,Reinstall from package lock; publishing vendored dependencies increases size and supply-chain risk.
node_modules/object-inspect/test/fakes.js,683,95454b37e092016b765dc3702c9d60b363a62e8b03db8f39f5e7e4d37b17af82,.js,29,DEPENDENCY_CACHE,EXCLUDE,Reinstall from package lock; publishing vendored dependencies increases size and supply-chain risk.
node_modules/object-inspect/test/fn.js,2227,e2f0dc345d174bfb0f7ce790c5368702310015b0be1ef274d72e3ce740dbe5d4,.js,76,DEPENDENCY_CACHE,EXCLUDE,Reinstall from package lock; publishing vendored dependencies increases size and supply-chain risk.
node_modules/object-inspect/test/global.js,372,7c90c87b9b5062fa2ad7889e8981628d390ccc2c868e0a02bcc9fc2be19492f8,.js,17,DEPENDENCY_CACHE,EXCLUDE,Reinstall from package lock; publishing vendored dependencies increases size and supply-chain risk.
node_modules/object-inspect/test/has.js,514,929e5d9ee18e4fd7e6e7da3c6d9f988c4643cc8254f0c18950f28c102a10ad5d,.js,15,DEPENDENCY_CACHE,EXCLUDE,Reinstall from package lock; publishing vendored dependencies increases size and supply-chain risk.
node_modules/object-inspect/test/holes.js,255,6debf6783179e75e1559bd5ddafb7352244d11204f3be24d9c93fe96778f55f2,.js,15,DEPENDENCY_CACHE,EXCLUDE,Reinstall from package lock; publishing vendored dependencies increases size and supply-chain risk.
node_modules/object-inspect/test/indent-option.js,6633,88ab6d6b8d0b059b0ce6b1632bdd5b8a7a218b61572f2fa6c9f01abc9925a362,.js,271,DEPENDENCY_CACHE,EXCLUDE,Reinstall from package lock; publishing vendored dependencies increases size and supply-chain risk.
node_modules/object-inspect/test/inspect.js,4946,8c60f38286b654632cdfc4015a47657c339591e82a4489e181b689e2f2625d23,.js,139,DEPENDENCY_CACHE,EXCLUDE,Reinstall from package lock; publishing vendored dependencies increases size and supply-chain risk.
node_modules/object-inspect/test/lowbyte.js,268,a0ce0ab0dee87383b9d2d957f76eb21658a9a660fd80cd666f0f94aa4b28478f,.js,12,DEPENDENCY_CACHE,EXCLUDE,Reinstall from package lock; publishing vendored dependencies increases size and supply-chain risk.
node_modules/object-inspect/test/number.js,2312,b688ddf9d78ccd7b295b8d73ddfe29f0da5ec5acf884e570842106ca649f93d8,.js,58,DEPENDENCY_CACHE,EXCLUDE,Reinstall from package lock; publishing vendored dependencies increases size and supply-chain risk.
node_modules/object-inspect/test/quoteStyle.js,1530,8b3afbbd4a1a9be2ff367a2ac6a3daccd61aa4c48ff7bf37fd1c3db2d3444005,.js,26,DEPENDENCY_CACHE,EXCLUDE,Reinstall from package lock; publishing vendored dependencies increases size and supply-chain risk.
node_modules/object-inspect/test/toStringTag.js,1546,c8edffbcccb9ae87c3dbf9f8e0e3112dc4f062ac911aa54b0a40f8639988a114,.js,40,DEPENDENCY_CACHE,EXCLUDE,Reinstall from package lock; publishing vendored dependencies increases size and supply-chain risk.
node_modules/object-inspect/test/undef.js,302,b1f88feb036f85511aaaceb85ca3676c98b56d14130e09d9501056f917862281,.js,12,DEPENDENCY_CACHE,EXCLUDE,Reinstall from package lock; publishing vendored dependencies increases size and supply-chain risk.
node_modules/object-inspect/test/values.js,8407,b27da98b1b844ab9456d23574d9b505a90d48be61cde2b5f4613fb33a3bac7f5,.js,261,DEPENDENCY_CACHE,EXCLUDE,Reinstall from package lock; publishing vendored dependencies increases size and supply-chain risk.
node_modules/object-inspect/util.inspect.js,42,bb49299375c82d8d22983b76f6c25cd9ac923dc61cd25fffe9b3f71dad26dc40,.js,1,DEPENDENCY_CACHE,EXCLUDE,Reinstall from package lock; publishing vendored dependencies increases size and supply-chain risk.
node_modules/on-finished/HISTORY.md,1865,1954661afcaee2b2e961f1b56dc9694f3074608def2a4ae75f7b1203d18086ca,.md,98,DEPENDENCY_CACHE,EXCLUDE,Reinstall from package lock; publishing vendored dependencies increases size and supply-chain risk.
node_modules/on-finished/index.js,4430,8e16bae14ec63bac9cdbb50572a7b53061fee914712f5e803ff03c44e8845276,.js,234,DEPENDENCY_CACHE,EXCLUDE,Reinstall from package lock; publishing vendored dependencies increases size and supply-chain risk.
node_modules/on-finished/LICENSE,1167,8089bcc08845ec143e5761f4a101a65b8c792a0dedbfeeb90a15560c0b77f768,,23,DEPENDENCY_CACHE,EXCLUDE,Reinstall from package lock; publishing vendored dependencies increases size and supply-chain risk.
node_modules/on-finished/package.json,1057,c812eca4b0dee2317cb446124cb27ae8e5b993c8fdd0144886b629ef6ef53fc1,.json,39,DEPENDENCY_CACHE,EXCLUDE,Reinstall from package lock; publishing vendored dependencies increases size and supply-chain risk.
node_modules/on-finished/README.md,5160,b52e3f3a4ce4fa24c28fe59ccc08b5f4866eb5dd57943718a4a914f35901aa89,.md,162,DEPENDENCY_CACHE,EXCLUDE,Reinstall from package lock; publishing vendored dependencies increases size and supply-chain risk.
node_modules/parseurl/HISTORY.md,1043,aa6e5cd75ddde03b54623af11e6aeb6f92ccf6a1c69805b20890228182030189,.md,58,DEPENDENCY_CACHE,EXCLUDE,Reinstall from package lock; publishing vendored dependencies increases size and supply-chain risk.
node_modules/parseurl/index.js,2809,811223d4a19492ccc642384dc84f0af4ad935557dfe8f63750d7ffd673e40f17,.js,158,DEPENDENCY_CACHE,EXCLUDE,Reinstall from package lock; publishing vendored dependencies increases size and supply-chain risk.
node_modules/parseurl/LICENSE,1173,11d017c3b9f1ee3f44caf7203035f0461d5b57e0db8ce1bc03a9af34fa7d3f6b,,24,DEPENDENCY_CACHE,EXCLUDE,Reinstall from package lock; publishing vendored dependencies increases size and supply-chain risk.
node_modules/parseurl/package.json,1180,98c7b953c844cac7c0be2d5abc6559c6fd3a6075fd159b04c0f1bf46145bfed2,.json,40,DEPENDENCY_CACHE,EXCLUDE,Reinstall from package lock; publishing vendored dependencies increases size and supply-chain risk.
node_modules/parseurl/README.md,4094,2d37d38021aa9eb04b9915958140a7e79350672555f60f4b271384de1c0cfb81,.md,133,DEPENDENCY_CACHE,EXCLUDE,Reinstall from package lock; publishing vendored dependencies increases size and supply-chain risk.
node_modules/path-to-regexp/index.js,3885,a43ef587042b851058f07c35e9d10fd58ccea14a826bcb33f5acf8158e1661e7,.js,158,DEPENDENCY_CACHE,EXCLUDE,Reinstall from package lock; publishing vendored dependencies increases size and supply-chain risk.
node_modules/path-to-regexp/LICENSE,1103,4eeb3271453a891df609e5a9f4ee79a68307f730c13417a3bfeffa604ac8cf25,,21,DEPENDENCY_CACHE,EXCLUDE,Reinstall from package lock; publishing vendored dependencies increases size and supply-chain risk.
node_modules/path-to-regexp/package.json,554,643e7a3db344a1513c1c7797d2aff9c50fc52cab665233e11768cfbca9f8c0f9,.json,30,DEPENDENCY_CACHE,EXCLUDE,Reinstall from package lock; publishing vendored dependencies increases size and supply-chain risk.
node_modules/path-to-regexp/Readme.md,1102,9e280681bcb5d63e7e2e8a5faa1fd1ed55573c0726268770f37ec267208fb31a,.md,35,DEPENDENCY_CACHE,EXCLUDE,Reinstall from package lock; publishing vendored dependencies increases size and supply-chain risk.
node_modules/process-nextick-args/index.js,1083,90ba524851f721e8aced79870d6d6a733cd3939b293a83e2d04417812a8ba330,.js,45,DEPENDENCY_CACHE,EXCLUDE,Reinstall from package lock; publishing vendored dependencies increases size and supply-chain risk.
node_modules/process-nextick-args/license.md,1064,ecdccbcf39024f624ded480c01c0b25458e1eca8f26ecf040933865ce56d9a4f,.md,19,DEPENDENCY_CACHE,EXCLUDE,Reinstall from package lock; publishing vendored dependencies increases size and supply-chain risk.
node_modules/process-nextick-args/package.json,578,6d6d93d057f39bc3173d53e694b61833fd0ce89c1d669156169136d31a968131,.json,25,DEPENDENCY_CACHE,EXCLUDE,Reinstall from package lock; publishing vendored dependencies increases size and supply-chain risk.
node_modules/process-nextick-args/readme.md,450,f659caaae9d9f4a860850b3229f6c261a09b86e3644dbc01128fe5d74b01aecd,.md,18,DEPENDENCY_CACHE,EXCLUDE,Reinstall from package lock; publishing vendored dependencies increases size and supply-chain risk.
node_modules/proxy-addr/HISTORY.md,2991,9bbb818f8492ddca7ba1454d43ea2b3e956cccd1d56ae4ab8b85d9560903b364,.md,161,DEPENDENCY_CACHE,EXCLUDE,Reinstall from package lock; publishing vendored dependencies increases size and supply-chain risk.
node_modules/proxy-addr/index.js,6000,c586f959f09961edc6e261d9404455fce40998a221f71d44833bb4b12796c33c,.js,327,DEPENDENCY_CACHE,EXCLUDE,Reinstall from package lock; publishing vendored dependencies increases size and supply-chain risk.
node_modules/proxy-addr/LICENSE,1094,a7996721249a136fbcfc1c201bcb5f414f38a701d4a24f28abe65e16cfcce813,,22,DEPENDENCY_CACHE,EXCLUDE,Reinstall from package lock; publishing vendored dependencies increases size and supply-chain risk.
node_modules/proxy-addr/package.json,1183,e490a79f8058cbb7c0e9fd3b9977013102b5cbd8d232259b93bb2ebf85834a51,.json,47,DEPENDENCY_CACHE,EXCLUDE,Reinstall from package lock; publishing vendored dependencies increases size and supply-chain risk.
node_modules/proxy-addr/README.md,4131,409e75c7c493c60aeb91d36d4c0bbdf028b5ffc93fbe5372c1b9dbd711804e05,.md,139,DEPENDENCY_CACHE,EXCLUDE,Reinstall from package lock; publishing vendored dependencies increases size and supply-chain risk.
node_modules/qs/.editorconfig,597,ef991316be3cde9167226a96646b5646378cce9bee1dee200644faa45563888a,,46,DEPENDENCY_CACHE,EXCLUDE,Reinstall from package lock; publishing vendored dependencies increases size and supply-chain risk.
node_modules/qs/.github/FUNDING.yml,548,367b5d545d7a66684895ee7efd987130e83018491a7b2f72f25c0b062157ad90,.yml,12,DEPENDENCY_CACHE,EXCLUDE,Reinstall from package lock; publishing vendored dependencies increases size and supply-chain risk.
node_modules/qs/.github/SECURITY.md,413,51e490f9a23ac20c626337b0ef991884f12effb95353c67e56af3a6135fbfbf6,.md,11,DEPENDENCY_CACHE,EXCLUDE,Reinstall from package lock; publishing vendored dependencies increases size and supply-chain risk.
node_modules/qs/.github/THREAT_MODEL.md,4665,82d92a5f05d6e8f100275a0017d4fd35e293cf1b8bd725ef0df5a095ef8eba12,.md,78,DEPENDENCY_CACHE,EXCLUDE,Reinstall from package lock; publishing vendored dependencies increases size and supply-chain risk.
node_modules/qs/.nycrc,216,7e1e3a52df079fc764989d75b3aaf5228228c841978e0c9201d1f394c1fd2655,,13,DEPENDENCY_CACHE,EXCLUDE,Reinstall from package lock; publishing vendored dependencies increases size and supply-chain risk.
node_modules/qs/CHANGELOG.md,42291,a25ba783e9f09b07a7e1e0c642c730883e3d5867225761ae52a055dce331818c,.md,833,DEPENDENCY_CACHE,EXCLUDE,Reinstall from package lock; publishing vendored dependencies increases size and supply-chain risk.
node_modules/qs/dist/qs.js,53175,0c03b0fabdac1e6514db5bdb2e9d21f17b31a9e11a1cfdeef3c433474f6de8b5,.js,141,DEPENDENCY_CACHE,EXCLUDE,Reinstall from package lock; publishing vendored dependencies increases size and supply-chain risk.
node_modules/qs/eslint.config.mjs,1495,490948205e30c33e33989eeeec647a5ab0a46ecec64dfcbdc875b9850fdb7c0c,.mjs,57,DEPENDENCY_CACHE,EXCLUDE,Reinstall from package lock; publishing vendored dependencies increases size and supply-chain risk.
node_modules/qs/lib/formats.js,476,d4e3de8b5a4c94865d8acd6f1c7538144732d466769661160bc0bf6ec9db3f4f,.js,23,DEPENDENCY_CACHE,EXCLUDE,Reinstall from package lock; publishing vendored dependencies increases size and supply-chain risk.
node_modules/qs/lib/index.js,211,8f4e02eef6ccc43f2b7448c18ae209281c8e9af9807cad491df67450e3817a95,.js,11,DEPENDENCY_CACHE,EXCLUDE,Reinstall from package lock; publishing vendored dependencies increases size and supply-chain risk.
node_modules/qs/lib/parse.js,16105,28a66634f3f61e9f501f838f6e98dbf067633b068cb17f0bded574032c8559ea,.js,414,DEPENDENCY_CACHE,EXCLUDE,Reinstall from package lock; publishing vendored dependencies increases size and supply-chain risk.
node_modules/qs/lib/stringify.js,11688,5c830a072ecc7ff49859116b09fa840fa7e053317dcf5e0d2fb6e55452221286,.js,363,DEPENDENCY_CACHE,EXCLUDE,Reinstall from package lock; publishing vendored dependencies increases size and supply-chain risk.
node_modules/qs/lib/utils.js,12222,50c7b4480a9c784d2c061c57472b0eaac020865d82bb0790a5f700db5f29523e,.js,381,DEPENDENCY_CACHE,EXCLUDE,Reinstall from package lock; publishing vendored dependencies increases size and supply-chain risk.
node_modules/qs/LICENSE.md,1600,e7dc37bf662d7f786efcb46c545615e70c1daf458a38385521c63cf6607cdfe1,.md,29,DEPENDENCY_CACHE,EXCLUDE,Reinstall from package lock; publishing vendored dependencies increases size and supply-chain risk.
node_modules/qs/package.json,3192,47477ed1243939a78ab502c3d1d10a3d0571c06f9c2dfa128d7c047dbb010bf4,.json,95,DEPENDENCY_CACHE,EXCLUDE,Reinstall from package lock; publishing vendored dependencies increases size and supply-chain risk.
node_modules/qs/README.md,26906,804c314dd16acf5eb4a3b2028dbd602934d122c3d919a4324d5a27cb7ed51c96,.md,758,DEPENDENCY_CACHE,EXCLUDE,Reinstall from package lock; publishing vendored dependencies increases size and supply-chain risk.
node_modules/qs/test/empty-keys-cases.js,7698,14d3091bdde249668f5d88d61a045185a0d5c2ea376a3211b791a58148475224,.js,267,DEPENDENCY_CACHE,EXCLUDE,Reinstall from package lock; publishing vendored dependencies increases size and supply-chain risk.
node_modules/qs/test/parse.js,80338,6455f34463f64d0ac19fc167febf4efc48acd8fbc01dc32eabbb212b7a140ba8,.js,1933,DEPENDENCY_CACHE,EXCLUDE,Reinstall from package lock; publishing vendored dependencies increases size and supply-chain risk.
node_modules/qs/test/stringify.js,58636,ad849c14f3cc4c9a54eb7ba2d419f0f8929fd28247a2aa824fad75b4ce2053cc,.js,1448,DEPENDENCY_CACHE,EXCLUDE,Reinstall from package lock; publishing vendored dependencies increases size and supply-chain risk.
node_modules/qs/test/utils.js,24083,fc6adb85d2a9058a8d9d594a5ac02721be35c4175d63ef9b32b0ba766fcdbec6,.js,626,DEPENDENCY_CACHE,EXCLUDE,Reinstall from package lock; publishing vendored dependencies increases size and supply-chain risk.
node_modules/range-parser/HISTORY.md,917,aa0d8d70a8c3cdd30685235914ca2422a4e9fd2fa901b166811fa130d05d3f06,.md,56,DEPENDENCY_CACHE,EXCLUDE,Reinstall from package lock; publishing vendored dependencies increases size and supply-chain risk.
node_modules/range-parser/index.js,2900,38786526d000475300728db07455aa21d1e37b0f24e48fbc4cb30136ae30b07b,.js,162,DEPENDENCY_CACHE,EXCLUDE,Reinstall from package lock; publishing vendored dependencies increases size and supply-chain risk.
node_modules/range-parser/LICENSE,1178,f655e6291356ec0de7a8f0e69f294961a2cea86678ec94588be1e6a492e278ab,,23,DEPENDENCY_CACHE,EXCLUDE,Reinstall from package lock; publishing vendored dependencies increases size and supply-chain risk.
node_modules/range-parser/package.json,1184,d0b5f54eaa59001dc86720a9be1fdf653bad83707d70842332fb3e8847f65a89,.json,44,DEPENDENCY_CACHE,EXCLUDE,Reinstall from package lock; publishing vendored dependencies increases size and supply-chain risk.
node_modules/range-parser/README.md,2278,886bf556a8a88adc2aac86da3c8d63106e1c8e7854eb14bc1c095edc074163f8,.md,84,DEPENDENCY_CACHE,EXCLUDE,Reinstall from package lock; publishing vendored dependencies increases size and supply-chain risk.
node_modules/raw-body/index.d.ts,2286,3d05b353d9341c0dbff6d21f18490e346c3b661f5fc9d7f36e0e3fe5f940699c,.ts,87,DEPENDENCY_CACHE,EXCLUDE,Reinstall from package lock; publishing vendored dependencies increases size and supply-chain risk.
node_modules/raw-body/index.js,7171,e1c1ff9152ec1f5cf1ef1c2b853d6723e93ba13e4e9f1f15f9c6b2026a39a1cb,.js,336,DEPENDENCY_CACHE,EXCLUDE,Reinstall from package lock; publishing vendored dependencies increases size and supply-chain risk.
node_modules/raw-body/LICENSE,1181,37876d7de8bdf5e5b9b58a697ebc34044624e493e6f49eff5c938e5226dcac6b,,22,DEPENDENCY_CACHE,EXCLUDE,Reinstall from package lock; publishing vendored dependencies increases size and supply-chain risk.
node_modules/raw-body/package.json,1292,3847f01a7ffd81ca56879b158b8301f96244113f152ed117bff3f3abf5f88a5f,.json,47,DEPENDENCY_CACHE,EXCLUDE,Reinstall from package lock; publishing vendored dependencies increases size and supply-chain risk.
node_modules/raw-body/README.md,6553,2bdf5dc084fec13fa087101d1c3efdc22421d19c1551984b49ce6705eb636d57,.md,223,DEPENDENCY_CACHE,EXCLUDE,Reinstall from package lock; publishing vendored dependencies increases size and supply-chain risk.
node_modules/readable-stream/.travis.yml,991,9b7b2c21ac1d06ded7aba9b0383ee53d634c9d407971a4fe782e89b8019a3124,.yml,34,DEPENDENCY_CACHE,EXCLUDE,Reinstall from package lock; publishing vendored dependencies increases size and supply-chain risk.
node_modules/readable-stream/CONTRIBUTING.md,1443,56e4e12a6934a2c4d36c7bf893f4d8aefa6c96f9ffcec357dfa6476e36c4f1f5,.md,38,DEPENDENCY_CACHE,EXCLUDE,Reinstall from package lock; publishing vendored dependencies increases size and supply-chain risk.
node_modules/readable-stream/doc/wg-meetings/2015-01-30.md,2280,39bdf2c2d8d23df3239dde5e66449dcfa9bfd0accf840c91c35bb295f2bbae2d,.md,60,DEPENDENCY_CACHE,EXCLUDE,Reinstall from package lock; publishing vendored dependencies increases size and supply-chain risk.
node_modules/readable-stream/duplex-browser.js,53,b492b180e158a495afa7b394de1440e037c5d60524bb2fce839aeb690e6ff968,.js,1,DEPENDENCY_CACHE,EXCLUDE,Reinstall from package lock; publishing vendored dependencies increases size and supply-chain risk.
node_modules/readable-stream/duplex.js,46,16475035143997e924dc3f41af6fd657cf55c5843f415f00b155c20891da8a5b,.js,1,DEPENDENCY_CACHE,EXCLUDE,Reinstall from package lock; publishing vendored dependencies increases size and supply-chain risk.
node_modules/readable-stream/GOVERNANCE.md,5550,7a521e462d1c6f3b599c44637fb337bbf969dda311510a87236ec539a415331d,.md,136,DEPENDENCY_CACHE,EXCLUDE,Reinstall from package lock; publishing vendored dependencies increases size and supply-chain risk.
node_modules/readable-stream/lib/_stream_duplex.js,4015,fd17d6a92dd9ba004c85f8e364b2771af10d012a83766437447dbae63879fa6b,.js,131,DEPENDENCY_CACHE,EXCLUDE,Reinstall from package lock; publishing vendored dependencies increases size and supply-chain risk.
node_modules/readable-stream/lib/_stream_passthrough.js,1753,bf61450b1ff5f94fea9d46665e931119642034c903e63cc224b4c96472eed4d4,.js,47,DEPENDENCY_CACHE,EXCLUDE,Reinstall from package lock; publishing vendored dependencies increases size and supply-chain risk.
node_modules/readable-stream/lib/_stream_readable.js,31426,216e051224eff89a5d5eec76bef25addac078d9ebd2e88bd0a3d73a0e605091d,.js,1019,DEPENDENCY_CACHE,EXCLUDE,Reinstall from package lock; publishing vendored dependencies increases size and supply-chain risk.
node_modules/readable-stream/lib/_stream_transform.js,7742,56220d9dd58b976f1739bfc85948b267d79772ba23672ff402d13b6b3fcf4e40,.js,214,DEPENDENCY_CACHE,EXCLUDE,Reinstall from package lock; publishing vendored dependencies increases size and supply-chain risk.
node_modules/readable-stream/lib/_stream_writable.js,20335,e6359ac652ed97f5f328c586c7a6b8f163782a9ca13da476e609a981c75e0469,.js,685,DEPENDENCY_CACHE,EXCLUDE,Reinstall from package lock; publishing vendored dependencies increases size and supply-chain risk.
node_modules/readable-stream/lib/internal/streams/BufferList.js,2009,387991bfee34bbb7938e0c0a3f345c3e5e4c37d5b0cb600e6d432c9995321fa7,.js,78,DEPENDENCY_CACHE,EXCLUDE,Reinstall from package lock; publishing vendored dependencies increases size and supply-chain risk.
node_modules/readable-stream/lib/internal/streams/destroy.js,2175,a59f90daec030125875a6028b32f93e2e2bc9fafd703991dbc36244f5cb21176,.js,84,DEPENDENCY_CACHE,EXCLUDE,Reinstall from package lock; publishing vendored dependencies increases size and supply-chain risk.
node_modules/readable-stream/lib/internal/streams/stream-browser.js,49,72d46a15491627d8fb1489a47d03583cfe5c21902918016ab532b53e615e5a9a,.js,1,DEPENDENCY_CACHE,EXCLUDE,Reinstall from package lock; publishing vendored dependencies increases size and supply-chain risk.
node_modules/readable-stream/lib/internal/streams/stream.js,36,1e7903927df33aadb3659ecce55266c9c851da65ce6c8b723a60a305c1c5422c,.js,1,DEPENDENCY_CACHE,EXCLUDE,Reinstall from package lock; publishing vendored dependencies increases size and supply-chain risk.
node_modules/readable-stream/LICENSE,2337,ec62dc96da0099b87f4511736c87309335527fb7031639493e06c95728dc8c54,,47,DEPENDENCY_CACHE,EXCLUDE,Reinstall from package lock; publishing vendored dependencies increases size and supply-chain risk.
node_modules/readable-stream/node_modules/safe-buffer/index.d.ts,8738,5e379df3d61561c2ed7789b5995b9ba2143bbba21a905e2381e16efe7d1fa424,.ts,187,DEPENDENCY_CACHE,EXCLUDE,Reinstall from package lock; publishing vendored dependencies increases size and supply-chain risk.
node_modules/readable-stream/node_modules/safe-buffer/index.js,1529,d58af21cb0518864d0c505742d1af71e5b5e1f142f4c0f27353aa0f431a616d4,.js,62,DEPENDENCY_CACHE,EXCLUDE,Reinstall from package lock; publishing vendored dependencies increases size and supply-chain risk.
node_modules/readable-stream/node_modules/safe-buffer/LICENSE,1081,c7cc929b57080f4b9d0c6cf57669f0463fc5b39906344dfc8d3bc43426b30eac,,21,DEPENDENCY_CACHE,EXCLUDE,Reinstall from package lock; publishing vendored dependencies increases size and supply-chain risk.
node_modules/readable-stream/node_modules/safe-buffer/package.json,783,3d8b6d944be9e931a178914afbb3d6b79bfa199c032872b687bed41ed996c747,.json,37,DEPENDENCY_CACHE,EXCLUDE,Reinstall from package lock; publishing vendored dependencies increases size and supply-chain risk.
node_modules/readable-stream/node_modules/safe-buffer/README.md,19555,d301a850808775718ddb510d4bf2a922d9b0afa72894e67137daa20fbeafac05,.md,584,DEPENDENCY_CACHE,EXCLUDE,Reinstall from package lock; publishing vendored dependencies increases size and supply-chain risk.
node_modules/readable-stream/package.json,1370,67bde829e31cba3f50c77d14a30fa0f2295223b7ffa07f3b84606a5a79bb97f8,.json,52,DEPENDENCY_CACHE,EXCLUDE,Reinstall from package lock; publishing vendored dependencies increases size and supply-chain risk.
node_modules/readable-stream/passthrough.js,51,809dbc03b4c312355ff74eb14b2ccc77267ee71e04f519f437eb4b203407c4b7,.js,1,DEPENDENCY_CACHE,EXCLUDE,Reinstall from package lock; publishing vendored dependencies increases size and supply-chain risk.
node_modules/readable-stream/readable-browser.js,351,ec8e6f4e484d5269bc134752e11770b66b6be3a470217c2a0166e977965f53c6,.js,7,DEPENDENCY_CACHE,EXCLUDE,Reinstall from package lock; publishing vendored dependencies increases size and supply-chain risk.
node_modules/readable-stream/readable.js,771,a1efa3fa06393aff652f3529ea1b1bc32134d49eb794b23272fb0ba13d214550,.js,19,DEPENDENCY_CACHE,EXCLUDE,Reinstall from package lock; publishing vendored dependencies increases size and supply-chain risk.
node_modules/readable-stream/README.md,2999,5a917d93a11215fbdfe7366e7466bc2ef3e3b9dee8291b0e1d48e6d4796f19cf,.md,58,DEPENDENCY_CACHE,EXCLUDE,Reinstall from package lock; publishing vendored dependencies increases size and supply-chain risk.
node_modules/readable-stream/transform.js,49,155f794c5c789568b7bc632cd37f28b9064890e887bfab96a4393100218d4230,.js,1,DEPENDENCY_CACHE,EXCLUDE,Reinstall from package lock; publishing vendored dependencies increases size and supply-chain risk.
node_modules/readable-stream/writable-browser.js,55,427bae9a6a026082e46acb500da48b270234ebc2a1ded1315b49eccfa6311c61,.js,1,DEPENDENCY_CACHE,EXCLUDE,Reinstall from package lock; publishing vendored dependencies increases size and supply-chain risk.
node_modules/readable-stream/writable.js,229,74cbbdc5d60e1ee6560d2850515b68c3d6b39d9b2f32346aac1386b031c2a661,.js,8,DEPENDENCY_CACHE,EXCLUDE,Reinstall from package lock; publishing vendored dependencies increases size and supply-chain risk.
node_modules/readdirp/esm/index.d.ts,3683,d3a6e1ff56a0a760b1b36eb34925042a8148d8e0ab4c2d28fcbdbf40fb5a8acc,.ts,108,DEPENDENCY_CACHE,EXCLUDE,Reinstall from package lock; publishing vendored dependencies increases size and supply-chain risk.
node_modules/readdirp/esm/index.js,9554,4877f4afb05129ff6e585f6979ca953944d8b5c9ff8cebfa8658f465ff92c52b,.js,257,DEPENDENCY_CACHE,EXCLUDE,Reinstall from package lock; publishing vendored dependencies increases size and supply-chain risk.
node_modules/readdirp/esm/package.json,43,2ce1adbdeda823b44d6f39dc05828240810979ba1314dace973096d1df1a799f,.json,1,DEPENDENCY_CACHE,EXCLUDE,Reinstall from package lock; publishing vendored dependencies increases size and supply-chain risk.
node_modules/readdirp/index.d.ts,3683,d3a6e1ff56a0a760b1b36eb34925042a8148d8e0ab4c2d28fcbdbf40fb5a8acc,.ts,108,DEPENDENCY_CACHE,EXCLUDE,Reinstall from package lock; publishing vendored dependencies increases size and supply-chain risk.
node_modules/readdirp/index.js,9967,9b7c2bb84e39b1c9fe839e564a1bbdbb94e4129547a4de83a42bd31a8831d905,.js,263,DEPENDENCY_CACHE,EXCLUDE,Reinstall from package lock; publishing vendored dependencies increases size and supply-chain risk.
node_modules/readdirp/LICENSE,1114,dffec71d93f273d2af7b54c6c7e7e70b3289c632ec0d7253210ec21ac336d5ac,,21,DEPENDENCY_CACHE,EXCLUDE,Reinstall from package lock; publishing vendored dependencies increases size and supply-chain risk.
node_modules/readdirp/package.json,1660,9869f6d7ed7a299100bf6f87263f442092bba77c2ef55d8d8f418fd634cf9aac,.json,70,DEPENDENCY_CACHE,EXCLUDE,Reinstall from package lock; publishing vendored dependencies increases size and supply-chain risk.
node_modules/readdirp/README.md,6423,7ddfe4388aee089ba4bdea5fc67d2e07fad03fc9cbfe0cdcc57ca976fb7e798b,.md,120,DEPENDENCY_CACHE,EXCLUDE,Reinstall from package lock; publishing vendored dependencies increases size and supply-chain risk.
node_modules/safe-buffer/index.d.ts,8738,5e379df3d61561c2ed7789b5995b9ba2143bbba21a905e2381e16efe7d1fa424,.ts,187,DEPENDENCY_CACHE,EXCLUDE,Reinstall from package lock; publishing vendored dependencies increases size and supply-chain risk.
node_modules/safe-buffer/index.js,1670,184d5c4a83512e3f49d4d5b52f7073f601f933bad11f1fbb3ad364ca5e6478e1,.js,65,DEPENDENCY_CACHE,EXCLUDE,Reinstall from package lock; publishing vendored dependencies increases size and supply-chain risk.
node_modules/safe-buffer/LICENSE,1081,c7cc929b57080f4b9d0c6cf57669f0463fc5b39906344dfc8d3bc43426b30eac,,21,DEPENDENCY_CACHE,EXCLUDE,Reinstall from package lock; publishing vendored dependencies increases size and supply-chain risk.
node_modules/safe-buffer/package.json,1057,e4018fdbfe625433371f48274fee26f520bbe865e0d8c85bf3aa07424134b90c,.json,51,DEPENDENCY_CACHE,EXCLUDE,Reinstall from package lock; publishing vendored dependencies increases size and supply-chain risk.
node_modules/safe-buffer/README.md,19555,d301a850808775718ddb510d4bf2a922d9b0afa72894e67137daa20fbeafac05,.md,584,DEPENDENCY_CACHE,EXCLUDE,Reinstall from package lock; publishing vendored dependencies increases size and supply-chain risk.
node_modules/safer-buffer/dangerous.js,1483,1dc2900bcc8ffc375af0d2fc99a03ecad2dcbb85d278fbf26982e87707bea53f,.js,58,DEPENDENCY_CACHE,EXCLUDE,Reinstall from package lock; publishing vendored dependencies increases size and supply-chain risk.
node_modules/safer-buffer/LICENSE,1094,4bc935e71be198c67ddf3c2b5fddb195f6edc182bfc155a96a6db61b44b494b9,,21,DEPENDENCY_CACHE,EXCLUDE,Reinstall from package lock; publishing vendored dependencies increases size and supply-chain risk.
node_modules/safer-buffer/package.json,822,4247a3a63c45a6a7ced1557fe4dd9d2a163af4915d594b95e5867b69a53edb52,.json,34,DEPENDENCY_CACHE,EXCLUDE,Reinstall from package lock; publishing vendored dependencies increases size and supply-chain risk.
node_modules/safer-buffer/Porting-Buffer.md,12794,134523d05b39e177135c2a2070a426eb319657dfc77589e38ef7cf13cd50e730,.md,268,DEPENDENCY_CACHE,EXCLUDE,Reinstall from package lock; publishing vendored dependencies increases size and supply-chain risk.
node_modules/safer-buffer/Readme.md,8261,d4331b7c5af9c02161150daf9451ee6bc7a73ece3ec0312603fae09f46a817d8,.md,156,DEPENDENCY_CACHE,EXCLUDE,Reinstall from package lock; publishing vendored dependencies increases size and supply-chain risk.
node_modules/safer-buffer/safer.js,2110,37f9716144105051ab302f6a0c30a52ff5de7269b9e1173ac22be798fc11ccad,.js,77,DEPENDENCY_CACHE,EXCLUDE,Reinstall from package lock; publishing vendored dependencies increases size and supply-chain risk.
node_modules/safer-buffer/tests.js,15735,511906fdf6a233c84a9216065d1701dbfd84f380fbd495ae1cf5a002370b9885,.js,406,DEPENDENCY_CACHE,EXCLUDE,Reinstall from package lock; publishing vendored dependencies increases size and supply-chain risk.
node_modules/send/HISTORY.md,13594,463df370716ae60580efadda501fdeb088bd3c426de64f318ba9f0e33b85ef5c,.md,538,DEPENDENCY_CACHE,EXCLUDE,Reinstall from package lock; publishing vendored dependencies increases size and supply-chain risk.
node_modules/send/index.js,23455,614d9bdd1944cc51663785b0e74c245296830f014a6f8c6c48cdc6a26b56c01e,.js,1142,DEPENDENCY_CACHE,EXCLUDE,Reinstall from package lock; publishing vendored dependencies increases size and supply-chain risk.
node_modules/send/LICENSE,1128,25a328069fe771f8ed5b6f983ed4b0e6c84b3312ac0f69b28c3d52dc277962c9,,23,DEPENDENCY_CACHE,EXCLUDE,Reinstall from package lock; publishing vendored dependencies increases size and supply-chain risk.
node_modules/send/node_modules/ms/index.js,3024,e5f0b6a946a9b2b356a28557728410717df54ea2f599edb619f9839df6b7b0e9,.js,162,DEPENDENCY_CACHE,EXCLUDE,Reinstall from package lock; publishing vendored dependencies increases size and supply-chain risk.
node_modules/send/node_modules/ms/license.md,1079,1662fae9b5314d11cf51284e2dcd1f006a354f7343f08712a730fcff9a359801,.md,21,DEPENDENCY_CACHE,EXCLUDE,Reinstall from package lock; publishing vendored dependencies increases size and supply-chain risk.
node_modules/send/node_modules/ms/package.json,732,1a6b4d9739790c0b94ab96c8cc0507e281c164c311ff4fbf5e57fb8d26290b40,.json,38,DEPENDENCY_CACHE,EXCLUDE,Reinstall from package lock; publishing vendored dependencies increases size and supply-chain risk.
node_modules/send/node_modules/ms/readme.md,1886,8bf6c4f414b123ea2a9375b91982882d01d8561ce7d12e3bb4f448c23359f040,.md,59,DEPENDENCY_CACHE,EXCLUDE,Reinstall from package lock; publishing vendored dependencies increases size and supply-chain risk.
node_modules/send/package.json,1575,2d511afc0dc9965be1f1a5b4b7966cad2e02b95be6e5ff962baabebc12739385,.json,62,DEPENDENCY_CACHE,EXCLUDE,Reinstall from package lock; publishing vendored dependencies increases size and supply-chain risk.
node_modules/send/README.md,9476,08f465b588af742601818744e54a68927a3f76c0ac831520c411c1c82334ba11,.md,327,DEPENDENCY_CACHE,EXCLUDE,Reinstall from package lock; publishing vendored dependencies increases size and supply-chain risk.
node_modules/send/SECURITY.md,1170,9e6289faf7a1bdb454335b2234d188c178c6fd932d1533326170ed62d157663e,.md,24,DEPENDENCY_CACHE,EXCLUDE,Reinstall from package lock; publishing vendored dependencies increases size and supply-chain risk.
node_modules/serve-static/HISTORY.md,10854,17f82b384b4d8bcbe89c30ecf02e4b9792e9db26bdcb4b60ee6aed1daf2006a7,.md,493,DEPENDENCY_CACHE,EXCLUDE,Reinstall from package lock; publishing vendored dependencies increases size and supply-chain risk.
node_modules/serve-static/index.js,4521,afb15d01393122d7811a8838209c66de89820e069c414a7c83c93861b531de73,.js,209,DEPENDENCY_CACHE,EXCLUDE,Reinstall from package lock; publishing vendored dependencies increases size and supply-chain risk.
node_modules/serve-static/LICENSE,1189,63b9a188d7d43e64b0558b7115255045b9fe20a5fc3ff483421cb899e7f52bcb,,25,DEPENDENCY_CACHE,EXCLUDE,Reinstall from package lock; publishing vendored dependencies increases size and supply-chain risk.
node_modules/serve-static/package.json,1142,068fbb0738f4eb2f8ea6ad2f9757ef060d0b79e7990bb9c3dc5ead72a0e3b1f8,.json,42,DEPENDENCY_CACHE,EXCLUDE,Reinstall from package lock; publishing vendored dependencies increases size and supply-chain risk.
node_modules/serve-static/README.md,7812,7c2479f5a6b23ae5c27a5383969788c19d2f3c36839f5691cf2c0ce27b54cd68,.md,257,DEPENDENCY_CACHE,EXCLUDE,Reinstall from package lock; publishing vendored dependencies increases size and supply-chain risk.
node_modules/setprototypeof/index.d.ts,93,594108e052a71fbabf137a1139736186af6e437a255705e99f8c666f4d2af4c4,.ts,2,DEPENDENCY_CACHE,EXCLUDE,Reinstall from package lock; publishing vendored dependencies increases size and supply-chain risk.
node_modules/setprototypeof/index.js,407,3e3495ca7ae72a7f0ca459f47dd3d97ae3a48fa4b1a669a31672be778cc97a5f,.js,17,DEPENDENCY_CACHE,EXCLUDE,Reinstall from package lock; publishing vendored dependencies increases size and supply-chain risk.
node_modules/setprototypeof/LICENSE,727,76d6d1ea0c268da37dd3c961b4fcfb23dee8417fff9e8786d4d44c585b781b69,,13,DEPENDENCY_CACHE,EXCLUDE,Reinstall from package lock; publishing vendored dependencies increases size and supply-chain risk.
node_modules/setprototypeof/package.json,1264,5b39ddf23d2c12a751cb4af2ce12dd5c87314350be7526fff69b4a3ff2a2d538,.json,38,DEPENDENCY_CACHE,EXCLUDE,Reinstall from package lock; publishing vendored dependencies increases size and supply-chain risk.
node_modules/setprototypeof/README.md,844,5ac2886221898d2e967df16753e4d64367957261d362fadd1817a9c80b1a6918,.md,31,DEPENDENCY_CACHE,EXCLUDE,Reinstall from package lock; publishing vendored dependencies increases size and supply-chain risk.
node_modules/setprototypeof/test/index.js,690,44bed5fcccb6c8f6cd92ff4bc034005b9d46ba560c572979944772555d4f2585,.js,24,DEPENDENCY_CACHE,EXCLUDE,Reinstall from package lock; publishing vendored dependencies increases size and supply-chain risk.
node_modules/side-channel-list/.editorconfig,145,f3e9230a5e411831564b0a83313248a7455929098f389c5bc07e8241a754d3fd,,9,DEPENDENCY_CACHE,EXCLUDE,Reinstall from package lock; publishing vendored dependencies increases size and supply-chain risk.
node_modules/side-channel-list/.eslintrc,185,7a1a04ff516aa6b2905885fe15f4f57858ea1703c92456daed9763fa7b4ea7c6,,11,DEPENDENCY_CACHE,EXCLUDE,Reinstall from package lock; publishing vendored dependencies increases size and supply-chain risk.
node_modules/side-channel-list/.github/FUNDING.yml,588,2b7392342ca20befcd193818b07b2b47fd9ade136c40c7f2a8b4528eba56b49e,.yml,12,DEPENDENCY_CACHE,EXCLUDE,Reinstall from package lock; publishing vendored dependencies increases size and supply-chain risk.
node_modules/side-channel-list/.nycrc,216,948366fea3b423a46366326d0bb2e54b08abd1cf0b243678ba6625740c40da5a,,13,DEPENDENCY_CACHE,EXCLUDE,Reinstall from package lock; publishing vendored dependencies increases size and supply-chain risk.
node_modules/side-channel-list/CHANGELOG.md,1634,f40ac5347b6b43c5afbd246dc1fe2829970d7884bab3e56a9221def353c8758c,.md,36,DEPENDENCY_CACHE,EXCLUDE,Reinstall from package lock; publishing vendored dependencies increases size and supply-chain risk.
node_modules/side-channel-list/index.d.ts,335,ce9c6608168c202a45b47380f94f2f1ff94a9655ffef750a080d61bcfcfeaf09,.ts,13,DEPENDENCY_CACHE,EXCLUDE,Reinstall from package lock; publishing vendored dependencies increases size and supply-chain risk.
node_modules/side-channel-list/index.js,3289,5d7ba64286b290cc1ebc2a04fba4c3f1cb319b3e174cc9d5e3ae5a1d9bec170b,.js,111,DEPENDENCY_CACHE,EXCLUDE,Reinstall from package lock; publishing vendored dependencies increases size and supply-chain risk.
node_modules/side-channel-list/LICENSE,1071,5e325595b4ea8cfec3802f545b1def5d7b73e4a5b8e9ba63e32a320f67732292,,21,DEPENDENCY_CACHE,EXCLUDE,Reinstall from package lock; publishing vendored dependencies increases size and supply-chain risk.
node_modules/side-channel-list/list.d.ts,721,735b18d2a598216cd2ca487c8fc869e27becedb806c7c5c2cace13264881e877,.ts,14,DEPENDENCY_CACHE,EXCLUDE,Reinstall from package lock; publishing vendored dependencies increases size and supply-chain risk.
node_modules/side-channel-list/package.json,2258,90f0c08c6c17f4a3fa3dd61873223957b89da4201f01dc0c8b95b0b9e6a2a59a,.json,77,DEPENDENCY_CACHE,EXCLUDE,Reinstall from package lock; publishing vendored dependencies increases size and supply-chain risk.
node_modules/side-channel-list/README.md,2285,3627a589d762bb9d327dad5810d0e9dbf051f6753ac5bb09ab057d1eacb14c52,.md,62,DEPENDENCY_CACHE,EXCLUDE,Reinstall from package lock; publishing vendored dependencies increases size and supply-chain risk.
node_modules/side-channel-list/test/index.js,4130,60cd0bdd7f76be58fac56cac4b17581ee903de83cc34ce55b3af32a0437177fb,.js,154,DEPENDENCY_CACHE,EXCLUDE,Reinstall from package lock; publishing vendored dependencies increases size and supply-chain risk.
node_modules/side-channel-list/tsconfig.json,116,6346ee4c020f341387588479dd83740a65ab902a462b8c6b3b8bf51f032c6795,.json,9,DEPENDENCY_CACHE,EXCLUDE,Reinstall from package lock; publishing vendored dependencies increases size and supply-chain risk.
node_modules/side-channel-map/.editorconfig,145,f3e9230a5e411831564b0a83313248a7455929098f389c5bc07e8241a754d3fd,,9,DEPENDENCY_CACHE,EXCLUDE,Reinstall from package lock; publishing vendored dependencies increases size and supply-chain risk.
node_modules/side-channel-map/.eslintrc,185,7a1a04ff516aa6b2905885fe15f4f57858ea1703c92456daed9763fa7b4ea7c6,,11,DEPENDENCY_CACHE,EXCLUDE,Reinstall from package lock; publishing vendored dependencies increases size and supply-chain risk.
node_modules/side-channel-map/.github/FUNDING.yml,587,85660691d4145ea3a89471a216f2ce892abe35348e162fd1fc903fb64c6f9c6d,.yml,12,DEPENDENCY_CACHE,EXCLUDE,Reinstall from package lock; publishing vendored dependencies increases size and supply-chain risk.
node_modules/side-channel-map/.nycrc,216,948366fea3b423a46366326d0bb2e54b08abd1cf0b243678ba6625740c40da5a,,13,DEPENDENCY_CACHE,EXCLUDE,Reinstall from package lock; publishing vendored dependencies increases size and supply-chain risk.
node_modules/side-channel-map/CHANGELOG.md,1191,a622f46bc8b5c72aab3481f9ebba944dab49a60fd6a9e48e774023c4f9317aaf,.md,22,DEPENDENCY_CACHE,EXCLUDE,Reinstall from package lock; publishing vendored dependencies increases size and supply-chain risk.
node_modules/side-channel-map/index.d.ts,367,c3adf1625f5493cef67613c35046d8aa60bf591a205fe044f05321c1020c9065,.ts,15,DEPENDENCY_CACHE,EXCLUDE,Reinstall from package lock; publishing vendored dependencies increases size and supply-chain risk.
node_modules/side-channel-map/index.js,1981,0d3a0ec34cd376a23fa4a2a159913f527f990b5541fbd513212615e910ae2ba7,.js,68,DEPENDENCY_CACHE,EXCLUDE,Reinstall from package lock; publishing vendored dependencies increases size and supply-chain risk.
node_modules/side-channel-map/LICENSE,1071,5e325595b4ea8cfec3802f545b1def5d7b73e4a5b8e9ba63e32a320f67732292,,21,DEPENDENCY_CACHE,EXCLUDE,Reinstall from package lock; publishing vendored dependencies increases size and supply-chain risk.
node_modules/side-channel-map/package.json,2336,914a8bd732b82523d95bb697eec3e6d95badc5eb13b196fb0772e59354a3ab25,.json,80,DEPENDENCY_CACHE,EXCLUDE,Reinstall from package lock; publishing vendored dependencies increases size and supply-chain risk.
node_modules/side-channel-map/README.md,2278,f5a7086db928685f10c51cb0c5970525aaf38ce3835153f31b22801edf7ad663,.md,62,DEPENDENCY_CACHE,EXCLUDE,Reinstall from package lock; publishing vendored dependencies increases size and supply-chain risk.
node_modules/side-channel-map/test/index.js,2875,d752ad1cbe1d6c2aa97e197e4f4a2f8fc978bfe3ace7f1e1cf5ef2b21e08eebe,.js,114,DEPENDENCY_CACHE,EXCLUDE,Reinstall from package lock; publishing vendored dependencies increases size and supply-chain risk.
node_modules/side-channel-map/tsconfig.json,116,6346ee4c020f341387588479dd83740a65ab902a462b8c6b3b8bf51f032c6795,.json,9,DEPENDENCY_CACHE,EXCLUDE,Reinstall from package lock; publishing vendored dependencies increases size and supply-chain risk.
node_modules/side-channel-weakmap/.editorconfig,145,f3e9230a5e411831564b0a83313248a7455929098f389c5bc07e8241a754d3fd,,9,DEPENDENCY_CACHE,EXCLUDE,Reinstall from package lock; publishing vendored dependencies increases size and supply-chain risk.
node_modules/side-channel-weakmap/.eslintrc,203,9e6424ea116f1edba0e876b422bc162db44411cab9e2af08e0aef08dee6206f6,,12,DEPENDENCY_CACHE,EXCLUDE,Reinstall from package lock; publishing vendored dependencies increases size and supply-chain risk.
node_modules/side-channel-weakmap/.github/FUNDING.yml,591,d671a997a7bd387e3cb62cd1e84b7fee6eaa67f5c34236254ca63436c43a28db,.yml,12,DEPENDENCY_CACHE,EXCLUDE,Reinstall from package lock; publishing vendored dependencies increases size and supply-chain risk.
node_modules/side-channel-weakmap/.nycrc,216,948366fea3b423a46366326d0bb2e54b08abd1cf0b243678ba6625740c40da5a,,13,DEPENDENCY_CACHE,EXCLUDE,Reinstall from package lock; publishing vendored dependencies increases size and supply-chain risk.
node_modules/side-channel-weakmap/CHANGELOG.md,1477,c8fe52550510be7e9b494ce75c4b7ede67a930aacb6e4258079360a553dd31ae,.md,28,DEPENDENCY_CACHE,EXCLUDE,Reinstall from package lock; publishing vendored dependencies increases size and supply-chain risk.
node_modules/side-channel-weakmap/index.d.ts,382,cddaf669dde1c7291f8d768d36fd40dbd6b5fec23b4562467c15baa3e1dbccb4,.ts,15,DEPENDENCY_CACHE,EXCLUDE,Reinstall from package lock; publishing vendored dependencies increases size and supply-chain risk.
node_modules/side-channel-weakmap/index.js,2708,4421d4533c6e1585d01da3ad592c53dd427b0367f81474c59590b6153f119010,.js,84,DEPENDENCY_CACHE,EXCLUDE,Reinstall from package lock; publishing vendored dependencies increases size and supply-chain risk.
node_modules/side-channel-weakmap/LICENSE,1071,cfc3f455254c0af0655cc3ff46a41ed644b67599f6043346169d285bf2b3cf3b,,21,DEPENDENCY_CACHE,EXCLUDE,Reinstall from package lock; publishing vendored dependencies increases size and supply-chain risk.
node_modules/side-channel-weakmap/package.json,2447,8c11f0a1c6cfa549588d991a5cb1b04d62953277ed29f47463d415d5946388a8,.json,87,DEPENDENCY_CACHE,EXCLUDE,Reinstall from package lock; publishing vendored dependencies increases size and supply-chain risk.
node_modules/side-channel-weakmap/README.md,2342,5c111085145d73c9151051dc7eadbb6e6cf8a30614ee013a290bba5b38b40078,.md,62,DEPENDENCY_CACHE,EXCLUDE,Reinstall from package lock; publishing vendored dependencies increases size and supply-chain risk.
node_modules/side-channel-weakmap/test/index.js,2969,7c14a6142447dee78e56e06b230b055845bb3a005b8e2e12974859c35d39cd7b,.js,114,DEPENDENCY_CACHE,EXCLUDE,Reinstall from package lock; publishing vendored dependencies increases size and supply-chain risk.
node_modules/side-channel-weakmap/tsconfig.json,116,6346ee4c020f341387588479dd83740a65ab902a462b8c6b3b8bf51f032c6795,.json,9,DEPENDENCY_CACHE,EXCLUDE,Reinstall from package lock; publishing vendored dependencies increases size and supply-chain risk.
node_modules/side-channel/.editorconfig,145,f3e9230a5e411831564b0a83313248a7455929098f389c5bc07e8241a754d3fd,,9,DEPENDENCY_CACHE,EXCLUDE,Reinstall from package lock; publishing vendored dependencies increases size and supply-chain risk.
node_modules/side-channel/.eslintrc,203,9e6424ea116f1edba0e876b422bc162db44411cab9e2af08e0aef08dee6206f6,,12,DEPENDENCY_CACHE,EXCLUDE,Reinstall from package lock; publishing vendored dependencies increases size and supply-chain risk.
node_modules/side-channel/.github/FUNDING.yml,583,1bae2dd6cba2f64d3780a4d3136eed2ed80b17888b0f2f169b90b65532ef1a4e,.yml,12,DEPENDENCY_CACHE,EXCLUDE,Reinstall from package lock; publishing vendored dependencies increases size and supply-chain risk.
node_modules/side-channel/.nycrc,216,948366fea3b423a46366326d0bb2e54b08abd1cf0b243678ba6625740c40da5a,,13,DEPENDENCY_CACHE,EXCLUDE,Reinstall from package lock; publishing vendored dependencies increases size and supply-chain risk.
node_modules/side-channel/CHANGELOG.md,11419,f0de2c3154a59af9c3e00e86de6ad1b16b5952653d970d1ee4d67f7f32e8febc,.md,120,DEPENDENCY_CACHE,EXCLUDE,Reinstall from package lock; publishing vendored dependencies increases size and supply-chain risk.
node_modules/side-channel/index.d.ts,486,e27c6849e299f3e12a16851403375a7c22ee8aab206dc73bd63558f272f03695,.ts,14,DEPENDENCY_CACHE,EXCLUDE,Reinstall from package lock; publishing vendored dependencies increases size and supply-chain risk.
node_modules/side-channel/index.js,1222,54f0fec2ecb069f39b17455cc77a86e5ad135138a6e6ab5f7b33dc44ed157e86,.js,46,DEPENDENCY_CACHE,EXCLUDE,Reinstall from package lock; publishing vendored dependencies increases size and supply-chain risk.
node_modules/side-channel/LICENSE,1071,cfc3f455254c0af0655cc3ff46a41ed644b67599f6043346169d285bf2b3cf3b,,21,DEPENDENCY_CACHE,EXCLUDE,Reinstall from package lock; publishing vendored dependencies increases size and supply-chain risk.
node_modules/side-channel/package.json,2362,14da3b013c3762da85cfd8b173290285394dfa41870bc4a1e8243aaa38316f2a,.json,85,DEPENDENCY_CACHE,EXCLUDE,Reinstall from package lock; publishing vendored dependencies increases size and supply-chain risk.
node_modules/side-channel/README.md,2110,2878dd11d65918805a3bbc3f684bc8350a759af9f20ebc536bf2a21799c5f631,.md,61,DEPENDENCY_CACHE,EXCLUDE,Reinstall from package lock; publishing vendored dependencies increases size and supply-chain risk.
node_modules/side-channel/test/index.js,2931,83ea281b6fed259ff34d299c2fcd8b69bc19b28339118bfa183faba52fefbd66,.js,120,DEPENDENCY_CACHE,EXCLUDE,Reinstall from package lock; publishing vendored dependencies increases size and supply-chain risk.
node_modules/side-channel/tsconfig.json,116,6346ee4c020f341387588479dd83740a65ab902a462b8c6b3b8bf51f032c6795,.json,9,DEPENDENCY_CACHE,EXCLUDE,Reinstall from package lock; publishing vendored dependencies increases size and supply-chain risk.
node_modules/statuses/codes.json,1789,d2daa083f11600277bd2bf9823bb48ede916a5b0924d2991d6bc4ce331d5604b,.json,65,DEPENDENCY_CACHE,EXCLUDE,Reinstall from package lock; publishing vendored dependencies increases size and supply-chain risk.
node_modules/statuses/HISTORY.md,1628,17ed5dffdb701302299988d379d0583b2948e2bd61f8a34e676671d03551b41e,.md,87,DEPENDENCY_CACHE,EXCLUDE,Reinstall from package lock; publishing vendored dependencies increases size and supply-chain risk.
node_modules/statuses/index.js,2610,96a0698e899f5889cf254d1f2e351f3253a37921c7f87269b0e87a497dec666a,.js,146,DEPENDENCY_CACHE,EXCLUDE,Reinstall from package lock; publishing vendored dependencies increases size and supply-chain risk.
node_modules/statuses/LICENSE,1172,512cfa4d5e7a7569c7ae4dd95241cb6ae2aaf648ef9ebd080c01bd24868d26e9,,23,DEPENDENCY_CACHE,EXCLUDE,Reinstall from package lock; publishing vendored dependencies increases size and supply-chain risk.
node_modules/statuses/package.json,1440,dc2508da5568ba768d94b73126cd20a5df934bc0c651ad681022236484ca156c,.json,49,DEPENDENCY_CACHE,EXCLUDE,Reinstall from package lock; publishing vendored dependencies increases size and supply-chain risk.
node_modules/statuses/README.md,3866,a493c63a52726e1b35e8595482c63900fd233fe24a21393d96f02c0de2a988f4,.md,139,DEPENDENCY_CACHE,EXCLUDE,Reinstall from package lock; publishing vendored dependencies increases size and supply-chain risk.
node_modules/streamsearch/.eslintrc.js,73,df85748adac0bd2d13fb6f3b3833d3cda0429e60296a111057dc05fbe3b00025,.js,5,DEPENDENCY_CACHE,EXCLUDE,Reinstall from package lock; publishing vendored dependencies increases size and supply-chain risk.
node_modules/streamsearch/.github/workflows/ci.yml,509,ae83a8862cc650e1b6ee1214ec6668d53f0a9600db4e7fdab286d18355405652,.yml,24,DEPENDENCY_CACHE,EXCLUDE,Reinstall from package lock; publishing vendored dependencies increases size and supply-chain risk.
node_modules/streamsearch/.github/workflows/lint.yml,471,3dbdd9b8482cf250da0d4160e61f968918bf119a5808e553270733fc11fcfc21,.yml,23,DEPENDENCY_CACHE,EXCLUDE,Reinstall from package lock; publishing vendored dependencies increases size and supply-chain risk.
node_modules/streamsearch/lib/sbmh.js,9501,b12da7985e18a80eb7467696fa496a9f38a3be4de0eabbdaeebbca57d48d698d,.js,267,DEPENDENCY_CACHE,EXCLUDE,Reinstall from package lock; publishing vendored dependencies increases size and supply-chain risk.
node_modules/streamsearch/LICENSE,1085,7c28463b739e2e73a49bf127d0bda427f8c55f0b37365a044c3c3f254716118b,,19,DEPENDENCY_CACHE,EXCLUDE,Reinstall from package lock; publishing vendored dependencies increases size and supply-chain risk.
node_modules/streamsearch/package.json,842,029b54b7db483222a64b99ab0e27b37d0ca59ca4a95d591b121b2cfb3a45eacb,.json,34,DEPENDENCY_CACHE,EXCLUDE,Reinstall from package lock; publishing vendored dependencies increases size and supply-chain risk.
node_modules/streamsearch/README.md,2696,5ca67e5c2463f69878fac8eb2f8b1d241937104677e5abd13213c93b346fce9c,.md,95,DEPENDENCY_CACHE,EXCLUDE,Reinstall from package lock; publishing vendored dependencies increases size and supply-chain risk.
node_modules/streamsearch/test/test.js,1398,b3468d3c491e7066f6cdac6a18ce85d70731ab0c02431cc68dd4868b790ea518,.js,70,DEPENDENCY_CACHE,EXCLUDE,Reinstall from package lock; publishing vendored dependencies increases size and supply-chain risk.
node_modules/string_decoder/.travis.yml,899,5eb2942461b58b0dbc2cbdc6777f28888c20f41fa9c353916403bb280b64c691,.yml,50,DEPENDENCY_CACHE,EXCLUDE,Reinstall from package lock; publishing vendored dependencies increases size and supply-chain risk.
node_modules/string_decoder/lib/string_decoder.js,9465,f1d36d47b2c579063392c1a68963467f2d4f51a069af09eb068d974c63ee3b37,.js,296,DEPENDENCY_CACHE,EXCLUDE,Reinstall from package lock; publishing vendored dependencies increases size and supply-chain risk.
node_modules/string_decoder/LICENSE,2338,11f2aafb37d06b3ee5bdaf06e9811141d0da05263c316f3d627f45c20d43261b,,48,DEPENDENCY_CACHE,EXCLUDE,Reinstall from package lock; publishing vendored dependencies increases size and supply-chain risk.
node_modules/string_decoder/node_modules/safe-buffer/index.d.ts,8738,5e379df3d61561c2ed7789b5995b9ba2143bbba21a905e2381e16efe7d1fa424,.ts,187,DEPENDENCY_CACHE,EXCLUDE,Reinstall from package lock; publishing vendored dependencies increases size and supply-chain risk.
node_modules/string_decoder/node_modules/safe-buffer/index.js,1529,d58af21cb0518864d0c505742d1af71e5b5e1f142f4c0f27353aa0f431a616d4,.js,62,DEPENDENCY_CACHE,EXCLUDE,Reinstall from package lock; publishing vendored dependencies increases size and supply-chain risk.
node_modules/string_decoder/node_modules/safe-buffer/LICENSE,1081,c7cc929b57080f4b9d0c6cf57669f0463fc5b39906344dfc8d3bc43426b30eac,,21,DEPENDENCY_CACHE,EXCLUDE,Reinstall from package lock; publishing vendored dependencies increases size and supply-chain risk.
node_modules/string_decoder/node_modules/safe-buffer/package.json,783,3d8b6d944be9e931a178914afbb3d6b79bfa199c032872b687bed41ed996c747,.json,37,DEPENDENCY_CACHE,EXCLUDE,Reinstall from package lock; publishing vendored dependencies increases size and supply-chain risk.
node_modules/string_decoder/node_modules/safe-buffer/README.md,19555,d301a850808775718ddb510d4bf2a922d9b0afa72894e67137daa20fbeafac05,.md,584,DEPENDENCY_CACHE,EXCLUDE,Reinstall from package lock; publishing vendored dependencies increases size and supply-chain risk.
node_modules/string_decoder/package.json,795,e278ca18803862a6d1b6bedc6a3394159ac86e5c4a162614fef006c79dcda3a2,.json,31,DEPENDENCY_CACHE,EXCLUDE,Reinstall from package lock; publishing vendored dependencies increases size and supply-chain risk.
node_modules/string_decoder/README.md,1801,64417fec74bed1e4160c792189c85e6f37f4232a179e2beb04f32d80df76c4cf,.md,47,DEPENDENCY_CACHE,EXCLUDE,Reinstall from package lock; publishing vendored dependencies increases size and supply-chain risk.
node_modules/toidentifier/HISTORY.md,128,4839c59f4e7364d7db5746d3f63fb54c0e81aa8b2c7dbd20009438d1d0864cf0,.md,9,DEPENDENCY_CACHE,EXCLUDE,Reinstall from package lock; publishing vendored dependencies increases size and supply-chain risk.
node_modules/toidentifier/index.js,504,f9f26b0e90e2569b61d02ef2a92718624b8854592b1ede7f2c8879a69cfdba05,.js,32,DEPENDENCY_CACHE,EXCLUDE,Reinstall from package lock; publishing vendored dependencies increases size and supply-chain risk.
node_modules/toidentifier/LICENSE,1108,a832d679750e49ab433626ab196350b89964b60eb0d3edd3341887c7d5f4c128,,21,DEPENDENCY_CACHE,EXCLUDE,Reinstall from package lock; publishing vendored dependencies increases size and supply-chain risk.
node_modules/toidentifier/package.json,1142,f34c59f784d43da6e633390d85d14ca60539b4676159444f313c62fcfc3b68dc,.json,38,DEPENDENCY_CACHE,EXCLUDE,Reinstall from package lock; publishing vendored dependencies increases size and supply-chain risk.
node_modules/toidentifier/README.md,1803,bbc5b74840438ec9d0d189c10c013c3e0ad9e0add6f09cb16034b8f693d73ff8,.md,61,DEPENDENCY_CACHE,EXCLUDE,Reinstall from package lock; publishing vendored dependencies increases size and supply-chain risk.
node_modules/type-is/HISTORY.md,5447,b32b37e94681b90954e8e6d29caef74a6b864055292634c36fb58fb50a9bddae,.md,259,DEPENDENCY_CACHE,EXCLUDE,Reinstall from package lock; publishing vendored dependencies increases size and supply-chain risk.
node_modules/type-is/index.js,5562,4a94338bd746c6b17dd8681f21124f84ed2cdd4a16022849d28900d5e568642a,.js,266,DEPENDENCY_CACHE,EXCLUDE,Reinstall from package lock; publishing vendored dependencies increases size and supply-chain risk.
node_modules/type-is/LICENSE,1172,23d466b1b134b415b66fa50c6526b4cf3e7b9258554da88d3abb371721e7ce68,,23,DEPENDENCY_CACHE,EXCLUDE,Reinstall from package lock; publishing vendored dependencies increases size and supply-chain risk.
node_modules/type-is/package.json,1133,87917e3dda1080179447633c3edff7e4b917d62b463893c88cef5be0b2babc63,.json,45,DEPENDENCY_CACHE,EXCLUDE,Reinstall from package lock; publishing vendored dependencies increases size and supply-chain risk.
node_modules/type-is/README.md,5183,ffcb49607e72eba2ed8b37c854762381e7d2df2714cbda5b921ced25841581ad,.md,170,DEPENDENCY_CACHE,EXCLUDE,Reinstall from package lock; publishing vendored dependencies increases size and supply-chain risk.
node_modules/typedarray/.travis.yml,48,9b9a2cce2d8b28843a1a10647f82300c8403ccde268df5b6abc6c349e5167b34,.yml,4,DEPENDENCY_CACHE,EXCLUDE,Reinstall from package lock; publishing vendored dependencies increases size and supply-chain risk.
node_modules/typedarray/example/tarray.js,110,af6091018cb9991c8d233e46e4b74700c7d80aca46ef991e74b33c09b54c7a7c,.js,4,DEPENDENCY_CACHE,EXCLUDE,Reinstall from package lock; publishing vendored dependencies increases size and supply-chain risk.
node_modules/typedarray/index.js,21325,337fced9a3370de4414170aa0a4b2d61ca634ac2d82c358798afaf2a2a04e107,.js,630,DEPENDENCY_CACHE,EXCLUDE,Reinstall from package lock; publishing vendored dependencies increases size and supply-chain risk.
node_modules/typedarray/LICENSE,1565,26181ebee1063f3dc6766a3b6d05999a0da058f172eadf2ca5d15105ffd9735a,,35,DEPENDENCY_CACHE,EXCLUDE,Reinstall from package lock; publishing vendored dependencies increases size and supply-chain risk.
node_modules/typedarray/package.json,1162,622ebab64ef61f10e4dd28a099e88545c477ccf7d5aa28d2eb4462c857e76fda,.json,55,DEPENDENCY_CACHE,EXCLUDE,Reinstall from package lock; publishing vendored dependencies increases size and supply-chain risk.
node_modules/typedarray/readme.markdown,1060,5410fbc5e8028b4602959c4183d1bc5d9e8d33ed1db2010d955fa7773eb308c9,.markdown,61,DEPENDENCY_CACHE,EXCLUDE,Reinstall from package lock; publishing vendored dependencies increases size and supply-chain risk.
node_modules/typedarray/test/server/undef_globals.js,468,da096ff438f55f5b206e844a8b0a0e693dd96471f72e4672d11bd13b2f4ca502,.js,19,DEPENDENCY_CACHE,EXCLUDE,Reinstall from package lock; publishing vendored dependencies increases size and supply-chain risk.
node_modules/typedarray/test/tarray.js,217,d060847352ce8e96c47bb1069595c107805c9aba9ffe541a7a956837569b892c,.js,10,DEPENDENCY_CACHE,EXCLUDE,Reinstall from package lock; publishing vendored dependencies increases size and supply-chain risk.
node_modules/unpipe/HISTORY.md,59,6f6dc64d92c2450fd3a2fe41ca1dd3ebeb9c2321ac3c308728f5de69fe6c6fec,.md,4,DEPENDENCY_CACHE,EXCLUDE,Reinstall from package lock; publishing vendored dependencies increases size and supply-chain risk.
node_modules/unpipe/index.js,1118,69cd57b5cdd08c42410ebc0d92235e334f1fb985e6eb2dcfb1c692db674411bd,.js,69,DEPENDENCY_CACHE,EXCLUDE,Reinstall from package lock; publishing vendored dependencies increases size and supply-chain risk.
node_modules/unpipe/LICENSE,1114,1a526fbe8d8577f5a4b1c2821842b55b7c0e18862531c62ae4ce69c9b19b74b6,,22,DEPENDENCY_CACHE,EXCLUDE,Reinstall from package lock; publishing vendored dependencies increases size and supply-chain risk.
node_modules/unpipe/package.json,770,28b717f978d2a4fc72cd08236931443b63fe6586102df3d1967e2b21ea8c5e11,.json,27,DEPENDENCY_CACHE,EXCLUDE,Reinstall from package lock; publishing vendored dependencies increases size and supply-chain risk.
node_modules/unpipe/README.md,1250,b091938be61f002fc626c4dfabf66cf14ff0b5a8fa9758c9dbbdc37ab818cb5d,.md,43,DEPENDENCY_CACHE,EXCLUDE,Reinstall from package lock; publishing vendored dependencies increases size and supply-chain risk.
node_modules/util-deprecate/browser.js,1614,abaef53ebcdc98f3655331f834986a2d11b6a824f58d670369669246d1b7b69b,.js,67,DEPENDENCY_CACHE,EXCLUDE,Reinstall from package lock; publishing vendored dependencies increases size and supply-chain risk.
node_modules/util-deprecate/History.md,282,ab183ff93d075137547f9d96938185f2cd4b29ba1f4e28b29e6fbd573255968d,.md,16,DEPENDENCY_CACHE,EXCLUDE,Reinstall from package lock; publishing vendored dependencies increases size and supply-chain risk.
node_modules/util-deprecate/LICENSE,1102,0154425673db15cdfa80ecba2c9b1f1a867f7197a006764712849bfc3a93cbb7,,24,DEPENDENCY_CACHE,EXCLUDE,Reinstall from package lock; publishing vendored dependencies increases size and supply-chain risk.
node_modules/util-deprecate/node.js,123,9a86a29fa34a99b861e707345fb1d1e2e55a6c23edb8f992bed57cc607f42d8e,.js,6,DEPENDENCY_CACHE,EXCLUDE,Reinstall from package lock; publishing vendored dependencies increases size and supply-chain risk.
node_modules/util-deprecate/package.json,694,7bba467f049074957e693fc06672848b040c38fa071b6eed8690f5fbe090a8b2,.json,27,DEPENDENCY_CACHE,EXCLUDE,Reinstall from package lock; publishing vendored dependencies increases size and supply-chain risk.
node_modules/util-deprecate/README.md,1666,d30a5eca847bc6edc7b9723884def8942a66f89d12a5735dc22d1ee1216ff2ea,.md,53,DEPENDENCY_CACHE,EXCLUDE,Reinstall from package lock; publishing vendored dependencies increases size and supply-chain risk.
node_modules/utils-merge/.npmignore,79,3841a300f5ce46d39aba5e9e221b3c90d518612606930e8103f3c9ae7e784c0d,,9,DEPENDENCY_CACHE,EXCLUDE,Reinstall from package lock; publishing vendored dependencies increases size and supply-chain risk.
node_modules/utils-merge/index.js,381,ec62860d6445addffd574f640451ea92e0558b6df793b2e0f1c7175fc2ff6366,.js,23,DEPENDENCY_CACHE,EXCLUDE,Reinstall from package lock; publishing vendored dependencies increases size and supply-chain risk.
node_modules/utils-merge/LICENSE,1084,6e7d699cdd1e4fa837ba7718ea49841aa67201b449ea8b3f9cf274be15974a64,,20,DEPENDENCY_CACHE,EXCLUDE,Reinstall from package lock; publishing vendored dependencies increases size and supply-chain risk.
node_modules/utils-merge/package.json,857,6238e6d7e2fddd3e4826014b4e69cb20d332b472999728a7157db454c69121b8,.json,40,DEPENDENCY_CACHE,EXCLUDE,Reinstall from package lock; publishing vendored dependencies increases size and supply-chain risk.
node_modules/utils-merge/README.md,1319,f6672db98c83976565016569515c4fe33d8d9f0ea1f41044fcb1c91b1155fda8,.md,34,DEPENDENCY_CACHE,EXCLUDE,Reinstall from package lock; publishing vendored dependencies increases size and supply-chain risk.
node_modules/uuid/dist/cjs-browser/index.d.ts,669,badcc9d59770b91987e962f8e3ddfa1e06671b0e4c5e2738bbd002255cad3f38,.ts,15,DEPENDENCY_CACHE,EXCLUDE,Reinstall from package lock; publishing vendored dependencies increases size and supply-chain risk.
node_modules/uuid/dist/cjs-browser/index.js,2382,22b5ab1089b5c33049fda7774213bc442dcbb455b083c4b6250d9eaa3d3dca0e,.js,31,DEPENDENCY_CACHE,EXCLUDE,Reinstall from package lock; publishing vendored dependencies increases size and supply-chain risk.
node_modules/uuid/dist/cjs-browser/max.d.ts,89,6ada175c0c585e89569e8feb8ff6fc9fc443d7f9ca6340b456e0f94cbef559bf,.ts,2,DEPENDENCY_CACHE,EXCLUDE,Reinstall from package lock; publishing vendored dependencies increases size and supply-chain risk.
node_modules/uuid/dist/cjs-browser/max.js,135,d163efcf7f2dab3aac090e475d23b70f55e17d7d9857b62b2b5376b04a01d78c,.js,3,DEPENDENCY_CACHE,EXCLUDE,Reinstall from package lock; publishing vendored dependencies increases size and supply-chain risk.
node_modules/uuid/dist/cjs-browser/md5.d.ts,73,3d0c4240e03f66fc182842870b015a1621c8e1a512d3cf9f54335427ac0b0f26,.ts,2,DEPENDENCY_CACHE,EXCLUDE,Reinstall from package lock; publishing vendored dependencies increases size and supply-chain risk.
node_modules/uuid/dist/cjs-browser/md5.js,5852,8a6f91e5417fb15267144cdccc2cc2d2fde34f4c75ef189fb7003e3da47a2657,.js,137,DEPENDENCY_CACHE,EXCLUDE,Reinstall from package lock; publishing vendored dependencies increases size and supply-chain risk.
node_modules/uuid/dist/cjs-browser/native.d.ts,139,70bcbc7c5e6c575eb4e289889c38915e2890bac342bc5b5200959e8cba158e7f,.ts,4,DEPENDENCY_CACHE,EXCLUDE,Reinstall from package lock; publishing vendored dependencies increases size and supply-chain risk.
node_modules/uuid/dist/cjs-browser/native.js,216,6fe54016411b3aa36f1c57df146e0177b2609dbac521375988cd1f5dd3c8d404,.js,4,DEPENDENCY_CACHE,EXCLUDE,Reinstall from package lock; publishing vendored dependencies increases size and supply-chain risk.
node_modules/uuid/dist/cjs-browser/nil.d.ts,89,e56e4d95fad615c97eb0ae39c329a4cda9c0af178273a9173676cc9b14b58520,.ts,2,DEPENDENCY_CACHE,EXCLUDE,Reinstall from package lock; publishing vendored dependencies increases size and supply-chain risk.
node_modules/uuid/dist/cjs-browser/nil.js,135,6565dd5b2084d594da0ed0d37f31499b6cdc55ca73ba6c46dd8417efcb558932,.js,3,DEPENDENCY_CACHE,EXCLUDE,Reinstall from package lock; publishing vendored dependencies increases size and supply-chain risk.
node_modules/uuid/dist/cjs-browser/package.json,20,dbf8353f77358bc12169b7bb7301e1978d5b503e002ee927229a8993672818fc,.json,1,DEPENDENCY_CACHE,EXCLUDE,Reinstall from package lock; publishing vendored dependencies increases size and supply-chain risk.
node_modules/uuid/dist/cjs-browser/parse.d.ts,72,73e8dfd5e7d2abc18bdb5c5873e64dbdd1082408dd1921cad6ff7130d8339334,.ts,2,DEPENDENCY_CACHE,EXCLUDE,Reinstall from package lock; publishing vendored dependencies increases size and supply-chain risk.
node_modules/uuid/dist/cjs-browser/parse.js,720,59be9952d92d9939a08cd89d769336116716ea45148fb169010d9d00d0147d6f,.js,11,DEPENDENCY_CACHE,EXCLUDE,Reinstall from package lock; publishing vendored dependencies increases size and supply-chain risk.
node_modules/uuid/dist/cjs-browser/regex.d.ts,57,f972c1a3ed268843b93ccca541c48a3265ced25031ce6bef2fe1f9de10c4d345,.ts,2,DEPENDENCY_CACHE,EXCLUDE,Reinstall from package lock; publishing vendored dependencies increases size and supply-chain risk.
node_modules/uuid/dist/cjs-browser/regex.js,251,2f77679506ef5d2770f7a5889fc724f9cb6ea265f2316654f8ba0d2fab200b67,.js,3,DEPENDENCY_CACHE,EXCLUDE,Reinstall from package lock; publishing vendored dependencies increases size and supply-chain risk.
node_modules/uuid/dist/cjs-browser/rng.d.ts,43,43b8bf0182f6c141c27b92470c429aa455ea9613e7ff8ca6f157efb94ea16375,.ts,1,DEPENDENCY_CACHE,EXCLUDE,Reinstall from package lock; publishing vendored dependencies increases size and supply-chain risk.
node_modules/uuid/dist/cjs-browser/rng.js,525,f4e9b595f0c9d739ac6e6d0dddbaba19dfaf1ac468bbc8f6095c57c1cda34b57,.js,14,DEPENDENCY_CACHE,EXCLUDE,Reinstall from package lock; publishing vendored dependencies increases size and supply-chain risk.
node_modules/uuid/dist/cjs-browser/sha1.d.ts,75,b3c0b2e75f331b8a2deaae04bd2695d59952cfe43e324a51e1e2ad41f74ce7c2,.ts,2,DEPENDENCY_CACHE,EXCLUDE,Reinstall from package lock; publishing vendored dependencies increases size and supply-chain risk.
node_modules/uuid/dist/cjs-browser/sha1.js,2431,afb8823f62c6e55f592a415d3ab3f6e9997d5d38cbec8cfb077ae397e9c377da,.js,72,DEPENDENCY_CACHE,EXCLUDE,Reinstall from package lock; publishing vendored dependencies increases size and supply-chain risk.
node_modules/uuid/dist/cjs-browser/stringify.d.ts,179,fc820b2f0c21501f51f79b58a21d3fa7ae5659fc1812784dbfbb72af147659ee,.ts,3,DEPENDENCY_CACHE,EXCLUDE,Reinstall from package lock; publishing vendored dependencies increases size and supply-chain risk.
node_modules/uuid/dist/cjs-browser/stringify.js,1271,154caa4a1bef53d3bb336c0451bd42c87b38bed56bbd32c51ff09d25664251cb,.js,39,DEPENDENCY_CACHE,EXCLUDE,Reinstall from package lock; publishing vendored dependencies increases size and supply-chain risk.
node_modules/uuid/dist/cjs-browser/types.d.ts,531,cff399d99c68e4fafdd5835d443a980622267a39ac6f3f59b9e3d60d60c4f133,.ts,21,DEPENDENCY_CACHE,EXCLUDE,Reinstall from package lock; publishing vendored dependencies increases size and supply-chain risk.
node_modules/uuid/dist/cjs-browser/types.js,77,d43aa81f5bc89faa359e0f97c814ba25155591ff078fbb9bfd40f8c7c9683230,.js,2,DEPENDENCY_CACHE,EXCLUDE,Reinstall from package lock; publishing vendored dependencies increases size and supply-chain risk.
node_modules/uuid/dist/cjs-browser/uuid-bin.d.ts,11,8e609bb71c20b858c77f0e9f90bb1319db8477b13f9f965f1a1e18524bf50881,.ts,1,DEPENDENCY_CACHE,EXCLUDE,Reinstall from package lock; publishing vendored dependencies increases size and supply-chain risk.
node_modules/uuid/dist/cjs-browser/uuid-bin.js,2256,ceb9ce9ab227beb22625b874783f598f48ef70a117f306e2e7ba641c9237a316,.js,72,DEPENDENCY_CACHE,EXCLUDE,Reinstall from package lock; publishing vendored dependencies increases size and supply-chain risk.
node_modules/uuid/dist/cjs-browser/v1.d.ts,484,4f041ef66167b5f9c73101e5fd8468774b09429932067926f9b2960cc3e4f99d,.ts,11,DEPENDENCY_CACHE,EXCLUDE,Reinstall from package lock; publishing vendored dependencies increases size and supply-chain risk.
node_modules/uuid/dist/cjs-browser/v1.js,2893,ab103eb50addc408f0e773ee1e112e61ff10e8bf4fff54a1ce6d58c03cb6809d,.js,87,DEPENDENCY_CACHE,EXCLUDE,Reinstall from package lock; publishing vendored dependencies increases size and supply-chain risk.
node_modules/uuid/dist/cjs-browser/v1ToV6.d.ts,116,31501b8fc4279e78f6a05ca35e365e73c0b0c57d06dbe8faecb10c7254ce7714,.ts,2,DEPENDENCY_CACHE,EXCLUDE,Reinstall from package lock; publishing vendored dependencies increases size and supply-chain risk.
node_modules/uuid/dist/cjs-browser/v1ToV6.js,978,104bb70bb256d18d3a25fb392462296f0440a0f3e0dd6d3d5f6600eddb312692,.js,13,DEPENDENCY_CACHE,EXCLUDE,Reinstall from package lock; publishing vendored dependencies increases size and supply-chain risk.
node_modules/uuid/dist/cjs-browser/v3.d.ts,419,ff4e9db3eb1e95d7ba4b5765e4dc7f512b90fb3b588adfd5ca9b0d9d7a56a1ae,.ts,9,DEPENDENCY_CACHE,EXCLUDE,Reinstall from package lock; publishing vendored dependencies increases size and supply-chain risk.
node_modules/uuid/dist/cjs-browser/v3.js,637,8a2536068ae46c8de0bf92285ae2042907cc48036fe16221394960ff502d8a29,.js,14,DEPENDENCY_CACHE,EXCLUDE,Reinstall from package lock; publishing vendored dependencies increases size and supply-chain risk.
node_modules/uuid/dist/cjs-browser/v35.d.ts,509,7bc76e7d4bbe3764abaf054aed3a622c5cdbac694e474050d71ce9d4ab93ea4b,.ts,7,DEPENDENCY_CACHE,EXCLUDE,Reinstall from package lock; publishing vendored dependencies increases size and supply-chain risk.
node_modules/uuid/dist/cjs-browser/v35.js,1744,9691294997fec5c0ebefbabef0f81413932f23d49a89fb03d44ae98e8d27a155,.js,44,DEPENDENCY_CACHE,EXCLUDE,Reinstall from package lock; publishing vendored dependencies increases size and supply-chain risk.
node_modules/uuid/dist/cjs-browser/v4.d.ts,286,f205fd03cd15ea054f7006b7ef8378ef29c315149da0726f4928d291e7dce7b9,.ts,4,DEPENDENCY_CACHE,EXCLUDE,Reinstall from package lock; publishing vendored dependencies increases size and supply-chain risk.
node_modules/uuid/dist/cjs-browser/v4.js,1047,6b50a22ef711d3028fa7231543d10f44c7bc07cf55913e027f24aa153cc1ac5d,.js,29,DEPENDENCY_CACHE,EXCLUDE,Reinstall from package lock; publishing vendored dependencies increases size and supply-chain risk.
node_modules/uuid/dist/cjs-browser/v5.d.ts,419,d683908557d53abeb1b94747e764b3bd6b6226273514b96a942340e9ce4b7be7,.ts,9,DEPENDENCY_CACHE,EXCLUDE,Reinstall from package lock; publishing vendored dependencies increases size and supply-chain risk.
node_modules/uuid/dist/cjs-browser/v5.js,640,3af0404ae46e84fb34b0e2ccedac1595f0a6f8f609572fb4304da377625ead6f,.js,14,DEPENDENCY_CACHE,EXCLUDE,Reinstall from package lock; publishing vendored dependencies increases size and supply-chain risk.
node_modules/uuid/dist/cjs-browser/v6.d.ts,286,7c6d5704e2f236fddaf8dbe9131d998a4f5132609ef795b78c3b63f46317f88a,.ts,4,DEPENDENCY_CACHE,EXCLUDE,Reinstall from package lock; publishing vendored dependencies increases size and supply-chain risk.
node_modules/uuid/dist/cjs-browser/v6.js,786,eb3c940e0c2de0c7cc9fdb7487fff7d5b041cb8cf4c2a20bc115385cafc27d2f,.js,22,DEPENDENCY_CACHE,EXCLUDE,Reinstall from package lock; publishing vendored dependencies increases size and supply-chain risk.
node_modules/uuid/dist/cjs-browser/v6ToV1.d.ts,116,d05bd4d28c12545827349b0ac3a79c50658d68147dad38d13e97e22353544496,.ts,2,DEPENDENCY_CACHE,EXCLUDE,Reinstall from package lock; publishing vendored dependencies increases size and supply-chain risk.
node_modules/uuid/dist/cjs-browser/v6ToV1.js,978,fde1e8251afa5b782b903bae7b17b410819c3e8421460b6fffeec399fc6cf086,.js,13,DEPENDENCY_CACHE,EXCLUDE,Reinstall from package lock; publishing vendored dependencies increases size and supply-chain risk.
node_modules/uuid/dist/cjs-browser/v7.d.ts,439,b6436d90a5487d9b3c3916b939f68e43f7eaca4b0bb305d897d5124180a122b9,.ts,9,DEPENDENCY_CACHE,EXCLUDE,Reinstall from package lock; publishing vendored dependencies increases size and supply-chain risk.
node_modules/uuid/dist/cjs-browser/v7.js,2339,e9f3c349fb16ad9fa90fd5de40edb492ea0ee02d003fe0719d198f4dfcbd992f,.js,69,DEPENDENCY_CACHE,EXCLUDE,Reinstall from package lock; publishing vendored dependencies increases size and supply-chain risk.
node_modules/uuid/dist/cjs-browser/validate.d.ts,76,04ace6bedd6f59c30ea6df1f0f8d432c728c8bc5c5fd0c5c1c80242d3ab51977,.ts,2,DEPENDENCY_CACHE,EXCLUDE,Reinstall from package lock; publishing vendored dependencies increases size and supply-chain risk.
node_modules/uuid/dist/cjs-browser/validate.js,245,da5822aa41665cdf2ddd41dbef18fd9d78c48ec819c18a707a73c15c7f6254ea,.js,7,DEPENDENCY_CACHE,EXCLUDE,Reinstall from package lock; publishing vendored dependencies increases size and supply-chain risk.
node_modules/uuid/dist/cjs-browser/version.d.ts,72,57a8a7772769c35ba7b4b1ba125f0812deec5c7102a0d04d9e15b1d22880c9e8,.ts,2,DEPENDENCY_CACHE,EXCLUDE,Reinstall from package lock; publishing vendored dependencies increases size and supply-chain risk.
node_modules/uuid/dist/cjs-browser/version.js,316,850710c3f67fa6177066ba792ddaa865a98c83516ebb3a34f4ad269a5f3c0346,.js,10,DEPENDENCY_CACHE,EXCLUDE,Reinstall from package lock; publishing vendored dependencies increases size and supply-chain risk.
node_modules/uuid/dist/cjs/index.d.ts,669,badcc9d59770b91987e962f8e3ddfa1e06671b0e4c5e2738bbd002255cad3f38,.ts,15,DEPENDENCY_CACHE,EXCLUDE,Reinstall from package lock; publishing vendored dependencies increases size and supply-chain risk.
node_modules/uuid/dist/cjs/index.js,2382,22b5ab1089b5c33049fda7774213bc442dcbb455b083c4b6250d9eaa3d3dca0e,.js,31,DEPENDENCY_CACHE,EXCLUDE,Reinstall from package lock; publishing vendored dependencies increases size and supply-chain risk.
node_modules/uuid/dist/cjs/max.d.ts,89,6ada175c0c585e89569e8feb8ff6fc9fc443d7f9ca6340b456e0f94cbef559bf,.ts,2,DEPENDENCY_CACHE,EXCLUDE,Reinstall from package lock; publishing vendored dependencies increases size and supply-chain risk.
node_modules/uuid/dist/cjs/max.js,135,d163efcf7f2dab3aac090e475d23b70f55e17d7d9857b62b2b5376b04a01d78c,.js,3,DEPENDENCY_CACHE,EXCLUDE,Reinstall from package lock; publishing vendored dependencies increases size and supply-chain risk.
node_modules/uuid/dist/cjs/md5.d.ts,131,6c5e48874d739800891173d98f8fa6d49762d46b412300cf78d875f20c19d4d1,.ts,4,DEPENDENCY_CACHE,EXCLUDE,Reinstall from package lock; publishing vendored dependencies increases size and supply-chain risk.
node_modules/uuid/dist/cjs/md5.js,393,c390019956471f76354d75b61701a4710e096377b89cadef354fe6ba0ce8bee2,.js,13,DEPENDENCY_CACHE,EXCLUDE,Reinstall from package lock; publishing vendored dependencies increases size and supply-chain risk.
node_modules/uuid/dist/cjs/native.d.ts,157,8f8088eaf8cb36a3c0edeccbc8ba4032f2e36608b114a3e688d05d0bb9fe9167,.ts,6,DEPENDENCY_CACHE,EXCLUDE,Reinstall from package lock; publishing vendored dependencies increases size and supply-chain risk.
node_modules/uuid/dist/cjs/native.js,168,951f4974e6f2ddeac9e02133b73c742e106f895e7efeac3e32cb36f630f23450,.js,4,DEPENDENCY_CACHE,EXCLUDE,Reinstall from package lock; publishing vendored dependencies increases size and supply-chain risk.
node_modules/uuid/dist/cjs/nil.d.ts,89,e56e4d95fad615c97eb0ae39c329a4cda9c0af178273a9173676cc9b14b58520,.ts,2,DEPENDENCY_CACHE,EXCLUDE,Reinstall from package lock; publishing vendored dependencies increases size and supply-chain risk.
node_modules/uuid/dist/cjs/nil.js,135,6565dd5b2084d594da0ed0d37f31499b6cdc55ca73ba6c46dd8417efcb558932,.js,3,DEPENDENCY_CACHE,EXCLUDE,Reinstall from package lock; publishing vendored dependencies increases size and supply-chain risk.
node_modules/uuid/dist/cjs/package.json,20,dbf8353f77358bc12169b7bb7301e1978d5b503e002ee927229a8993672818fc,.json,1,DEPENDENCY_CACHE,EXCLUDE,Reinstall from package lock; publishing vendored dependencies increases size and supply-chain risk.
node_modules/uuid/dist/cjs/parse.d.ts,72,73e8dfd5e7d2abc18bdb5c5873e64dbdd1082408dd1921cad6ff7130d8339334,.ts,2,DEPENDENCY_CACHE,EXCLUDE,Reinstall from package lock; publishing vendored dependencies increases size and supply-chain risk.
node_modules/uuid/dist/cjs/parse.js,720,59be9952d92d9939a08cd89d769336116716ea45148fb169010d9d00d0147d6f,.js,11,DEPENDENCY_CACHE,EXCLUDE,Reinstall from package lock; publishing vendored dependencies increases size and supply-chain risk.
node_modules/uuid/dist/cjs/regex.d.ts,57,f972c1a3ed268843b93ccca541c48a3265ced25031ce6bef2fe1f9de10c4d345,.ts,2,DEPENDENCY_CACHE,EXCLUDE,Reinstall from package lock; publishing vendored dependencies increases size and supply-chain risk.
node_modules/uuid/dist/cjs/regex.js,251,2f77679506ef5d2770f7a5889fc724f9cb6ea265f2316654f8ba0d2fab200b67,.js,3,DEPENDENCY_CACHE,EXCLUDE,Reinstall from package lock; publishing vendored dependencies increases size and supply-chain risk.
node_modules/uuid/dist/cjs/rng.d.ts,43,43b8bf0182f6c141c27b92470c429aa455ea9613e7ff8ca6f157efb94ea16375,.ts,1,DEPENDENCY_CACHE,EXCLUDE,Reinstall from package lock; publishing vendored dependencies increases size and supply-chain risk.
node_modules/uuid/dist/cjs/rng.js,399,8a1485ba1fe28d4d6ca5b41a30b522da73b3b9e566e8798de29a1fcd5e9d2ec2,.js,13,DEPENDENCY_CACHE,EXCLUDE,Reinstall from package lock; publishing vendored dependencies increases size and supply-chain risk.
node_modules/uuid/dist/cjs/sha1.d.ts,133,e61542c6f4b0164a579a57d2bddc684806d79d206c25bf2b1f04a9dfa8839d4a,.ts,4,DEPENDENCY_CACHE,EXCLUDE,Reinstall from package lock; publishing vendored dependencies increases size and supply-chain risk.
node_modules/uuid/dist/cjs/sha1.js,396,82007a13729350dfeec44bdcbe299e5e9fd1ed7567e3d799f797bd84d0e5f4f7,.js,13,DEPENDENCY_CACHE,EXCLUDE,Reinstall from package lock; publishing vendored dependencies increases size and supply-chain risk.
node_modules/uuid/dist/cjs/stringify.d.ts,179,fc820b2f0c21501f51f79b58a21d3fa7ae5659fc1812784dbfbb72af147659ee,.ts,3,DEPENDENCY_CACHE,EXCLUDE,Reinstall from package lock; publishing vendored dependencies increases size and supply-chain risk.
node_modules/uuid/dist/cjs/stringify.js,1271,154caa4a1bef53d3bb336c0451bd42c87b38bed56bbd32c51ff09d25664251cb,.js,39,DEPENDENCY_CACHE,EXCLUDE,Reinstall from package lock; publishing vendored dependencies increases size and supply-chain risk.
node_modules/uuid/dist/cjs/types.d.ts,531,cff399d99c68e4fafdd5835d443a980622267a39ac6f3f59b9e3d60d60c4f133,.ts,21,DEPENDENCY_CACHE,EXCLUDE,Reinstall from package lock; publishing vendored dependencies increases size and supply-chain risk.
node_modules/uuid/dist/cjs/types.js,77,d43aa81f5bc89faa359e0f97c814ba25155591ff078fbb9bfd40f8c7c9683230,.js,2,DEPENDENCY_CACHE,EXCLUDE,Reinstall from package lock; publishing vendored dependencies increases size and supply-chain risk.
node_modules/uuid/dist/cjs/uuid-bin.d.ts,11,8e609bb71c20b858c77f0e9f90bb1319db8477b13f9f965f1a1e18524bf50881,.ts,1,DEPENDENCY_CACHE,EXCLUDE,Reinstall from package lock; publishing vendored dependencies increases size and supply-chain risk.
node_modules/uuid/dist/cjs/uuid-bin.js,2256,ceb9ce9ab227beb22625b874783f598f48ef70a117f306e2e7ba641c9237a316,.js,72,DEPENDENCY_CACHE,EXCLUDE,Reinstall from package lock; publishing vendored dependencies increases size and supply-chain risk.
node_modules/uuid/dist/cjs/v1.d.ts,484,4f041ef66167b5f9c73101e5fd8468774b09429932067926f9b2960cc3e4f99d,.ts,11,DEPENDENCY_CACHE,EXCLUDE,Reinstall from package lock; publishing vendored dependencies increases size and supply-chain risk.
node_modules/uuid/dist/cjs/v1.js,2893,ab103eb50addc408f0e773ee1e112e61ff10e8bf4fff54a1ce6d58c03cb6809d,.js,87,DEPENDENCY_CACHE,EXCLUDE,Reinstall from package lock; publishing vendored dependencies increases size and supply-chain risk.
node_modules/uuid/dist/cjs/v1ToV6.d.ts,116,31501b8fc4279e78f6a05ca35e365e73c0b0c57d06dbe8faecb10c7254ce7714,.ts,2,DEPENDENCY_CACHE,EXCLUDE,Reinstall from package lock; publishing vendored dependencies increases size and supply-chain risk.
node_modules/uuid/dist/cjs/v1ToV6.js,978,104bb70bb256d18d3a25fb392462296f0440a0f3e0dd6d3d5f6600eddb312692,.js,13,DEPENDENCY_CACHE,EXCLUDE,Reinstall from package lock; publishing vendored dependencies increases size and supply-chain risk.
node_modules/uuid/dist/cjs/v3.d.ts,419,ff4e9db3eb1e95d7ba4b5765e4dc7f512b90fb3b588adfd5ca9b0d9d7a56a1ae,.ts,9,DEPENDENCY_CACHE,EXCLUDE,Reinstall from package lock; publishing vendored dependencies increases size and supply-chain risk.
node_modules/uuid/dist/cjs/v3.js,637,8a2536068ae46c8de0bf92285ae2042907cc48036fe16221394960ff502d8a29,.js,14,DEPENDENCY_CACHE,EXCLUDE,Reinstall from package lock; publishing vendored dependencies increases size and supply-chain risk.
node_modules/uuid/dist/cjs/v35.d.ts,509,7bc76e7d4bbe3764abaf054aed3a622c5cdbac694e474050d71ce9d4ab93ea4b,.ts,7,DEPENDENCY_CACHE,EXCLUDE,Reinstall from package lock; publishing vendored dependencies increases size and supply-chain risk.
node_modules/uuid/dist/cjs/v35.js,1744,9691294997fec5c0ebefbabef0f81413932f23d49a89fb03d44ae98e8d27a155,.js,44,DEPENDENCY_CACHE,EXCLUDE,Reinstall from package lock; publishing vendored dependencies increases size and supply-chain risk.
node_modules/uuid/dist/cjs/v4.d.ts,286,f205fd03cd15ea054f7006b7ef8378ef29c315149da0726f4928d291e7dce7b9,.ts,4,DEPENDENCY_CACHE,EXCLUDE,Reinstall from package lock; publishing vendored dependencies increases size and supply-chain risk.
node_modules/uuid/dist/cjs/v4.js,1047,6b50a22ef711d3028fa7231543d10f44c7bc07cf55913e027f24aa153cc1ac5d,.js,29,DEPENDENCY_CACHE,EXCLUDE,Reinstall from package lock; publishing vendored dependencies increases size and supply-chain risk.
node_modules/uuid/dist/cjs/v5.d.ts,419,d683908557d53abeb1b94747e764b3bd6b6226273514b96a942340e9ce4b7be7,.ts,9,DEPENDENCY_CACHE,EXCLUDE,Reinstall from package lock; publishing vendored dependencies increases size and supply-chain risk.
node_modules/uuid/dist/cjs/v5.js,640,3af0404ae46e84fb34b0e2ccedac1595f0a6f8f609572fb4304da377625ead6f,.js,14,DEPENDENCY_CACHE,EXCLUDE,Reinstall from package lock; publishing vendored dependencies increases size and supply-chain risk.
node_modules/uuid/dist/cjs/v6.d.ts,286,7c6d5704e2f236fddaf8dbe9131d998a4f5132609ef795b78c3b63f46317f88a,.ts,4,DEPENDENCY_CACHE,EXCLUDE,Reinstall from package lock; publishing vendored dependencies increases size and supply-chain risk.
node_modules/uuid/dist/cjs/v6.js,786,eb3c940e0c2de0c7cc9fdb7487fff7d5b041cb8cf4c2a20bc115385cafc27d2f,.js,22,DEPENDENCY_CACHE,EXCLUDE,Reinstall from package lock; publishing vendored dependencies increases size and supply-chain risk.
node_modules/uuid/dist/cjs/v6ToV1.d.ts,116,d05bd4d28c12545827349b0ac3a79c50658d68147dad38d13e97e22353544496,.ts,2,DEPENDENCY_CACHE,EXCLUDE,Reinstall from package lock; publishing vendored dependencies increases size and supply-chain risk.
node_modules/uuid/dist/cjs/v6ToV1.js,978,fde1e8251afa5b782b903bae7b17b410819c3e8421460b6fffeec399fc6cf086,.js,13,DEPENDENCY_CACHE,EXCLUDE,Reinstall from package lock; publishing vendored dependencies increases size and supply-chain risk.
node_modules/uuid/dist/cjs/v7.d.ts,439,b6436d90a5487d9b3c3916b939f68e43f7eaca4b0bb305d897d5124180a122b9,.ts,9,DEPENDENCY_CACHE,EXCLUDE,Reinstall from package lock; publishing vendored dependencies increases size and supply-chain risk.
node_modules/uuid/dist/cjs/v7.js,2339,e9f3c349fb16ad9fa90fd5de40edb492ea0ee02d003fe0719d198f4dfcbd992f,.js,69,DEPENDENCY_CACHE,EXCLUDE,Reinstall from package lock; publishing vendored dependencies increases size and supply-chain risk.
node_modules/uuid/dist/cjs/validate.d.ts,76,04ace6bedd6f59c30ea6df1f0f8d432c728c8bc5c5fd0c5c1c80242d3ab51977,.ts,2,DEPENDENCY_CACHE,EXCLUDE,Reinstall from package lock; publishing vendored dependencies increases size and supply-chain risk.
node_modules/uuid/dist/cjs/validate.js,245,da5822aa41665cdf2ddd41dbef18fd9d78c48ec819c18a707a73c15c7f6254ea,.js,7,DEPENDENCY_CACHE,EXCLUDE,Reinstall from package lock; publishing vendored dependencies increases size and supply-chain risk.
node_modules/uuid/dist/cjs/version.d.ts,72,57a8a7772769c35ba7b4b1ba125f0812deec5c7102a0d04d9e15b1d22880c9e8,.ts,2,DEPENDENCY_CACHE,EXCLUDE,Reinstall from package lock; publishing vendored dependencies increases size and supply-chain risk.
node_modules/uuid/dist/cjs/version.js,316,850710c3f67fa6177066ba792ddaa865a98c83516ebb3a34f4ad269a5f3c0346,.js,10,DEPENDENCY_CACHE,EXCLUDE,Reinstall from package lock; publishing vendored dependencies increases size and supply-chain risk.
node_modules/uuid/dist/esm-browser/index.d.ts,669,badcc9d59770b91987e962f8e3ddfa1e06671b0e4c5e2738bbd002255cad3f38,.ts,15,DEPENDENCY_CACHE,EXCLUDE,Reinstall from package lock; publishing vendored dependencies increases size and supply-chain risk.
node_modules/uuid/dist/esm-browser/index.js,636,65e9fae8f22278e6c9ac5b016dbe1ead01b8014f66ce08a807741885d4bf01f1,.js,14,DEPENDENCY_CACHE,EXCLUDE,Reinstall from package lock; publishing vendored dependencies increases size and supply-chain risk.
node_modules/uuid/dist/esm-browser/max.d.ts,89,6ada175c0c585e89569e8feb8ff6fc9fc443d7f9ca6340b456e0f94cbef559bf,.ts,2,DEPENDENCY_CACHE,EXCLUDE,Reinstall from package lock; publishing vendored dependencies increases size and supply-chain risk.
node_modules/uuid/dist/esm-browser/max.js,55,8f81a7b2a5f8704ea1b4e8f83d36659856fdf3d122b2bd16fe1b5c47c97b6ffa,.js,1,DEPENDENCY_CACHE,EXCLUDE,Reinstall from package lock; publishing vendored dependencies increases size and supply-chain risk.
node_modules/uuid/dist/esm-browser/md5.d.ts,73,3d0c4240e03f66fc182842870b015a1621c8e1a512d3cf9f54335427ac0b0f26,.ts,2,DEPENDENCY_CACHE,EXCLUDE,Reinstall from package lock; publishing vendored dependencies increases size and supply-chain risk.
node_modules/uuid/dist/esm-browser/md5.js,5772,15784bb25da507dd4645984534ff773c6181ab58eb7d71023f538318c957eca3,.js,135,DEPENDENCY_CACHE,EXCLUDE,Reinstall from package lock; publishing vendored dependencies increases size and supply-chain risk.
node_modules/uuid/dist/esm-browser/native.d.ts,139,70bcbc7c5e6c575eb4e289889c38915e2890bac342bc5b5200959e8cba158e7f,.ts,4,DEPENDENCY_CACHE,EXCLUDE,Reinstall from package lock; publishing vendored dependencies increases size and supply-chain risk.
node_modules/uuid/dist/esm-browser/native.js,136,b6dfd1a72e81f1528c37a4ca8eb2e085d42c353dc098f610a18cd66358d8bb39,.js,2,DEPENDENCY_CACHE,EXCLUDE,Reinstall from package lock; publishing vendored dependencies increases size and supply-chain risk.
node_modules/uuid/dist/esm-browser/nil.d.ts,89,e56e4d95fad615c97eb0ae39c329a4cda9c0af178273a9173676cc9b14b58520,.ts,2,DEPENDENCY_CACHE,EXCLUDE,Reinstall from package lock; publishing vendored dependencies increases size and supply-chain risk.
node_modules/uuid/dist/esm-browser/nil.js,55,a6f8ac293df0b75af2946e5190d8f00336b826bb1340b96d669a09beb8885ff8,.js,1,DEPENDENCY_CACHE,EXCLUDE,Reinstall from package lock; publishing vendored dependencies increases size and supply-chain risk.
node_modules/uuid/dist/esm-browser/parse.d.ts,72,73e8dfd5e7d2abc18bdb5c5873e64dbdd1082408dd1921cad6ff7130d8339334,.ts,2,DEPENDENCY_CACHE,EXCLUDE,Reinstall from package lock; publishing vendored dependencies increases size and supply-chain risk.
node_modules/uuid/dist/esm-browser/parse.js,612,a383f50a691c05533a40bbb4a87f718daa050abbc96debc9715efdc74d8538b4,.js,9,DEPENDENCY_CACHE,EXCLUDE,Reinstall from package lock; publishing vendored dependencies increases size and supply-chain risk.
node_modules/uuid/dist/esm-browser/regex.d.ts,57,f972c1a3ed268843b93ccca541c48a3265ced25031ce6bef2fe1f9de10c4d345,.ts,2,DEPENDENCY_CACHE,EXCLUDE,Reinstall from package lock; publishing vendored dependencies increases size and supply-chain risk.
node_modules/uuid/dist/esm-browser/regex.js,171,774bc4bc767a58458dfdd252430d96b71b3d380ac241b50df6cb757aaa1b4783,.js,1,DEPENDENCY_CACHE,EXCLUDE,Reinstall from package lock; publishing vendored dependencies increases size and supply-chain risk.
node_modules/uuid/dist/esm-browser/rng.d.ts,43,43b8bf0182f6c141c27b92470c429aa455ea9613e7ff8ca6f157efb94ea16375,.ts,1,DEPENDENCY_CACHE,EXCLUDE,Reinstall from package lock; publishing vendored dependencies increases size and supply-chain risk.
node_modules/uuid/dist/esm-browser/rng.js,440,c77577812df80cdfd9401a90736a3f4fcf428bd85219ea0977d515949e2cfb18,.js,11,DEPENDENCY_CACHE,EXCLUDE,Reinstall from package lock; publishing vendored dependencies increases size and supply-chain risk.
node_modules/uuid/dist/esm-browser/sha1.d.ts,75,b3c0b2e75f331b8a2deaae04bd2695d59952cfe43e324a51e1e2ad41f74ce7c2,.ts,2,DEPENDENCY_CACHE,EXCLUDE,Reinstall from package lock; publishing vendored dependencies increases size and supply-chain risk.
node_modules/uuid/dist/esm-browser/sha1.js,2351,417afd0d7f9695f9b6facf84fbe17bd8e9cb1eed04893ecf1e0c241d13a622d2,.js,70,DEPENDENCY_CACHE,EXCLUDE,Reinstall from package lock; publishing vendored dependencies increases size and supply-chain risk.
node_modules/uuid/dist/esm-browser/stringify.d.ts,179,fc820b2f0c21501f51f79b58a21d3fa7ae5659fc1812784dbfbb72af147659ee,.ts,3,DEPENDENCY_CACHE,EXCLUDE,Reinstall from package lock; publishing vendored dependencies increases size and supply-chain risk.
node_modules/uuid/dist/esm-browser/stringify.js,1093,bb592b599f2b00be6ca9fb2ac2fb7350abf3a6e6e274201cf6865c8c15e52b6a,.js,35,DEPENDENCY_CACHE,EXCLUDE,Reinstall from package lock; publishing vendored dependencies increases size and supply-chain risk.
node_modules/uuid/dist/esm-browser/types.d.ts,531,cff399d99c68e4fafdd5835d443a980622267a39ac6f3f59b9e3d60d60c4f133,.ts,21,DEPENDENCY_CACHE,EXCLUDE,Reinstall from package lock; publishing vendored dependencies increases size and supply-chain risk.
node_modules/uuid/dist/esm-browser/types.js,11,8e609bb71c20b858c77f0e9f90bb1319db8477b13f9f965f1a1e18524bf50881,.js,1,DEPENDENCY_CACHE,EXCLUDE,Reinstall from package lock; publishing vendored dependencies increases size and supply-chain risk.
node_modules/uuid/dist/esm-browser/uuid-bin.d.ts,11,8e609bb71c20b858c77f0e9f90bb1319db8477b13f9f965f1a1e18524bf50881,.ts,1,DEPENDENCY_CACHE,EXCLUDE,Reinstall from package lock; publishing vendored dependencies increases size and supply-chain risk.
node_modules/uuid/dist/esm-browser/uuid-bin.js,1959,daa130ca926ffac9d538d47e82c7b9bbbd894006ab8a90dead255c21c58233cb,.js,70,DEPENDENCY_CACHE,EXCLUDE,Reinstall from package lock; publishing vendored dependencies increases size and supply-chain risk.
node_modules/uuid/dist/esm-browser/v1.d.ts,484,4f041ef66167b5f9c73101e5fd8468774b09429932067926f9b2960cc3e4f99d,.ts,11,DEPENDENCY_CACHE,EXCLUDE,Reinstall from package lock; publishing vendored dependencies increases size and supply-chain risk.
node_modules/uuid/dist/esm-browser/v1.js,2683,a3cd1c783a64f6e010af00593ac8e7e28c127a5e63266da4809b5687f1a081aa,.js,83,DEPENDENCY_CACHE,EXCLUDE,Reinstall from package lock; publishing vendored dependencies increases size and supply-chain risk.
node_modules/uuid/dist/esm-browser/v1ToV6.d.ts,116,31501b8fc4279e78f6a05ca35e365e73c0b0c57d06dbe8faecb10c7254ce7714,.ts,2,DEPENDENCY_CACHE,EXCLUDE,Reinstall from package lock; publishing vendored dependencies increases size and supply-chain risk.
node_modules/uuid/dist/esm-browser/v1ToV6.js,842,f0a2d19ee0d4398607808fcfc3eebeb1ea7af08a0c17d71d42fc612f97241a3f,.js,10,DEPENDENCY_CACHE,EXCLUDE,Reinstall from package lock; publishing vendored dependencies increases size and supply-chain risk.
node_modules/uuid/dist/esm-browser/v3.d.ts,419,ff4e9db3eb1e95d7ba4b5765e4dc7f512b90fb3b588adfd5ca9b0d9d7a56a1ae,.ts,9,DEPENDENCY_CACHE,EXCLUDE,Reinstall from package lock; publishing vendored dependencies increases size and supply-chain risk.
node_modules/uuid/dist/esm-browser/v3.js,259,3b65ad31501886af057e13aeec03afedc54f1f85cc8d332b0eb89800b11fbce4,.js,9,DEPENDENCY_CACHE,EXCLUDE,Reinstall from package lock; publishing vendored dependencies increases size and supply-chain risk.
node_modules/uuid/dist/esm-browser/v35.d.ts,509,7bc76e7d4bbe3764abaf054aed3a622c5cdbac694e474050d71ce9d4ab93ea4b,.ts,7,DEPENDENCY_CACHE,EXCLUDE,Reinstall from package lock; publishing vendored dependencies increases size and supply-chain risk.
node_modules/uuid/dist/esm-browser/v35.js,1511,cd9bdff5aca247c93c0c7bfa3bddbd022076aebb8759ca00004dc980f38901d8,.js,39,DEPENDENCY_CACHE,EXCLUDE,Reinstall from package lock; publishing vendored dependencies increases size and supply-chain risk.
node_modules/uuid/dist/esm-browser/v4.d.ts,286,f205fd03cd15ea054f7006b7ef8378ef29c315149da0726f4928d291e7dce7b9,.ts,4,DEPENDENCY_CACHE,EXCLUDE,Reinstall from package lock; publishing vendored dependencies increases size and supply-chain risk.
node_modules/uuid/dist/esm-browser/v4.js,883,467ed3f76fe8065eb46dd027c3e5c78501df95cdb99ff6ada1701fa3de024a3e,.js,27,DEPENDENCY_CACHE,EXCLUDE,Reinstall from package lock; publishing vendored dependencies increases size and supply-chain risk.
node_modules/uuid/dist/esm-browser/v5.d.ts,419,d683908557d53abeb1b94747e764b3bd6b6226273514b96a942340e9ce4b7be7,.ts,9,DEPENDENCY_CACHE,EXCLUDE,Reinstall from package lock; publishing vendored dependencies increases size and supply-chain risk.
node_modules/uuid/dist/esm-browser/v5.js,262,daaf09616ea3b145ccd6a1dfea190b65d546267a9916c5741e026d4290c61ae9,.js,9,DEPENDENCY_CACHE,EXCLUDE,Reinstall from package lock; publishing vendored dependencies increases size and supply-chain risk.
node_modules/uuid/dist/esm-browser/v6.d.ts,286,7c6d5704e2f236fddaf8dbe9131d998a4f5132609ef795b78c3b63f46317f88a,.ts,4,DEPENDENCY_CACHE,EXCLUDE,Reinstall from package lock; publishing vendored dependencies increases size and supply-chain risk.
node_modules/uuid/dist/esm-browser/v6.js,630,32f4c875353e043cb8d790f2d63d46e7b23d592fa3d5d09ace6afcff1dd44e03,.js,20,DEPENDENCY_CACHE,EXCLUDE,Reinstall from package lock; publishing vendored dependencies increases size and supply-chain risk.
node_modules/uuid/dist/esm-browser/v6ToV1.d.ts,116,d05bd4d28c12545827349b0ac3a79c50658d68147dad38d13e97e22353544496,.ts,2,DEPENDENCY_CACHE,EXCLUDE,Reinstall from package lock; publishing vendored dependencies increases size and supply-chain risk.
node_modules/uuid/dist/esm-browser/v6ToV1.js,842,78475a282beaea6e8c45e5f2586134929be2e21728f159fb8559df06d7288475,.js,10,DEPENDENCY_CACHE,EXCLUDE,Reinstall from package lock; publishing vendored dependencies increases size and supply-chain risk.
node_modules/uuid/dist/esm-browser/v7.d.ts,439,b6436d90a5487d9b3c3916b939f68e43f7eaca4b0bb305d897d5124180a122b9,.ts,9,DEPENDENCY_CACHE,EXCLUDE,Reinstall from package lock; publishing vendored dependencies increases size and supply-chain risk.
node_modules/uuid/dist/esm-browser/v7.js,2129,38208cc85d447b13d7fc9e75377d4f82e17ad982334786396623c57c1406a257,.js,65,DEPENDENCY_CACHE,EXCLUDE,Reinstall from package lock; publishing vendored dependencies increases size and supply-chain risk.
node_modules/uuid/dist/esm-browser/validate.d.ts,76,04ace6bedd6f59c30ea6df1f0f8d432c728c8bc5c5fd0c5c1c80242d3ab51977,.ts,2,DEPENDENCY_CACHE,EXCLUDE,Reinstall from package lock; publishing vendored dependencies increases size and supply-chain risk.
node_modules/uuid/dist/esm-browser/validate.js,142,78ba6a91a3c2d219e3a6980d7704c0998e8152cabcaece0f5a04989025d0e60c,.js,5,DEPENDENCY_CACHE,EXCLUDE,Reinstall from package lock; publishing vendored dependencies increases size and supply-chain risk.
node_modules/uuid/dist/esm-browser/version.d.ts,72,57a8a7772769c35ba7b4b1ba125f0812deec5c7102a0d04d9e15b1d22880c9e8,.ts,2,DEPENDENCY_CACHE,EXCLUDE,Reinstall from package lock; publishing vendored dependencies increases size and supply-chain risk.
node_modules/uuid/dist/esm-browser/version.js,208,5a43d6eb8496806fd5e152f92edda603dbb1f77108045edcf034f22c9e320ce8,.js,8,DEPENDENCY_CACHE,EXCLUDE,Reinstall from package lock; publishing vendored dependencies increases size and supply-chain risk.
node_modules/uuid/dist/esm/bin/uuid,45,a9dc67d05c3b08842280064e7e65fab9de3f4257b1dfd88e6e51d5afd967bdf4,,2,DEPENDENCY_CACHE,EXCLUDE,Reinstall from package lock; publishing vendored dependencies increases size and supply-chain risk.
node_modules/uuid/dist/esm/index.d.ts,669,badcc9d59770b91987e962f8e3ddfa1e06671b0e4c5e2738bbd002255cad3f38,.ts,15,DEPENDENCY_CACHE,EXCLUDE,Reinstall from package lock; publishing vendored dependencies increases size and supply-chain risk.
node_modules/uuid/dist/esm/index.js,636,65e9fae8f22278e6c9ac5b016dbe1ead01b8014f66ce08a807741885d4bf01f1,.js,14,DEPENDENCY_CACHE,EXCLUDE,Reinstall from package lock; publishing vendored dependencies increases size and supply-chain risk.
node_modules/uuid/dist/esm/max.d.ts,89,6ada175c0c585e89569e8feb8ff6fc9fc443d7f9ca6340b456e0f94cbef559bf,.ts,2,DEPENDENCY_CACHE,EXCLUDE,Reinstall from package lock; publishing vendored dependencies increases size and supply-chain risk.
node_modules/uuid/dist/esm/max.js,55,8f81a7b2a5f8704ea1b4e8f83d36659856fdf3d122b2bd16fe1b5c47c97b6ffa,.js,1,DEPENDENCY_CACHE,EXCLUDE,Reinstall from package lock; publishing vendored dependencies increases size and supply-chain risk.
node_modules/uuid/dist/esm/md5.d.ts,181,2286d2879906f2fe64438d039c9951f8709148b8bee35b485efe96783aaf38f6,.ts,4,DEPENDENCY_CACHE,EXCLUDE,Reinstall from package lock; publishing vendored dependencies increases size and supply-chain risk.
node_modules/uuid/dist/esm/md5.js,300,4638778ad2e2fb5b9d06d545adc24f1489789d9883fa1fb12ee50a06ee05e91c,.js,11,DEPENDENCY_CACHE,EXCLUDE,Reinstall from package lock; publishing vendored dependencies increases size and supply-chain risk.
node_modules/uuid/dist/esm/native.d.ts,182,df16822806d73d5ec3570f50bd882a701d52042d99e29f2135a4d335a5df12fc,.ts,6,DEPENDENCY_CACHE,EXCLUDE,Reinstall from package lock; publishing vendored dependencies increases size and supply-chain risk.
node_modules/uuid/dist/esm/native.js,68,eae9051ed058565dfd3e6508405f7d3c280fb395dc77c71b15e251c1f9e6fad8,.js,2,DEPENDENCY_CACHE,EXCLUDE,Reinstall from package lock; publishing vendored dependencies increases size and supply-chain risk.
node_modules/uuid/dist/esm/nil.d.ts,89,e56e4d95fad615c97eb0ae39c329a4cda9c0af178273a9173676cc9b14b58520,.ts,2,DEPENDENCY_CACHE,EXCLUDE,Reinstall from package lock; publishing vendored dependencies increases size and supply-chain risk.
node_modules/uuid/dist/esm/nil.js,55,a6f8ac293df0b75af2946e5190d8f00336b826bb1340b96d669a09beb8885ff8,.js,1,DEPENDENCY_CACHE,EXCLUDE,Reinstall from package lock; publishing vendored dependencies increases size and supply-chain risk.
node_modules/uuid/dist/esm/parse.d.ts,72,73e8dfd5e7d2abc18bdb5c5873e64dbdd1082408dd1921cad6ff7130d8339334,.ts,2,DEPENDENCY_CACHE,EXCLUDE,Reinstall from package lock; publishing vendored dependencies increases size and supply-chain risk.
node_modules/uuid/dist/esm/parse.js,612,a383f50a691c05533a40bbb4a87f718daa050abbc96debc9715efdc74d8538b4,.js,9,DEPENDENCY_CACHE,EXCLUDE,Reinstall from package lock; publishing vendored dependencies increases size and supply-chain risk.
node_modules/uuid/dist/esm/regex.d.ts,57,f972c1a3ed268843b93ccca541c48a3265ced25031ce6bef2fe1f9de10c4d345,.ts,2,DEPENDENCY_CACHE,EXCLUDE,Reinstall from package lock; publishing vendored dependencies increases size and supply-chain risk.
node_modules/uuid/dist/esm/regex.js,171,774bc4bc767a58458dfdd252430d96b71b3d380ac241b50df6cb757aaa1b4783,.js,1,DEPENDENCY_CACHE,EXCLUDE,Reinstall from package lock; publishing vendored dependencies increases size and supply-chain risk.
node_modules/uuid/dist/esm/rng.d.ts,43,43b8bf0182f6c141c27b92470c429aa455ea9613e7ff8ca6f157efb94ea16375,.ts,1,DEPENDENCY_CACHE,EXCLUDE,Reinstall from package lock; publishing vendored dependencies increases size and supply-chain risk.
node_modules/uuid/dist/esm/rng.js,305,60ce4fc657149e0b5d3c2c06dce4c92338691247e71e06430a5543d91914579e,.js,10,DEPENDENCY_CACHE,EXCLUDE,Reinstall from package lock; publishing vendored dependencies increases size and supply-chain risk.
node_modules/uuid/dist/esm/sha1.d.ts,183,95a32839b0653a5fcf429ee872b22af538416435d0cbe6b1b5de63bd14076e39,.ts,4,DEPENDENCY_CACHE,EXCLUDE,Reinstall from package lock; publishing vendored dependencies increases size and supply-chain risk.
node_modules/uuid/dist/esm/sha1.js,303,c0c5b3c9150a2ae9c2e3b2eaaa13309d9d37981f1111e00a53fa1ab3bb449cbe,.js,11,DEPENDENCY_CACHE,EXCLUDE,Reinstall from package lock; publishing vendored dependencies increases size and supply-chain risk.
node_modules/uuid/dist/esm/stringify.d.ts,179,fc820b2f0c21501f51f79b58a21d3fa7ae5659fc1812784dbfbb72af147659ee,.ts,3,DEPENDENCY_CACHE,EXCLUDE,Reinstall from package lock; publishing vendored dependencies increases size and supply-chain risk.
node_modules/uuid/dist/esm/stringify.js,1093,bb592b599f2b00be6ca9fb2ac2fb7350abf3a6e6e274201cf6865c8c15e52b6a,.js,35,DEPENDENCY_CACHE,EXCLUDE,Reinstall from package lock; publishing vendored dependencies increases size and supply-chain risk.
node_modules/uuid/dist/esm/types.d.ts,531,cff399d99c68e4fafdd5835d443a980622267a39ac6f3f59b9e3d60d60c4f133,.ts,21,DEPENDENCY_CACHE,EXCLUDE,Reinstall from package lock; publishing vendored dependencies increases size and supply-chain risk.
node_modules/uuid/dist/esm/types.js,11,8e609bb71c20b858c77f0e9f90bb1319db8477b13f9f965f1a1e18524bf50881,.js,1,DEPENDENCY_CACHE,EXCLUDE,Reinstall from package lock; publishing vendored dependencies increases size and supply-chain risk.
node_modules/uuid/dist/esm/uuid-bin.d.ts,11,8e609bb71c20b858c77f0e9f90bb1319db8477b13f9f965f1a1e18524bf50881,.ts,1,DEPENDENCY_CACHE,EXCLUDE,Reinstall from package lock; publishing vendored dependencies increases size and supply-chain risk.
node_modules/uuid/dist/esm/uuid-bin.js,1959,daa130ca926ffac9d538d47e82c7b9bbbd894006ab8a90dead255c21c58233cb,.js,70,DEPENDENCY_CACHE,EXCLUDE,Reinstall from package lock; publishing vendored dependencies increases size and supply-chain risk.
node_modules/uuid/dist/esm/v1.d.ts,484,4f041ef66167b5f9c73101e5fd8468774b09429932067926f9b2960cc3e4f99d,.ts,11,DEPENDENCY_CACHE,EXCLUDE,Reinstall from package lock; publishing vendored dependencies increases size and supply-chain risk.
node_modules/uuid/dist/esm/v1.js,2683,a3cd1c783a64f6e010af00593ac8e7e28c127a5e63266da4809b5687f1a081aa,.js,83,DEPENDENCY_CACHE,EXCLUDE,Reinstall from package lock; publishing vendored dependencies increases size and supply-chain risk.
node_modules/uuid/dist/esm/v1ToV6.d.ts,116,31501b8fc4279e78f6a05ca35e365e73c0b0c57d06dbe8faecb10c7254ce7714,.ts,2,DEPENDENCY_CACHE,EXCLUDE,Reinstall from package lock; publishing vendored dependencies increases size and supply-chain risk.
node_modules/uuid/dist/esm/v1ToV6.js,842,f0a2d19ee0d4398607808fcfc3eebeb1ea7af08a0c17d71d42fc612f97241a3f,.js,10,DEPENDENCY_CACHE,EXCLUDE,Reinstall from package lock; publishing vendored dependencies increases size and supply-chain risk.
node_modules/uuid/dist/esm/v3.d.ts,419,ff4e9db3eb1e95d7ba4b5765e4dc7f512b90fb3b588adfd5ca9b0d9d7a56a1ae,.ts,9,DEPENDENCY_CACHE,EXCLUDE,Reinstall from package lock; publishing vendored dependencies increases size and supply-chain risk.
node_modules/uuid/dist/esm/v3.js,259,3b65ad31501886af057e13aeec03afedc54f1f85cc8d332b0eb89800b11fbce4,.js,9,DEPENDENCY_CACHE,EXCLUDE,Reinstall from package lock; publishing vendored dependencies increases size and supply-chain risk.
node_modules/uuid/dist/esm/v35.d.ts,509,7bc76e7d4bbe3764abaf054aed3a622c5cdbac694e474050d71ce9d4ab93ea4b,.ts,7,DEPENDENCY_CACHE,EXCLUDE,Reinstall from package lock; publishing vendored dependencies increases size and supply-chain risk.
node_modules/uuid/dist/esm/v35.js,1511,cd9bdff5aca247c93c0c7bfa3bddbd022076aebb8759ca00004dc980f38901d8,.js,39,DEPENDENCY_CACHE,EXCLUDE,Reinstall from package lock; publishing vendored dependencies increases size and supply-chain risk.
node_modules/uuid/dist/esm/v4.d.ts,286,f205fd03cd15ea054f7006b7ef8378ef29c315149da0726f4928d291e7dce7b9,.ts,4,DEPENDENCY_CACHE,EXCLUDE,Reinstall from package lock; publishing vendored dependencies increases size and supply-chain risk.
node_modules/uuid/dist/esm/v4.js,883,467ed3f76fe8065eb46dd027c3e5c78501df95cdb99ff6ada1701fa3de024a3e,.js,27,DEPENDENCY_CACHE,EXCLUDE,Reinstall from package lock; publishing vendored dependencies increases size and supply-chain risk.
node_modules/uuid/dist/esm/v5.d.ts,419,d683908557d53abeb1b94747e764b3bd6b6226273514b96a942340e9ce4b7be7,.ts,9,DEPENDENCY_CACHE,EXCLUDE,Reinstall from package lock; publishing vendored dependencies increases size and supply-chain risk.
node_modules/uuid/dist/esm/v5.js,262,daaf09616ea3b145ccd6a1dfea190b65d546267a9916c5741e026d4290c61ae9,.js,9,DEPENDENCY_CACHE,EXCLUDE,Reinstall from package lock; publishing vendored dependencies increases size and supply-chain risk.
node_modules/uuid/dist/esm/v6.d.ts,286,7c6d5704e2f236fddaf8dbe9131d998a4f5132609ef795b78c3b63f46317f88a,.ts,4,DEPENDENCY_CACHE,EXCLUDE,Reinstall from package lock; publishing vendored dependencies increases size and supply-chain risk.
node_modules/uuid/dist/esm/v6.js,630,32f4c875353e043cb8d790f2d63d46e7b23d592fa3d5d09ace6afcff1dd44e03,.js,20,DEPENDENCY_CACHE,EXCLUDE,Reinstall from package lock; publishing vendored dependencies increases size and supply-chain risk.
node_modules/uuid/dist/esm/v6ToV1.d.ts,116,d05bd4d28c12545827349b0ac3a79c50658d68147dad38d13e97e22353544496,.ts,2,DEPENDENCY_CACHE,EXCLUDE,Reinstall from package lock; publishing vendored dependencies increases size and supply-chain risk.
node_modules/uuid/dist/esm/v6ToV1.js,842,78475a282beaea6e8c45e5f2586134929be2e21728f159fb8559df06d7288475,.js,10,DEPENDENCY_CACHE,EXCLUDE,Reinstall from package lock; publishing vendored dependencies increases size and supply-chain risk.
node_modules/uuid/dist/esm/v7.d.ts,439,b6436d90a5487d9b3c3916b939f68e43f7eaca4b0bb305d897d5124180a122b9,.ts,9,DEPENDENCY_CACHE,EXCLUDE,Reinstall from package lock; publishing vendored dependencies increases size and supply-chain risk.
node_modules/uuid/dist/esm/v7.js,2129,38208cc85d447b13d7fc9e75377d4f82e17ad982334786396623c57c1406a257,.js,65,DEPENDENCY_CACHE,EXCLUDE,Reinstall from package lock; publishing vendored dependencies increases size and supply-chain risk.
node_modules/uuid/dist/esm/validate.d.ts,76,04ace6bedd6f59c30ea6df1f0f8d432c728c8bc5c5fd0c5c1c80242d3ab51977,.ts,2,DEPENDENCY_CACHE,EXCLUDE,Reinstall from package lock; publishing vendored dependencies increases size and supply-chain risk.
node_modules/uuid/dist/esm/validate.js,142,78ba6a91a3c2d219e3a6980d7704c0998e8152cabcaece0f5a04989025d0e60c,.js,5,DEPENDENCY_CACHE,EXCLUDE,Reinstall from package lock; publishing vendored dependencies increases size and supply-chain risk.
node_modules/uuid/dist/esm/version.d.ts,72,57a8a7772769c35ba7b4b1ba125f0812deec5c7102a0d04d9e15b1d22880c9e8,.ts,2,DEPENDENCY_CACHE,EXCLUDE,Reinstall from package lock; publishing vendored dependencies increases size and supply-chain risk.
node_modules/uuid/dist/esm/version.js,208,5a43d6eb8496806fd5e152f92edda603dbb1f77108045edcf034f22c9e320ce8,.js,8,DEPENDENCY_CACHE,EXCLUDE,Reinstall from package lock; publishing vendored dependencies increases size and supply-chain risk.
node_modules/uuid/LICENSE.md,1109,beaa6b04fb82e41dd2ad679e19e27953afb5999b1abbb455b6564e78ebfeb332,.md,9,DEPENDENCY_CACHE,EXCLUDE,Reinstall from package lock; publishing vendored dependencies increases size and supply-chain risk.
node_modules/uuid/package.json,4252,e5ebc4600db1bfcb5c00d8cc3430d869bdbe229c8d46b4bfac06ab2dfc180c39,.json,132,DEPENDENCY_CACHE,EXCLUDE,Reinstall from package lock; publishing vendored dependencies increases size and supply-chain risk.
node_modules/uuid/README.md,17706,b2ba3cb5eb8ee5948c0892af69ac15f0baa39069000169fc4f50aceec1d56087,.md,510,DEPENDENCY_CACHE,EXCLUDE,Reinstall from package lock; publishing vendored dependencies increases size and supply-chain risk.
node_modules/vary/HISTORY.md,792,273b0ea4abb4c7357db4eed63e84f7a283847ed0165d041b25be37071284d7e5,.md,39,DEPENDENCY_CACHE,EXCLUDE,Reinstall from package lock; publishing vendored dependencies increases size and supply-chain risk.
node_modules/vary/index.js,2930,8e40311960636d40473c57e335bbca115036766bf150df296b941256432ab410,.js,149,DEPENDENCY_CACHE,EXCLUDE,Reinstall from package lock; publishing vendored dependencies increases size and supply-chain risk.
node_modules/vary/LICENSE,1094,bd47ce7b88c7759630d1e2b9fcfa170a0f1fde522be09e13fb1581a79d090400,,22,DEPENDENCY_CACHE,EXCLUDE,Reinstall from package lock; publishing vendored dependencies increases size and supply-chain risk.
node_modules/vary/package.json,1215,73edaee964d527117a9f69d6360fbe6cec534abd9127794be01a6af58a139daa,.json,43,DEPENDENCY_CACHE,EXCLUDE,Reinstall from package lock; publishing vendored dependencies increases size and supply-chain risk.
node_modules/vary/README.md,2716,03444f916ddb9a1c692c329f88b83b1a21d016dce46656091f21e903109dd65c,.md,101,DEPENDENCY_CACHE,EXCLUDE,Reinstall from package lock; publishing vendored dependencies increases size and supply-chain risk.
node_modules/ws/browser.js,176,010da44addea1d88b2b732540c3f1fd0cbcb28926b96623d4c64222e0ead2d0e,.js,8,DEPENDENCY_CACHE,EXCLUDE,Reinstall from package lock; publishing vendored dependencies increases size and supply-chain risk.
node_modules/ws/index.js,796,924564d5be26d59b9682c4263f68320e48dde7240bd2d1ad17ec305537429dd2,.js,22,DEPENDENCY_CACHE,EXCLUDE,Reinstall from package lock; publishing vendored dependencies increases size and supply-chain risk.
node_modules/ws/lib/buffer-util.js,3056,8b0a45739132f82e25ea13163780abf547ccfe989267f3eb7abb475beec92da3,.js,131,DEPENDENCY_CACHE,EXCLUDE,Reinstall from package lock; publishing vendored dependencies increases size and supply-chain risk.
node_modules/ws/lib/constants.js,503,391e823142b8b370e55a2fd32b022deaf03b8415c56000009674ebc86a0b4f86,.js,19,DEPENDENCY_CACHE,EXCLUDE,Reinstall from package lock; publishing vendored dependencies increases size and supply-chain risk.
node_modules/ws/lib/event-target.js,7321,c45d3c6e12d170c860c0c3f1a050aa0f864d9806632b609a1e607d675aba128c,.js,292,DEPENDENCY_CACHE,EXCLUDE,Reinstall from package lock; publishing vendored dependencies increases size and supply-chain risk.
node_modules/ws/lib/extension.js,6183,852564f0f6b460287043803eae732666fb5610f676874354fc89f06aa4e986ed,.js,203,DEPENDENCY_CACHE,EXCLUDE,Reinstall from package lock; publishing vendored dependencies increases size and supply-chain risk.
node_modules/ws/lib/limiter.js,1034,e0469d4b83f6ba764b15f80e1766b75c136fbff68f048f4c050f0b1c7f065f69,.js,55,DEPENDENCY_CACHE,EXCLUDE,Reinstall from package lock; publishing vendored dependencies increases size and supply-chain risk.
node_modules/ws/lib/permessage-deflate.js,14532,02c31796f0132a335d4efe7b7adcebadbb69543a1ce65ae04aaccc3530e27ab9,.js,528,DEPENDENCY_CACHE,EXCLUDE,Reinstall from package lock; publishing vendored dependencies increases size and supply-chain risk.
node_modules/ws/lib/receiver.js,17802,4879edbf8e48d04d09783cf9c04b5e25f5a448247bb01279438ded2899747220,.js,760,DEPENDENCY_CACHE,EXCLUDE,Reinstall from package lock; publishing vendored dependencies increases size and supply-chain risk.
node_modules/ws/lib/sender.js,16886,d0791d30c3defd44dcabbddb879a901c757993fea2c00a7ffea01d53b23b4b77,.js,607,DEPENDENCY_CACHE,EXCLUDE,Reinstall from package lock; publishing vendored dependencies increases size and supply-chain risk.
node_modules/ws/lib/stream.js,4204,a56fcb6e2b152097ee820b6f5410b1f71e59819b45d08d9f8bda588fe39070ec,.js,161,DEPENDENCY_CACHE,EXCLUDE,Reinstall from package lock; publishing vendored dependencies increases size and supply-chain risk.
node_modules/ws/lib/subprotocol.js,1498,be3f6323d6f549568577dcba9004c1479d95c65a7abb0fe0c582875b9fac0b7c,.js,62,DEPENDENCY_CACHE,EXCLUDE,Reinstall from package lock; publishing vendored dependencies increases size and supply-chain risk.
node_modules/ws/lib/validation.js,3903,41ce8e83d0d434132e1704895fedb91f6703a701b42d91c80954ab29b2845593,.js,152,DEPENDENCY_CACHE,EXCLUDE,Reinstall from package lock; publishing vendored dependencies increases size and supply-chain risk.
node_modules/ws/lib/websocket-server.js,17026,29029a4d346800c792300df153df2007e9805d9d7b67b0883f9730b64f25b1c8,.js,562,DEPENDENCY_CACHE,EXCLUDE,Reinstall from package lock; publishing vendored dependencies increases size and supply-chain risk.
node_modules/ws/lib/websocket.js,37371,48fdb0f54c1f8ce580d3cfa2908fe7d96fe18f06f9d82306950441cb09b5db26,.js,1407,DEPENDENCY_CACHE,EXCLUDE,Reinstall from package lock; publishing vendored dependencies increases size and supply-chain risk.
node_modules/ws/LICENSE,1183,2b29dcfe0d6471f7e8c92c5fb38c9f93edee10330937055440192f1832b1ecef,,20,DEPENDENCY_CACHE,EXCLUDE,Reinstall from package lock; publishing vendored dependencies increases size and supply-chain risk.
node_modules/ws/package.json,1753,584ce6e7516587ba249dc910b0c04e2753f6b3f451fc3a5bc324f7735bdacc71,.json,70,DEPENDENCY_CACHE,EXCLUDE,Reinstall from package lock; publishing vendored dependencies increases size and supply-chain risk.
node_modules/ws/README.md,15306,bb979132f3cbff08ce47f36d041e18071f8f534d01f591c0b129ba7abf1e480e,.md,548,DEPENDENCY_CACHE,EXCLUDE,Reinstall from package lock; publishing vendored dependencies increases size and supply-chain risk.
node_modules/ws/wrapper.mjs,554,fe154662301fd558f935f9c217fccbe7a7dac02ff39e648a000589403ff27c7f,.mjs,21,DEPENDENCY_CACHE,EXCLUDE,Reinstall from package lock; publishing vendored dependencies increases size and supply-chain risk.
node_modules/xtend/.jshintrc,545,da3531289454b9a256c622c1a74771440d4f0e57092262902cefbc6830ec3a7c,,30,DEPENDENCY_CACHE,EXCLUDE,Reinstall from package lock; publishing vendored dependencies increases size and supply-chain risk.
node_modules/xtend/immutable.js,384,04986f168b8f16f4f25237d0608cdf57b6ca14f100fed62c0295bda2559ab24b,.js,19,DEPENDENCY_CACHE,EXCLUDE,Reinstall from package lock; publishing vendored dependencies increases size and supply-chain risk.
node_modules/xtend/LICENSE,1078,82e67379203d5794e7c44549847d8d64ae6904591381682360470898bd306821,,20,DEPENDENCY_CACHE,EXCLUDE,Reinstall from package lock; publishing vendored dependencies increases size and supply-chain risk.
node_modules/xtend/mutable.js,369,71a38649c77408217483f81f55daee1d6646d6c670e3d034a4482cb3453886e9,.js,17,DEPENDENCY_CACHE,EXCLUDE,Reinstall from package lock; publishing vendored dependencies increases size and supply-chain risk.
node_modules/xtend/package.json,1056,b02ffef8cda96c5c3ee00a00390e63f608362c2ddfb3ed754e181d013a45d48a,.json,55,DEPENDENCY_CACHE,EXCLUDE,Reinstall from package lock; publishing vendored dependencies increases size and supply-chain risk.
node_modules/xtend/README.md,726,fe5fb4d83470799709c32207fc1fff3e522070b2c625a9818f191125406cd360,.md,32,DEPENDENCY_CACHE,EXCLUDE,Reinstall from package lock; publishing vendored dependencies increases size and supply-chain risk.
node_modules/xtend/test.js,2307,4a7a6d3aade85095607c4aa3bd99f74fa6adaa69058d156677ad7756955e80f6,.js,103,DEPENDENCY_CACHE,EXCLUDE,Reinstall from package lock; publishing vendored dependencies increases size and supply-chain risk.
output/playwright/color-popup-preview.png,166052,be9f0bdd7c2589e6c5eafc9cb198f0adabb0c781304147390c6d1676ca77bd26,.png,1250,GENERATED_OUTPUT,EXCLUDE,"Generated outputs, experiments, and logs are not source."
output/playwright/concept-popup-preview.png,525903,705f20f2065d256d8b5a31eb7ebb7187908e7627d7c10fc94b6d0a0a096b0523,.png,4590,GENERATED_OUTPUT,EXCLUDE,"Generated outputs, experiments, and logs are not source."
output/playwright/ide-color-picker-button.png,79441,d0cc4a2f3b9e3d00bd033be293ed51548b19695e00f31412835e451b9887d017,.png,598,GENERATED_OUTPUT,EXCLUDE,"Generated outputs, experiments, and logs are not source."
output/playwright/layout-after-1897.png,84445,91bce8e84cc589b6997cc511dfc1ffa86b59fb5f1578d6ffd6c5cdcbcf254be5,.png,488,GENERATED_OUTPUT,EXCLUDE,"Generated outputs, experiments, and logs are not source."
output/playwright/layout-after-2560.png,95153,6937258d0774b4ab7f29cb30729433339065eeddef0348e66bfd3beaf1a7dc2f,.png,544,GENERATED_OUTPUT,EXCLUDE,"Generated outputs, experiments, and logs are not source."
output/playwright/layout-before-1897.png,84167,5490e8b0a5e84314d2be9656213fb14bce8e7960a5779b5eaffeba29cc002af9,.png,499,GENERATED_OUTPUT,EXCLUDE,"Generated outputs, experiments, and logs are not source."
output/playwright/selection-to-instruction.png,64100,b0775b5b387c5824f707040849621b88bb20e650420cc62e62a84fc69bf25f2c,.png,378,GENERATED_OUTPUT,EXCLUDE,"Generated outputs, experiments, and logs are not source."
output/playwright/tar-app-form.png,2740,fb32313e11bc8ffbd5310a1660e630b64cedb4622f8462a5eae2d5464ac8279e,.png,6,GENERATED_OUTPUT,EXCLUDE,"Generated outputs, experiments, and logs are not source."
output/playwright/tar-app-form2.png,2740,fb32313e11bc8ffbd5310a1660e630b64cedb4622f8462a5eae2d5464ac8279e,.png,6,GENERATED_OUTPUT,EXCLUDE,"Generated outputs, experiments, and logs are not source."
output/playwright/tar-app-index.png,2740,fb32313e11bc8ffbd5310a1660e630b64cedb4622f8462a5eae2d5464ac8279e,.png,6,GENERATED_OUTPUT,EXCLUDE,"Generated outputs, experiments, and logs are not source."
output/playwright/tasklist-check.png,50285,10139deb0e0b379927ca038a3c919fe9da659949f4c3e11a643e50169caec7f9,.png,326,GENERATED_OUTPUT,EXCLUDE,"Generated outputs, experiments, and logs are not source."
output/playwright/tasklist-clean-live-goal-compact.png,163193,bcbc534133bca794a2f6f9bf41bcab658d612a0bbe374fa3641ffdbe9ec5831f,.png,1197,GENERATED_OUTPUT,EXCLUDE,"Generated outputs, experiments, and logs are not source."
output/playwright/tasklist-clean-live-goal-desktop.png,185634,3251f21658a0cb9dfd5b3fdabe5cb96e32428f9e33c4aaed93ce7a4b751d531e,.png,1217,GENERATED_OUTPUT,EXCLUDE,"Generated outputs, experiments, and logs are not source."
output/playwright/tasklist-live-goal-desktop.png,241463,e9504e9c97c3dab6fdc8dcd5896528351e02390c525ed7cfeaa0f6dea07b09a0,.png,1922,GENERATED_OUTPUT,EXCLUDE,"Generated outputs, experiments, and logs are not source."
output/playwright/tasklist-planning-desktop.png,109705,9c73ef35664bb8794728b69c3c8ba6ba3a5e4721490261b4428c2a24fe361b01,.png,813,GENERATED_OUTPUT,EXCLUDE,"Generated outputs, experiments, and logs are not source."
output/playwright/taste-skill-shared-output-chrome.png,53140,63770553ea8d40f8c6f5f449e58658eb51c7fd355f3ab48e443cd34d5676aca9,.png,324,GENERATED_OUTPUT,EXCLUDE,"Generated outputs, experiments, and logs are not source."
package-lock.json,39558,a6af00f9df6a2fa1097d9c358f52f34e324c16081d90226d833fa665ae1cc95d,.json,1099,OTHER_PROJECT_FILE,REVIEWED_EXCLUDE_OR_REPLACED,Accounted for in audit and omitted unless required by the new marketplace plugin.
package.json,621,d41ff3e4694b0fb763ddd501f61e9ab54e7fcf6b68b75ea9d951dcec1e650a33,.json,25,OTHER_PROJECT_FILE,REVIEWED_EXCLUDE_OR_REPLACED,Accounted for in audit and omitted unless required by the new marketplace plugin.
scratch/ai-selector-output-2/.a2a-stage-analysis-iter1/analysis.json,1371,dc9e60bc2b0621fbd293f42d6a2768b88a07949c35bffd714f7dd8262d97c77e,.json,28,GENERATED_OUTPUT,EXCLUDE,"Generated outputs, experiments, and logs are not source."
scratch/ai-selector-output-2/.a2a-stage-analysis-iter1/analysis.md,1384,fcce42530fcb38a501bf85a2a250853c21046f5d3635ba98d71796567c581fc5,.md,30,GENERATED_OUTPUT,EXCLUDE,"Generated outputs, experiments, and logs are not source."
scratch/ai-selector-output-2/.a2a-stage-design-iter1/design.json,3095,3f55fb4c9084bc6f4720028a3d7ea9bb172259d803b55bbf67d7cfe22fc27ae8,.json,48,GENERATED_OUTPUT,EXCLUDE,"Generated outputs, experiments, and logs are not source."
scratch/ai-selector-output-2/.a2a-stage-design-iter1/design.md,3690,d80706fbee7994545c04bf38e889513275cf31e8b7f0f7bdb18523a8b567fca3,.md,54,GENERATED_OUTPUT,EXCLUDE,"Generated outputs, experiments, and logs are not source."
scratch/ai-selector-output-2/.a2a-stage-implementation-iter1/implementation.json,1435,92e09b40ca58f373ce717a695afe0cc6c98beecfe23e5531e4161c93d9efce4c,.json,21,GENERATED_OUTPUT,EXCLUDE,"Generated outputs, experiments, and logs are not source."
scratch/ai-selector-output-2/.a2a-stage-implementation-iter1/implementation.md,2682,249dc0c35fe1d229355fe12313bffc6e1540c110805c4babb0a0d4c1df210450,.md,37,GENERATED_OUTPUT,EXCLUDE,"Generated outputs, experiments, and logs are not source."
scratch/ai-selector-output-2/.a2a-stage-learnings-iter1/learnings.json,2823,7f62a3bee8ccf7b1d819f97413ed567db2e13442c838199ca03ae0e5acf0a69f,.json,35,GENERATED_OUTPUT,EXCLUDE,"Generated outputs, experiments, and logs are not source."
scratch/ai-selector-output-2/.a2a-stage-learnings-iter1/learnings.md,5996,332e6bb51bca4191d8425b178b28e64d549b17ea6c23ced4fa6dbde431e84ff5,.md,64,GENERATED_OUTPUT,EXCLUDE,"Generated outputs, experiments, and logs are not source."
scratch/ai-selector-output-2/.a2a-stage-review-iter1/review.json,1506,0c4e3f3fa3188327c6a95db83c9173c1ae0c4af4fd4b6ce69048b19dce9aa67f,.json,19,GENERATED_OUTPUT,EXCLUDE,"Generated outputs, experiments, and logs are not source."
scratch/ai-selector-output-2/.a2a-stage-review-iter1/review.md,1519,76f37a0e0d7c7778cc29ac21ec8b8bd8033052cefbc9187dcbef9ce903dbebe1,.md,21,GENERATED_OUTPUT,EXCLUDE,"Generated outputs, experiments, and logs are not source."
scratch/ai-selector-output-2/.a2a-stage-test-report-iter1/test-report.json,2917,e301463352911e3c5ac1ec519db32ff25eec3a13adbd3167c143ab40ed717f1e,.json,57,GENERATED_OUTPUT,EXCLUDE,"Generated outputs, experiments, and logs are not source."
scratch/ai-selector-output-2/.a2a-stage-test-report-iter1/test-report.md,2930,692a062d630eb180bd159c1df5fa7d6b6c08f79834d2f1cfc2ebb5e654f57d1e,.md,59,GENERATED_OUTPUT,EXCLUDE,"Generated outputs, experiments, and logs are not source."
scratch/ai-selector-output-2/.a2a/handoffs/analyze_to_design.json,2225,8f5e2736752fcd285e452884f09ec4c3ba80b1dc7f7b2ebe01ab820273e63bfa,.json,44,GENERATED_OUTPUT,EXCLUDE,"Generated outputs, experiments, and logs are not source."
scratch/ai-selector-output-2/.a2a/handoffs/design_to_implement.json,3966,0a3e47cf7d34d83fe6f13bc9b1f27b053ff8352934b51eb71375b183b581d97b,.json,64,GENERATED_OUTPUT,EXCLUDE,"Generated outputs, experiments, and logs are not source."
scratch/ai-selector-output-2/.a2a/handoffs/implement_to_review.json,2282,f7f69db7cd9accca7882305e3662f51033a4158dd62ec291cb7183ad87f93f62,.json,37,GENERATED_OUTPUT,EXCLUDE,"Generated outputs, experiments, and logs are not source."
scratch/ai-selector-output-2/.a2a/handoffs/learn_summary.json,3823,510ea9206c9b112245ae9b20d1f9ae909d2ec6bdc4466296468a9b993a92dd28,.json,51,GENERATED_OUTPUT,EXCLUDE,"Generated outputs, experiments, and logs are not source."
scratch/ai-selector-output-2/.a2a/handoffs/review_to_test.json,2458,38eaacf1028182f6f5520e23508df60bf8a1386d95379ff8e76601d2d3aff475,.json,35,GENERATED_OUTPUT,EXCLUDE,"Generated outputs, experiments, and logs are not source."
scratch/ai-selector-output-2/.a2a/handoffs/test_to_learn.json,3859,e9be0c95d787791006b10bca7c8208d029931386e4178a362884b961dab070c9,.json,73,GENERATED_OUTPUT,EXCLUDE,"Generated outputs, experiments, and logs are not source."
scratch/ai-selector-output-2/.a2a/index/files.jsonl,396,7e1e98a14e3c29967822db8cc9130fb88761089b5bf1a9475ef28ef7f20539be,.jsonl,2,GENERATED_OUTPUT,EXCLUDE,"Generated outputs, experiments, and logs are not source."
scratch/ai-selector-output-2/.a2a/index/index-manifest.json,369,10ccab292ff3c2e615649532b2e1311e64107d7a7d1c5e62b29f19f57c20b9eb,.json,9,GENERATED_OUTPUT,EXCLUDE,"Generated outputs, experiments, and logs are not source."
scratch/ai-selector-output-2/.a2a/raw/analyze-output-iter1.txt,1384,fcce42530fcb38a501bf85a2a250853c21046f5d3635ba98d71796567c581fc5,.txt,30,GENERATED_OUTPUT,EXCLUDE,"Generated outputs, experiments, and logs are not source."
scratch/ai-selector-output-2/.a2a/raw/design-output-iter1.txt,3690,d80706fbee7994545c04bf38e889513275cf31e8b7f0f7bdb18523a8b567fca3,.txt,54,GENERATED_OUTPUT,EXCLUDE,"Generated outputs, experiments, and logs are not source."
scratch/ai-selector-output-2/.a2a/raw/implement-output-iter1.txt,2682,249dc0c35fe1d229355fe12313bffc6e1540c110805c4babb0a0d4c1df210450,.txt,37,GENERATED_OUTPUT,EXCLUDE,"Generated outputs, experiments, and logs are not source."
scratch/ai-selector-output-2/.a2a/raw/learn-output-iter1.txt,5996,332e6bb51bca4191d8425b178b28e64d549b17ea6c23ced4fa6dbde431e84ff5,.txt,64,GENERATED_OUTPUT,EXCLUDE,"Generated outputs, experiments, and logs are not source."
scratch/ai-selector-output-2/.a2a/raw/review-output-iter1.txt,1519,76f37a0e0d7c7778cc29ac21ec8b8bd8033052cefbc9187dcbef9ce903dbebe1,.txt,21,GENERATED_OUTPUT,EXCLUDE,"Generated outputs, experiments, and logs are not source."
scratch/ai-selector-output-2/.a2a/raw/test-output-iter1.txt,2930,692a062d630eb180bd159c1df5fa7d6b6c08f79834d2f1cfc2ebb5e654f57d1e,.txt,59,GENERATED_OUTPUT,EXCLUDE,"Generated outputs, experiments, and logs are not source."
scratch/ai-selector-output-2/analysis-1.json,1372,9d1e72107ccbabe6814b071cec0790fbd687e6a87fd039d331bb87d37b7d3826,.json,28,GENERATED_OUTPUT,EXCLUDE,"Generated outputs, experiments, and logs are not source."
scratch/ai-selector-output-2/app.js,3747,f763854440a9b922456c401cedab6bcfba3538dcc1915a5f910d2ae2dd2e8250,.js,113,GENERATED_OUTPUT,EXCLUDE,"Generated outputs, experiments, and logs are not source."
scratch/ai-selector-output-2/design-1.json,3096,5085afb33bebdb230509a576907c962c8282c4c15bcdd288db3b8d0584257d28,.json,48,GENERATED_OUTPUT,EXCLUDE,"Generated outputs, experiments, and logs are not source."
scratch/ai-selector-output-2/implementation-1.json,1436,60904ad1fb53dcf9aa7091849322855e14ab9f1b4adce7bed1a2f178bca1d1f8,.json,21,GENERATED_OUTPUT,EXCLUDE,"Generated outputs, experiments, and logs are not source."
scratch/ai-selector-output-2/index.html,14838,fe9b99c185cf21d989126db36f0cf5c60f1aaabf0f3349378761cae6f4286af4,.html,494,GENERATED_OUTPUT,EXCLUDE,"Generated outputs, experiments, and logs are not source."
scratch/ai-selector-output-2/learnings-1.json,2824,0d993a42a03269c371ed7c62272a8a6d9e4341ef99fcd7d362eb813cdf8d9be9,.json,35,GENERATED_OUTPUT,EXCLUDE,"Generated outputs, experiments, and logs are not source."
scratch/ai-selector-output-2/review-1.json,1507,011603cb4726dddd0784a2c263380c1991586e9a908f9869619860dc2e10c252,.json,19,GENERATED_OUTPUT,EXCLUDE,"Generated outputs, experiments, and logs are not source."
scratch/ai-selector-output-2/test-report-1.json,2918,25ff8c16da3f11208c4b2747ffdda3afac64215ca52136946d4ca2fc1c10bb20,.json,57,GENERATED_OUTPUT,EXCLUDE,"Generated outputs, experiments, and logs are not source."
scratch/ai-selector-output/.a2a-stage-analysis-iter1/analysis.json,2110,61190e33567fbee11c844997f00c35c37d76749e2f373755952d07aaca09ef07,.json,32,GENERATED_OUTPUT,EXCLUDE,"Generated outputs, experiments, and logs are not source."
scratch/ai-selector-output/.a2a-stage-analysis-iter1/analysis.md,2123,9555d2f49494ed9b5572847360f80c7df096eff19c2d0fd27f867d4c51cc07bb,.md,34,GENERATED_OUTPUT,EXCLUDE,"Generated outputs, experiments, and logs are not source."
scratch/ai-selector-output/.a2a-stage-design-iter1/design.json,3703,78704a91dfbaea3e5a905da8187ffb6d6c83751561bd2382d702d3c5c16f2bb7,.json,57,GENERATED_OUTPUT,EXCLUDE,"Generated outputs, experiments, and logs are not source."
scratch/ai-selector-output/.a2a-stage-design-iter1/design.md,4673,4c45f03d4901345065eabb6024575d4e9ede2ebf550afdaa799cd3c0162d4a68,.md,65,GENERATED_OUTPUT,EXCLUDE,"Generated outputs, experiments, and logs are not source."
scratch/ai-selector-output/.a2a-stage-implementation-iter1/implementation.json,1396,926af68faedb9803f94a32f474a0b0a2b50d355d57829d93b0243882ab97ec82,.json,27,GENERATED_OUTPUT,EXCLUDE,"Generated outputs, experiments, and logs are not source."
scratch/ai-selector-output/.a2a-stage-implementation-iter1/implementation.md,3244,43997dd9e5a0da1e2ee7171d3b90bd7d4b902b9a5e9e3ac06c6874decb14204a,.md,42,GENERATED_OUTPUT,EXCLUDE,"Generated outputs, experiments, and logs are not source."
scratch/ai-selector-output/.a2a-stage-learnings-iter1/learnings.json,3216,809b82ae99df0141a289ff93c20d5b46ae5a4aca9d22b4d7922757a4d6986af1,.json,41,GENERATED_OUTPUT,EXCLUDE,"Generated outputs, experiments, and logs are not source."
scratch/ai-selector-output/.a2a-stage-learnings-iter1/learnings.md,3880,b36de7f5c0802b9b8f70c9e871a8f2df9293a8a0611c203a1dd3b2a780e73a21,.md,54,GENERATED_OUTPUT,EXCLUDE,"Generated outputs, experiments, and logs are not source."
scratch/ai-selector-output/.a2a-stage-review-iter1/review.json,3753,880dfde2db810f6b15320903c2d14b8b5547c14904e3abadd01d00580633d715,.json,51,GENERATED_OUTPUT,EXCLUDE,"Generated outputs, experiments, and logs are not source."
scratch/ai-selector-output/.a2a-stage-review-iter1/review.md,4931,8f1729134dd617ed506d06129ac27a30baa001b9917baa7cb53b57abb65f19e9,.md,63,GENERATED_OUTPUT,EXCLUDE,"Generated outputs, experiments, and logs are not source."
scratch/ai-selector-output/.a2a-stage-test-report-iter1/test-report.json,3401,bd7822276241a66dcae509d24440dd04cb95f425541a142523b2309eea21bbd2,.json,89,GENERATED_OUTPUT,EXCLUDE,"Generated outputs, experiments, and logs are not source."
scratch/ai-selector-output/.a2a-stage-test-report-iter1/test-report.md,3414,deb2a079171e99d67ddad8588259d99276bc87a70140c5253d77f2f3265e4f78,.md,91,GENERATED_OUTPUT,EXCLUDE,"Generated outputs, experiments, and logs are not source."
scratch/ai-selector-output/.a2a/handoffs/analyze_to_design.json,3087,24d878bd91102609677e89e933fedd4a2c3066aa89147b5ddcc83e28897c032e,.json,48,GENERATED_OUTPUT,EXCLUDE,"Generated outputs, experiments, and logs are not source."
scratch/ai-selector-output/.a2a/handoffs/design_to_implement.json,4658,f1a2de22e84ac51fc07c4306ffd3980bd6fe7b7d85aa7812954166bf807ffb60,.json,73,GENERATED_OUTPUT,EXCLUDE,"Generated outputs, experiments, and logs are not source."
scratch/ai-selector-output/.a2a/handoffs/implement_to_review.json,2140,9c30d14b4f48fcc9037bcb634ded7159d13ab25feaba556bef0ed7c17f286f76,.json,43,GENERATED_OUTPUT,EXCLUDE,"Generated outputs, experiments, and logs are not source."
scratch/ai-selector-output/.a2a/handoffs/learn_summary.json,4190,fab2558ced30f86b0e60caf9a780ca7d46f147cb8bae860b20cb2e3b03c47443,.json,57,GENERATED_OUTPUT,EXCLUDE,"Generated outputs, experiments, and logs are not source."
scratch/ai-selector-output/.a2a/handoffs/review_to_test.json,4644,93773183a321372c66100c1da9e9c71eddfbff5e7152e4377c787a8bb7f44d86,.json,67,GENERATED_OUTPUT,EXCLUDE,"Generated outputs, experiments, and logs are not source."
scratch/ai-selector-output/.a2a/handoffs/test_to_learn.json,4209,2b95d4743ea1aa2d888b913e1f8c8f110b514d8c8aed80cac1ee97d7e48fe4a0,.json,105,GENERATED_OUTPUT,EXCLUDE,"Generated outputs, experiments, and logs are not source."
scratch/ai-selector-output/.a2a/index/files.jsonl,396,7e1e98a14e3c29967822db8cc9130fb88761089b5bf1a9475ef28ef7f20539be,.jsonl,2,GENERATED_OUTPUT,EXCLUDE,"Generated outputs, experiments, and logs are not source."
scratch/ai-selector-output/.a2a/index/index-manifest.json,367,e0b2ca158cf386e00249ef3406e2946a3649035aa5a678ec0463dacb9c346df5,.json,9,GENERATED_OUTPUT,EXCLUDE,"Generated outputs, experiments, and logs are not source."
scratch/ai-selector-output/.a2a/raw/analyze-output-iter1.txt,2123,9555d2f49494ed9b5572847360f80c7df096eff19c2d0fd27f867d4c51cc07bb,.txt,34,GENERATED_OUTPUT,EXCLUDE,"Generated outputs, experiments, and logs are not source."
scratch/ai-selector-output/.a2a/raw/design-output-iter1.txt,4673,4c45f03d4901345065eabb6024575d4e9ede2ebf550afdaa799cd3c0162d4a68,.txt,65,GENERATED_OUTPUT,EXCLUDE,"Generated outputs, experiments, and logs are not source."
scratch/ai-selector-output/.a2a/raw/implement-output-iter1.txt,3244,43997dd9e5a0da1e2ee7171d3b90bd7d4b902b9a5e9e3ac06c6874decb14204a,.txt,42,GENERATED_OUTPUT,EXCLUDE,"Generated outputs, experiments, and logs are not source."
scratch/ai-selector-output/.a2a/raw/learn-output-iter1.txt,3880,b36de7f5c0802b9b8f70c9e871a8f2df9293a8a0611c203a1dd3b2a780e73a21,.txt,54,GENERATED_OUTPUT,EXCLUDE,"Generated outputs, experiments, and logs are not source."
scratch/ai-selector-output/.a2a/raw/review-output-iter1.txt,4931,8f1729134dd617ed506d06129ac27a30baa001b9917baa7cb53b57abb65f19e9,.txt,63,GENERATED_OUTPUT,EXCLUDE,"Generated outputs, experiments, and logs are not source."
scratch/ai-selector-output/.a2a/raw/test-output-iter1.txt,3414,deb2a079171e99d67ddad8588259d99276bc87a70140c5253d77f2f3265e4f78,.txt,91,GENERATED_OUTPUT,EXCLUDE,"Generated outputs, experiments, and logs are not source."
scratch/ai-selector-output/analysis-1.json,2111,2af6f4acb032df6e02f110e12e1002af894d8e8832fd66b2574cedf65666ac45,.json,32,GENERATED_OUTPUT,EXCLUDE,"Generated outputs, experiments, and logs are not source."
scratch/ai-selector-output/app.js,7817,b500d3ce44b027aec458208a749d0ad983e4955dc94d8659aae46d7a0d21d9b2,.js,300,GENERATED_OUTPUT,EXCLUDE,"Generated outputs, experiments, and logs are not source."
scratch/ai-selector-output/design-1.json,3704,794d6ae54f332522dbeba0f01ce3348c21f6a83f422637cb6849418120cb4893,.json,57,GENERATED_OUTPUT,EXCLUDE,"Generated outputs, experiments, and logs are not source."
scratch/ai-selector-output/implementation-1.json,1397,65bcc0548c0d4da5592777320a47d0b316509ff28eec0535ad713b625af5f6ec,.json,27,GENERATED_OUTPUT,EXCLUDE,"Generated outputs, experiments, and logs are not source."
scratch/ai-selector-output/index.html,1651,d9660263242c3eace3ce89ae6cfc9c1c2f463555e6e8539c26dbb26073730251,.html,51,GENERATED_OUTPUT,EXCLUDE,"Generated outputs, experiments, and logs are not source."
scratch/ai-selector-output/learnings-1.json,3217,84664497ee255d9db217dff4aacbc4111ff7e8ba7174fe1b1c9678261e3ceaed,.json,41,GENERATED_OUTPUT,EXCLUDE,"Generated outputs, experiments, and logs are not source."
scratch/ai-selector-output/review-1.json,3754,950d4a541f4c0f16ab5ab9aa144892ddd1d2f3106931ddd83d86de60d5119fdd,.json,51,GENERATED_OUTPUT,EXCLUDE,"Generated outputs, experiments, and logs are not source."
scratch/ai-selector-output/styles.css,6807,d8fa5d6d0d2bab3fa99ce2e348c4f86c66af374d121ac48b3a20f22a3af3f272,.css,318,GENERATED_OUTPUT,EXCLUDE,"Generated outputs, experiments, and logs are not source."
scratch/ai-selector-output/test-report-1.json,3402,b3058c0f8756b54700c40642325f6506448289a3beb606eb75ca820277d06c54,.json,89,GENERATED_OUTPUT,EXCLUDE,"Generated outputs, experiments, and logs are not source."
scratch/ai-selector-output/test-runner.cjs,14036,397d2cbfec9e94851d2981387997cb19705122fc87e3fe2367c3d2c75d6d3ffe,.cjs,386,GENERATED_OUTPUT,EXCLUDE,"Generated outputs, experiments, and logs are not source."
scratch/check.js,2094,bc5d1cebed9672883aa3aec9ec558d1841887bc441e5d46c505a5257a3e24383,.js,59,GENERATED_OUTPUT,EXCLUDE,"Generated outputs, experiments, and logs are not source."
scratch/extract.js,2670,6ae2045e40e7d390ca4bcfeef4c09596d60b39b7344fa7aafc3d7e699f3d6c91,.js,86,GENERATED_OUTPUT,EXCLUDE,"Generated outputs, experiments, and logs are not source."
scratch/generate_design.js,25538,2f5d2ca96f087c02fccb0f27d8d9877b49103bbd30c645b3109f1d2719974413,.js,349,GENERATED_OUTPUT,EXCLUDE,"Generated outputs, experiments, and logs are not source."
scratch/mock-output/.a2a-stage-implementation-iter1/artifact-manifest.json,1080,0839d703aff233f20f4602e8a11a5f1d99ffca6d92cfef19ee3275d23d756559,.json,33,GENERATED_OUTPUT,EXCLUDE,"Generated outputs, experiments, and logs are not source."
scratch/mock-output/.a2a-stage-implementation-iter1/implementation.json,548,a4077873d677f2bad45dae03870f8d8bd494b7c558c45c302cb0f97c0e63bab8,.json,17,GENERATED_OUTPUT,EXCLUDE,"Generated outputs, experiments, and logs are not source."
scratch/mock-output/.a2a-stage-implementation-iter1/implementation.md,285,bcd4174782196da0c949e8e500ca748f8a85d0a3116519ac61d0f213dcfd4a4a,.md,10,GENERATED_OUTPUT,EXCLUDE,"Generated outputs, experiments, and logs are not source."
scratch/mock-output/app/src/main/assets/index.html,47,296dcc22e767573c4c5f9df6775fc305344775af6ec692bc4188065be8daf187,.html,1,GENERATED_OUTPUT,EXCLUDE,"Generated outputs, experiments, and logs are not source."
scratch/repair_analyze.js,6845,e7af2f8367d08d2b48be6bf13800e4120dbbe87e86fc0d493b1047aa0d435462,.js,147,GENERATED_OUTPUT,EXCLUDE,"Generated outputs, experiments, and logs are not source."
scratch/server-3847.err.log,0,e3b0c44298fc1c149afbf4c8996fb92427ae41e4649b934ca495991b7852b855,.log,0,GENERATED_OUTPUT,EXCLUDE,"Generated outputs, experiments, and logs are not source."
scratch/server-3847.out.log,500,48081693d175af0960e019b2302a080145c4372924300c5ab3d1219e93064ff3,.log,4,GENERATED_OUTPUT,EXCLUDE,"Generated outputs, experiments, and logs are not source."
scratch/server-stderr.log,270,28df21c2b58e011fdff05c00b06c990336397effa0d4a0702e760095c069b3f2,.log,2,GENERATED_OUTPUT,EXCLUDE,"Generated outputs, experiments, and logs are not source."
scratch/server-stdout.log,1380,a522838a3587831124f78f3c024b7eb97d82b1ad810f557d3f91b26969eee8dd,.log,12,GENERATED_OUTPUT,EXCLUDE,"Generated outputs, experiments, and logs are not source."
scratch/small-output/.a2a-stage-analysis-iter1/analysis.json,2771,f5ce6e71b77d6781aba4ee5871e5c6055a2b2a943612972fd5ca37107ad3e335,.json,39,GENERATED_OUTPUT,EXCLUDE,"Generated outputs, experiments, and logs are not source."
scratch/small-output/.a2a-stage-analysis-iter1/analysis.md,2784,98193442f9944e55762ec2452b1393132d767ca0798ccd0ed1ffb1af57ddc35e,.md,41,GENERATED_OUTPUT,EXCLUDE,"Generated outputs, experiments, and logs are not source."
scratch/small-output/.a2a-stage-analysis-iter2/analysis.md,855,a1110dfd038348c88049897f9413e1a6496507e38e5a31148fbc56c3ed0e0236,.md,7,GENERATED_OUTPUT,EXCLUDE,"Generated outputs, experiments, and logs are not source."
scratch/small-output/.a2a-stage-analysis-iter3/analysis.md,975,9bbdfc9464e8b98e5bb056a2b1ed24fbe8294c0559e3486c4bbb2283bded183e,.md,11,GENERATED_OUTPUT,EXCLUDE,"Generated outputs, experiments, and logs are not source."
scratch/small-output/.a2a-stage-design-iter1/design.json,8429,feb45c786c74d32b4c994a4572add231310b069ad61ef3c395af894241be862c,.json,97,GENERATED_OUTPUT,EXCLUDE,"Generated outputs, experiments, and logs are not source."
scratch/small-output/.a2a-stage-design-iter1/design.md,9108,107b093878452313414165a2119880f78f9f4c5d88b57399827df7aa83e0ad29,.md,96,GENERATED_OUTPUT,EXCLUDE,"Generated outputs, experiments, and logs are not source."
scratch/small-output/.a2a-stage-design-iter2/design.md,1240,294c5b131816bb6dfd53198f663efdd30ed5fd47b1fc0477dcd7481a7a63f100,.md,11,GENERATED_OUTPUT,EXCLUDE,"Generated outputs, experiments, and logs are not source."
scratch/small-output/.a2a-stage-implementation-iter1/implementation.json,3526,a89b40ad84c933cd5294af47a063846fdce8df23a7842300105d35e625a0574e,.json,39,GENERATED_OUTPUT,EXCLUDE,"Generated outputs, experiments, and logs are not source."
scratch/small-output/.a2a-stage-implementation-iter1/implementation.md,3539,b8bb52156f4c447210bdeeebab678779e38a0c981841f0ea2cc120f92d2c0508,.md,41,GENERATED_OUTPUT,EXCLUDE,"Generated outputs, experiments, and logs are not source."
scratch/small-output/.a2a-stage-implementation-iter2/implementation.md,578,77a8d728e7a68f087a44df4b81ecec0a3025c4cef8b7d023123abceacdcd2844,.md,10,GENERATED_OUTPUT,EXCLUDE,"Generated outputs, experiments, and logs are not source."
scratch/small-output/.a2a-stage-learnings-iter1/learnings.json,4825,efc23d0a8e231b5df2bedf1cf48231d622002c80df9caeda8de351d17162e4ac,.json,47,GENERATED_OUTPUT,EXCLUDE,"Generated outputs, experiments, and logs are not source."
scratch/small-output/.a2a-stage-learnings-iter1/learnings.md,4838,f42a8890a43dbdc9579143b54f7960f22cf6d2b677b64aa32b416db930692500,.md,49,GENERATED_OUTPUT,EXCLUDE,"Generated outputs, experiments, and logs are not source."
scratch/small-output/.a2a-stage-learnings-iter2/learnings.md,335,b876e57698759652cceeac35f94f869aa51b32ac24803f7bde67fda880fe0a4e,.md,6,GENERATED_OUTPUT,EXCLUDE,"Generated outputs, experiments, and logs are not source."
scratch/small-output/.a2a-stage-review-iter1/review.json,4725,3e77cfc9201a21a5519eb75f90d5bd04dd6835a238b981bf9e992f09b11a912a,.json,59,GENERATED_OUTPUT,EXCLUDE,"Generated outputs, experiments, and logs are not source."
scratch/small-output/.a2a-stage-review-iter1/review.md,4726,0393c8a82a4997e25345d7e9c70ae7be8b3e25a4f636b32fdd513e610edba683,.md,59,GENERATED_OUTPUT,EXCLUDE,"Generated outputs, experiments, and logs are not source."
scratch/small-output/.a2a-stage-review-iter2/review.md,489,f200b03ed20b9816bcfb0a00f7e2aeea9d6210114ca3d928699cf06999481f15,.md,7,GENERATED_OUTPUT,EXCLUDE,"Generated outputs, experiments, and logs are not source."
scratch/small-output/.a2a-stage-test-report-iter1/test-report.json,7571,32fd30e95dbb73176d52a95a81997f623fd8cc7c6b96303aae632d85050f0549,.json,75,GENERATED_OUTPUT,EXCLUDE,"Generated outputs, experiments, and logs are not source."
scratch/small-output/.a2a-stage-test-report-iter1/test-report.md,9528,ec202cb4f607e98fc769afca0c55b10300ef75ca1a78f02003f5465a5f6265ad,.md,87,GENERATED_OUTPUT,EXCLUDE,"Generated outputs, experiments, and logs are not source."
scratch/small-output/.a2a-stage-test-report-iter2/test-report.md,927,e86b82c1b06944cf356b80491eb8727bd5494a865d99d66b3fad4c31993b5a19,.md,11,GENERATED_OUTPUT,EXCLUDE,"Generated outputs, experiments, and logs are not source."
scratch/small-output/.a2a/handoffs/analyze_to_design.json,3765,122401c7712bf0deb7a1ae5989ad2cf26ff2f0306b727807ec055cb70bfd8863,.json,55,GENERATED_OUTPUT,EXCLUDE,"Generated outputs, experiments, and logs are not source."
scratch/small-output/.a2a/handoffs/design_to_implement.json,9590,645876ae672ca722de225d6e32218f43e7007f77d2fff43412def7986c94d278,.json,113,GENERATED_OUTPUT,EXCLUDE,"Generated outputs, experiments, and logs are not source."
scratch/small-output/.a2a/handoffs/implement_to_review.json,4383,7dcf3bbaddf01046805d85b1e3c8c99883e8bbe4f6992d878ab614205d8eb493,.json,55,GENERATED_OUTPUT,EXCLUDE,"Generated outputs, experiments, and logs are not source."
scratch/small-output/.a2a/handoffs/learn_summary.json,6033,20274225dd36528ffd2b53dbaac4a0433be4caa9dcd73ddb5828b5a5c0fac8fd,.json,63,GENERATED_OUTPUT,EXCLUDE,"Generated outputs, experiments, and logs are not source."
scratch/small-output/.a2a/handoffs/review_to_test.json,5822,c456dae5759a1a3a1b8264377e9bc91afb4fb672f61ceb544852931104850be2,.json,75,GENERATED_OUTPUT,EXCLUDE,"Generated outputs, experiments, and logs are not source."
scratch/small-output/.a2a/handoffs/test_to_learn.json,8800,aeb34da4d37c0c397ad151ea016fa91239660483f89c80037f657ef0f934b53f,.json,91,GENERATED_OUTPUT,EXCLUDE,"Generated outputs, experiments, and logs are not source."
scratch/small-output/.a2a/index/files.jsonl,396,7e1e98a14e3c29967822db8cc9130fb88761089b5bf1a9475ef28ef7f20539be,.jsonl,2,GENERATED_OUTPUT,EXCLUDE,"Generated outputs, experiments, and logs are not source."
scratch/small-output/.a2a/index/index-manifest.json,361,bb25103ddd119806c7659c1f3bbc2251076a7ec3c0f883374f5d0d6a965e7e79,.json,9,GENERATED_OUTPUT,EXCLUDE,"Generated outputs, experiments, and logs are not source."
scratch/small-output/.a2a/raw/analyze-output-iter1.txt,2784,98193442f9944e55762ec2452b1393132d767ca0798ccd0ed1ffb1af57ddc35e,.txt,41,GENERATED_OUTPUT,EXCLUDE,"Generated outputs, experiments, and logs are not source."
scratch/small-output/.a2a/raw/analyze-output-iter2.txt,855,a1110dfd038348c88049897f9413e1a6496507e38e5a31148fbc56c3ed0e0236,.txt,7,GENERATED_OUTPUT,EXCLUDE,"Generated outputs, experiments, and logs are not source."
scratch/small-output/.a2a/raw/analyze-output-iter3.txt,975,9bbdfc9464e8b98e5bb056a2b1ed24fbe8294c0559e3486c4bbb2283bded183e,.txt,11,GENERATED_OUTPUT,EXCLUDE,"Generated outputs, experiments, and logs are not source."
scratch/small-output/.a2a/raw/design-output-iter1.txt,9108,107b093878452313414165a2119880f78f9f4c5d88b57399827df7aa83e0ad29,.txt,96,GENERATED_OUTPUT,EXCLUDE,"Generated outputs, experiments, and logs are not source."
scratch/small-output/.a2a/raw/design-output-iter2.txt,1240,294c5b131816bb6dfd53198f663efdd30ed5fd47b1fc0477dcd7481a7a63f100,.txt,11,GENERATED_OUTPUT,EXCLUDE,"Generated outputs, experiments, and logs are not source."
scratch/small-output/.a2a/raw/implement-output-iter1.txt,3539,b8bb52156f4c447210bdeeebab678779e38a0c981841f0ea2cc120f92d2c0508,.txt,41,GENERATED_OUTPUT,EXCLUDE,"Generated outputs, experiments, and logs are not source."
scratch/small-output/.a2a/raw/implement-output-iter2.txt,578,77a8d728e7a68f087a44df4b81ecec0a3025c4cef8b7d023123abceacdcd2844,.txt,10,GENERATED_OUTPUT,EXCLUDE,"Generated outputs, experiments, and logs are not source."
scratch/small-output/.a2a/raw/learn-output-iter1.txt,4838,f42a8890a43dbdc9579143b54f7960f22cf6d2b677b64aa32b416db930692500,.txt,49,GENERATED_OUTPUT,EXCLUDE,"Generated outputs, experiments, and logs are not source."
scratch/small-output/.a2a/raw/learn-output-iter2.txt,335,b876e57698759652cceeac35f94f869aa51b32ac24803f7bde67fda880fe0a4e,.txt,6,GENERATED_OUTPUT,EXCLUDE,"Generated outputs, experiments, and logs are not source."
scratch/small-output/.a2a/raw/review-output-iter1.txt,4726,0393c8a82a4997e25345d7e9c70ae7be8b3e25a4f636b32fdd513e610edba683,.txt,59,GENERATED_OUTPUT,EXCLUDE,"Generated outputs, experiments, and logs are not source."
scratch/small-output/.a2a/raw/review-output-iter2.txt,489,f200b03ed20b9816bcfb0a00f7e2aeea9d6210114ca3d928699cf06999481f15,.txt,7,GENERATED_OUTPUT,EXCLUDE,"Generated outputs, experiments, and logs are not source."
scratch/small-output/.a2a/raw/test-output-iter1.txt,9528,ec202cb4f607e98fc769afca0c55b10300ef75ca1a78f02003f5465a5f6265ad,.txt,87,GENERATED_OUTPUT,EXCLUDE,"Generated outputs, experiments, and logs are not source."
scratch/small-output/.a2a/raw/test-output-iter2.txt,927,e86b82c1b06944cf356b80491eb8727bd5494a865d99d66b3fad4c31993b5a19,.txt,11,GENERATED_OUTPUT,EXCLUDE,"Generated outputs, experiments, and logs are not source."
scratch/small-output/analysis-1.json,2772,c071f09e3170bb052acd2e4f94f39c8dd9d6f63711d084328757a4f86846f2e3,.json,39,GENERATED_OUTPUT,EXCLUDE,"Generated outputs, experiments, and logs are not source."
scratch/small-output/app.js,2222,330c9f100aea7e0ec38fd9413d2b4a45a67d2e893b90cff26b703ddf7d3d1d0b,.js,69,GENERATED_OUTPUT,EXCLUDE,"Generated outputs, experiments, and logs are not source."
scratch/small-output/design-1.json,8278,f47bba44b3f6426bfbaca0426a77983cc89e20e66f3c8e2c2205185759bd3b2c,.json,81,GENERATED_OUTPUT,EXCLUDE,"Generated outputs, experiments, and logs are not source."
scratch/small-output/implementation-1.json,3527,53c6b130094b442c6b691dc8ff4f1b8c7d3c2259d2aa8e17164388a1e28e975c,.json,39,GENERATED_OUTPUT,EXCLUDE,"Generated outputs, experiments, and logs are not source."
scratch/small-output/index.html,3046,29ef2cb66feeb66071cfba5bcf2b3a9ea25536f457057eedf75796ea7f9ef5ba,.html,68,GENERATED_OUTPUT,EXCLUDE,"Generated outputs, experiments, and logs are not source."
scratch/small-output/js/state.js,4332,272e482e4fcc88877ab322c79f84789d5c892a243fd62bb2ffb3969a3c2ad1a6,.js,155,GENERATED_OUTPUT,EXCLUDE,"Generated outputs, experiments, and logs are not source."
scratch/small-output/js/view.js,7271,21e7c1ec0cf59470a4776cbc2b505e5d70ba8349f6d466579e9f4cfa1cf1a10f,.js,227,GENERATED_OUTPUT,EXCLUDE,"Generated outputs, experiments, and logs are not source."
scratch/small-output/learnings-1.json,4826,e2ee68efebe04c11387740104552c331e34bbb74e36199e6effc9ed98addbd55,.json,47,GENERATED_OUTPUT,EXCLUDE,"Generated outputs, experiments, and logs are not source."
scratch/small-output/styles/main.css,8662,582b790e7cfe87fff626da292e23f54baa1474c6503dd4fa563a1ae1f1f68093,.css,394,GENERATED_OUTPUT,EXCLUDE,"Generated outputs, experiments, and logs are not source."
scratch/small-output/test-report-1.json,7574,1e2f1ba49c91659536d9a996f5f38ebc15f29cf59b64964cb3c7c6d7536be0c6,.json,75,GENERATED_OUTPUT,EXCLUDE,"Generated outputs, experiments, and logs are not source."
scratch/small-project/app.js,590,f0a08d46501ce88e12f021b1a3087c8b9fd0d9cfa8a575afe7010a1676cf8579,.js,17,GENERATED_OUTPUT,EXCLUDE,"Generated outputs, experiments, and logs are not source."
scratch/small-project/index.html,460,f8a86af9647389466cab8c908bb71449187c9596fe90f03d4eb7eed3cc179b59,.html,1,GENERATED_OUTPUT,EXCLUDE,"Generated outputs, experiments, and logs are not source."
scratch/taste-skill-shared-output/.a2a-stage-analysis-iter1/analysis.json,1960,8d9bffc1d8c3e3c33df4ef765444f7e8e9ab6463b2951b368a12b7b12ca94f57,.json,37,GENERATED_OUTPUT,EXCLUDE,"Generated outputs, experiments, and logs are not source."
scratch/taste-skill-shared-output/.a2a-stage-analysis-iter1/analysis.md,2162,242e4137c0a0259eb04545bd48dbb6dd7c5857dd83056cffece4b8238d5a26be,.md,41,GENERATED_OUTPUT,EXCLUDE,"Generated outputs, experiments, and logs are not source."
scratch/taste-skill-shared-output/.a2a-stage-design-iter1/design.json,3223,4a485427d82f488882ddacbfdce4ef3c917db1c5fd276219a65c8cf48c4a334d,.json,67,GENERATED_OUTPUT,EXCLUDE,"Generated outputs, experiments, and logs are not source."
scratch/taste-skill-shared-output/.a2a-stage-design-iter1/design.md,3008,106219ae5534366f470227e4fc673d53463255b684aef666632eb4427266d3d7,.md,45,GENERATED_OUTPUT,EXCLUDE,"Generated outputs, experiments, and logs are not source."
scratch/taste-skill-shared-output/.a2a-stage-implementation-iter1/implementation.json,848,d19cde8dc715aeac2383373a2183d3e94141be3b461edfb4d997e7e85ecd2ebc,.json,15,GENERATED_OUTPUT,EXCLUDE,"Generated outputs, experiments, and logs are not source."
scratch/taste-skill-shared-output/.a2a-stage-implementation-iter1/implementation.md,1764,976fc1553836a8d6a834e2337c7468e4cada153aa9fea4eb8fb320b947823730,.md,22,GENERATED_OUTPUT,EXCLUDE,"Generated outputs, experiments, and logs are not source."
scratch/taste-skill-shared-output/.a2a-stage-learnings-iter1/learnings.json,3285,e9254b9aa009e5f71c43ffb51613e7cf4314c9f22b61e70de8b5835806214f86,.json,38,GENERATED_OUTPUT,EXCLUDE,"Generated outputs, experiments, and logs are not source."
scratch/taste-skill-shared-output/.a2a-stage-learnings-iter1/learnings.md,5224,97137216dd45a04b0a66b3a6afa15480927cad2d0b085a2c64c65d069b4e5cf0,.md,58,GENERATED_OUTPUT,EXCLUDE,"Generated outputs, experiments, and logs are not source."
scratch/taste-skill-shared-output/.a2a-stage-review-iter1/review.json,3588,2ed576db4d8ed71e0de7d17b57fa027c9171a37537629ab92ce56f2216c789c1,.json,44,GENERATED_OUTPUT,EXCLUDE,"Generated outputs, experiments, and logs are not source."
scratch/taste-skill-shared-output/.a2a-stage-review-iter1/review.md,3976,53e2d33412633367771160c94d9ffa3a5b1ec97c88baf46660b611e5efb0d58b,.md,50,GENERATED_OUTPUT,EXCLUDE,"Generated outputs, experiments, and logs are not source."
scratch/taste-skill-shared-output/.a2a-stage-test-report-iter1/test-report.json,4594,4477ae7cc2e527a14d13c8d0d1e13ed0d126953b816179b141a35a5679d0417d,.json,73,GENERATED_OUTPUT,EXCLUDE,"Generated outputs, experiments, and logs are not source."
scratch/taste-skill-shared-output/.a2a-stage-test-report-iter1/test-report.md,7657,105aa23bd5755efb53e8ffb14de1b9a125137a7fc24134e11028c6495732094a,.md,98,GENERATED_OUTPUT,EXCLUDE,"Generated outputs, experiments, and logs are not source."
scratch/taste-skill-shared-output/.a2a/handoffs/analyze_to_design.json,2815,9b0e8eb00e386a71d41de63f87cd49415eb14892cb3cb7ba3ddbc7c1a02c3477,.json,53,GENERATED_OUTPUT,EXCLUDE,"Generated outputs, experiments, and logs are not source."
scratch/taste-skill-shared-output/.a2a/handoffs/design_to_implement.json,4058,1d4adcd52a0d26988e6927967b9de237dbb398094bcf83eed00ccb1cf4cba2e7,.json,83,GENERATED_OUTPUT,EXCLUDE,"Generated outputs, experiments, and logs are not source."
scratch/taste-skill-shared-output/.a2a/handoffs/implement_to_review.json,1439,5e053f66b2ae27448045be2c40289736defb5659c7159971dbb059dceac6842e,.json,31,GENERATED_OUTPUT,EXCLUDE,"Generated outputs, experiments, and logs are not source."
scratch/taste-skill-shared-output/.a2a/handoffs/learn_summary.json,4221,af18fb244e4d6869a5a7fc84fe89ee0171e119b6e53f4ee3cb8b9804dd25e9c7,.json,54,GENERATED_OUTPUT,EXCLUDE,"Generated outputs, experiments, and logs are not source."
scratch/taste-skill-shared-output/.a2a/handoffs/review_to_test.json,4657,1c91aefe62e869dc52e71a8fb4f2fb2341675a4dceedb06769a1c455c9346b65,.json,60,GENERATED_OUTPUT,EXCLUDE,"Generated outputs, experiments, and logs are not source."
scratch/taste-skill-shared-output/.a2a/handoffs/test_to_learn.json,5345,b49a7dd8e6aae3c5fa8991495333eb944d279a4c1cc0606f6badce981b26ed69,.json,89,GENERATED_OUTPUT,EXCLUDE,"Generated outputs, experiments, and logs are not source."
scratch/taste-skill-shared-output/.a2a/raw/analyze-output-iter1.txt,2162,242e4137c0a0259eb04545bd48dbb6dd7c5857dd83056cffece4b8238d5a26be,.txt,41,GENERATED_OUTPUT,EXCLUDE,"Generated outputs, experiments, and logs are not source."
scratch/taste-skill-shared-output/.a2a/raw/design-output-iter1.txt,3008,106219ae5534366f470227e4fc673d53463255b684aef666632eb4427266d3d7,.txt,45,GENERATED_OUTPUT,EXCLUDE,"Generated outputs, experiments, and logs are not source."
scratch/taste-skill-shared-output/.a2a/raw/implement-output-iter1.txt,1764,976fc1553836a8d6a834e2337c7468e4cada153aa9fea4eb8fb320b947823730,.txt,22,GENERATED_OUTPUT,EXCLUDE,"Generated outputs, experiments, and logs are not source."
scratch/taste-skill-shared-output/.a2a/raw/learn-output-iter1.txt,5224,97137216dd45a04b0a66b3a6afa15480927cad2d0b085a2c64c65d069b4e5cf0,.txt,58,GENERATED_OUTPUT,EXCLUDE,"Generated outputs, experiments, and logs are not source."
scratch/taste-skill-shared-output/.a2a/raw/review-output-iter1.txt,3976,53e2d33412633367771160c94d9ffa3a5b1ec97c88baf46660b611e5efb0d58b,.txt,50,GENERATED_OUTPUT,EXCLUDE,"Generated outputs, experiments, and logs are not source."
scratch/taste-skill-shared-output/.a2a/raw/test-output-iter1.txt,7657,105aa23bd5755efb53e8ffb14de1b9a125137a7fc24134e11028c6495732094a,.txt,98,GENERATED_OUTPUT,EXCLUDE,"Generated outputs, experiments, and logs are not source."
scratch/taste-skill-shared-output/analysis-1.json,1961,10ff502e96cfc909d5dbfd1e642061cd21acd56a9d64991c0828420750592dd3,.json,37,GENERATED_OUTPUT,EXCLUDE,"Generated outputs, experiments, and logs are not source."
scratch/taste-skill-shared-output/design-1.json,2996,adea585be78142010c8b250284ffc126ff2e16be22386277257c00092626bb84,.json,43,GENERATED_OUTPUT,EXCLUDE,"Generated outputs, experiments, and logs are not source."
scratch/taste-skill-shared-output/index.html,29449,16e23edaf52dc0a490562a8eebb7f0b26cca5b4fdc3f3268ed11fa5dfde2c277,.html,689,GENERATED_OUTPUT,EXCLUDE,"Generated outputs, experiments, and logs are not source."
scratch/taste-skill-shared-output/learnings-1.json,3286,ead22d745aa03128d0aeb8b0c724c5cab42db8f1e5c69080d3d93b6addbe4824,.json,38,GENERATED_OUTPUT,EXCLUDE,"Generated outputs, experiments, and logs are not source."
scratch/taste-skill-shared-output/review-1.json,3589,ec1e4a846fb6f7744a7fa9a927cb4c0b82573b7597afa7951e4245dddf8fd0f9,.json,44,GENERATED_OUTPUT,EXCLUDE,"Generated outputs, experiments, and logs are not source."
scratch/taste-skill-shared-output/run_tests.cjs,9999,e6aee34e15d901b72731bb5e252abc8a91284225e66dfc67fbd688152bf7e4c4,.cjs,291,GENERATED_OUTPUT,EXCLUDE,"Generated outputs, experiments, and logs are not source."
scratch/taste-skill-shared-output/run_tests.js,9999,e6aee34e15d901b72731bb5e252abc8a91284225e66dfc67fbd688152bf7e4c4,.js,291,GENERATED_OUTPUT,EXCLUDE,"Generated outputs, experiments, and logs are not source."
scratch/taste-skill-shared-output/test-report-1.json,4595,9ed0fc42c161a4be33843d70307bc8ace0fd16a2ee0f5fc2868459503f80f2aa,.json,73,GENERATED_OUTPUT,EXCLUDE,"Generated outputs, experiments, and logs are not source."
scratch/taste-skill-shared-output/test_report.json,2626,d03c4b2297c0ebeadd3ad01cf8186f9ad7435548c5634e9a45c73dbcf4ad4bcc,.json,73,GENERATED_OUTPUT,EXCLUDE,"Generated outputs, experiments, and logs are not source."
scratch/test-regex.js,1116,74902b611563164a2f68f9f705ac55536cc7118339cf9d525a690a92aeb111e1,.js,26,GENERATED_OUTPUT,EXCLUDE,"Generated outputs, experiments, and logs are not source."
scratch/test_browse.ps1,2326,20735bfffe30ca95a7e5e7a0d0038ee5ad035dad595eee5f1a1052b2a0e875ce,.ps1,69,GENERATED_OUTPUT,EXCLUDE,"Generated outputs, experiments, and logs are not source."
scratch/verify-repair.js,3689,de5990d27355a09ccdf86359e37a87bd6f509c98560f90e362f393c6193c8b67,.js,98,GENERATED_OUTPUT,EXCLUDE,"Generated outputs, experiments, and logs are not source."
scratch/write-test.json,16,c3a4ad9c0f3106622e2e2075778e36d6a33b8bd1ef979fcd29aeacb6e6d28518,.json,3,GENERATED_OUTPUT,EXCLUDE,"Generated outputs, experiments, and logs are not source."
shared/constants.mjs,6555,bef28d888c1881fd842c78b0ead1f4e3699086783cbe4d3191856d44fab4e105,.mjs,236,LEGACY_SHARED_CORE,REENGINEER,Path/file/hash utilities are reimplemented in the plugin with workspace containment and atomic writes.
shared/file-utils.mjs,14760,395fce6fb62794d5dbcf1162aacbdb61f6172c0eb2ee6b42943f0d44b7ecbf28,.mjs,475,LEGACY_SHARED_CORE,REENGINEER,Path/file/hash utilities are reimplemented in the plugin with workspace containment and atomic writes.
shared/file-utils.mjs.bak-20260712-093316,11372,2bbabb352010e82aae3e663a6258e8ce9ee8c66d45c5ab01629f4eb2b01a9b59,.bak-20260712-093316,366,BACKUP_COPY,EXCLUDE,Backup/corrupt copies are inventoried but excluded from active package.
shared/logger.mjs,6938,137118d2bd753c7782987891258808e87be46c3d82d25b12a7369c22fefbb212,.mjs,276,LEGACY_SHARED_CORE,REENGINEER,Path/file/hash utilities are reimplemented in the plugin with workspace containment and atomic writes.
shared/path-utils.mjs,1258,dfcf0985fa478f9f494cf9df0763c8b4c35c3a418a5e7eb4e7bf1d5a0207d0e1,.mjs,41,LEGACY_SHARED_CORE,REENGINEER,Path/file/hash utilities are reimplemented in the plugin with workspace containment and atomic writes.
start.bat,449,9467f2199339f37bb2925797392629d4ada223c51fdd77200eba0e7f5b341e09,.bat,14,OTHER_PROJECT_FILE,REVIEWED_EXCLUDE_OR_REPLACED,Accounted for in audit and omitted unless required by the new marketplace plugin.
tests/codex-runtime-capabilities.test.mjs,8545,5481f5fd76223a355ba76acc3991c92af6127f7cc1a951308e70dbddf1af7126,.mjs,136,LEGACY_TEST,MAP_AND_REPLACE,Original behavior is audited; plugin-specific cross-platform tests replace CLI/local-cache assumptions.
tests/codex-session-stream.test.mjs,5385,5128b8f9dfe282d85b477aed39f2a7d95fe39a1801f4ea20be36ed661e4c0d80,.mjs,136,LEGACY_TEST,MAP_AND_REPLACE,Original behavior is audited; plugin-specific cross-platform tests replace CLI/local-cache assumptions.
tests/icon-source-policy.test.mjs,1787,03af24e97b3f7907eec784b7b6554f3785b85aaac0ce33cd7e2db7d0bea52f6e,.mjs,46,LEGACY_TEST,MAP_AND_REPLACE,Original behavior is audited; plugin-specific cross-platform tests replace CLI/local-cache assumptions.
tests/instruction-coverage.test.mjs,867,8ded4c7ea4b97e795401b65fea1630d0773ac844bcad2963c5677f5fde45530b,.mjs,25,LEGACY_TEST,MAP_AND_REPLACE,Original behavior is audited; plugin-specific cross-platform tests replace CLI/local-cache assumptions.
tests/repair-strategy.test.mjs,4462,d48446c99b0caf8f4702bb65ec041115660319c2b5153fd6dc23ed8805c70a5e,.mjs,83,LEGACY_TEST,MAP_AND_REPLACE,Original behavior is audited; plugin-specific cross-platform tests replace CLI/local-cache assumptions.
tests/state-recovery-checkpoint.test.mjs,2288,8d4938b1a1f2da54626ef3b0eba497ec3e0d5bc6141e780610570513047979c0,.mjs,58,LEGACY_TEST,MAP_AND_REPLACE,Original behavior is audited; plugin-specific cross-platform tests replace CLI/local-cache assumptions.
tests/tasklist-protocol.test.mjs,10997,700950a0f3cbb6c018186f7fba1438b0fa926f21cc177a6f9a78bb45df28b5a4,.mjs,278,LEGACY_TEST,MAP_AND_REPLACE,Original behavior is audited; plugin-specific cross-platform tests replace CLI/local-cache assumptions.
tests/tasklist-revision.test.mjs,11653,f926b58eabd00de7d524758f7cee614ebff4b575be64796671669e2e82107fc8,.mjs,203,LEGACY_TEST,MAP_AND_REPLACE,Original behavior is audited; plugin-specific cross-platform tests replace CLI/local-cache assumptions.
tests/visual-page-structure.test.mjs,5308,e880f58eee83e58e2200ec2e3ce22df51bd5fc4df7d22cee5dbf5fe7789dc7fc,.mjs,115,LEGACY_TEST,MAP_AND_REPLACE,Original behavior is audited; plugin-specific cross-platform tests replace CLI/local-cache assumptions.
tests/web-research.test.mjs,1674,a3d26eb33dbcec81eebccd3f96440e260540aa59e82b40a0affcf26834622dc5,.mjs,38,LEGACY_TEST,MAP_AND_REPLACE,Original behavior is audited; plugin-specific cross-platform tests replace CLI/local-cache assumptions.
tests/workload-delegation.test.mjs,5426,a85cdf66d377b26ad2692d1360a39800f1d4f325465b17ed844c904d4937b5e1,.mjs,135,LEGACY_TEST,MAP_AND_REPLACE,Original behavior is audited; plugin-specific cross-platform tests replace CLI/local-cache assumptions.
